create role azure_pg_admin;
create role codebras;
--
-- PostgreSQL database dump
--

-- Dumped from database version 15.4
-- Dumped by pg_dump version 16.0 (Debian 16.0-1.pgdg120+1)

SET statement_timeout = 0;
SET lock_timeout = 0;
SET idle_in_transaction_session_timeout = 0;
SET client_encoding = 'UTF8';
SET standard_conforming_strings = on;
SELECT pg_catalog.set_config('search_path', '', false);
SET check_function_bodies = false;
SET xmloption = content;
SET client_min_messages = warning;
SET row_security = off;

--
-- Name: public; Type: SCHEMA; Schema: -; Owner: azure_pg_admin
--

--CREATE SCHEMA public;


ALTER SCHEMA public OWNER TO azure_pg_admin;

--
-- Name: SCHEMA public; Type: COMMENT; Schema: -; Owner: azure_pg_admin
--

COMMENT ON SCHEMA public IS 'standard public schema';


--
-- Name: makepurchase(); Type: PROCEDURE; Schema: public; Owner: codebras
--

CREATE PROCEDURE public.makepurchase()
    LANGUAGE plpgsql
    AS $$
	declare
		customerId int = (select c.id from customer c order by random() limit 1);
		employeeId int = (select e.id from employee e order by random() limit 1);
		items int[] = (select array(select i.id from inventory i where i.is_purchased = false order by random() limit (floor(random()*5)+1)));
		purchaseId int;
	begin 
		insert into purchase (customer_id, employee_id, purchase_date) 
		values (customerId, employeeId, current_date)
		returning id into purchaseId;

		insert into purchase_item (purchase_id, inventory_id, final_price) 
		select purchaseId, i.id, it.sell_price 
		from inventory i 
		join item it on (it.id = i.item_id)
		where i.id = any (items);
	
		update inventory set is_purchased = true where id = any (items);
	end;
$$;


ALTER PROCEDURE public.makepurchase() OWNER TO codebras;

--
-- Name: makerental(); Type: PROCEDURE; Schema: public; Owner: codebras
--

CREATE PROCEDURE public.makerental()
    LANGUAGE plpgsql
    AS $$
	declare
		customerId int = (select c.id from customer c order by random() limit 1);
		employeeId int = (select e.id from employee e order by random() limit 1);
		rentalId int;
		dateChosen date = (select (timestamp '2021-01-01' + (random() * (timestamp '2023-10-20' - timestamp '2021-01-01'))::interval)::date);
		items int[] = (select array(select i.id from inventory i where i.is_rentable = true order by random() limit (floor(random()*5)+1)));
	begin 
		insert into rental (rental_date, customer_id, employee_id) 
		values (dateChosen, customerId, employeeId)
		returning id into rentalId;

		insert into item_rental (rental_id, inventory_id, final_rental_price, out_condition, return_date)
		select rentalId, i.id , it.suggested_rental_price , concat('This is in a(n) ', s.status_name, ' state.'), dateChosen
		from inventory i
		join item it on (it.id = i.item_id)
		join status s on (s.id = i.status_id) 
		where i.id = any (items);	

		
	end;
$$;


ALTER PROCEDURE public.makerental() OWNER TO codebras;

--
-- Name: makereview(); Type: PROCEDURE; Schema: public; Owner: codebras
--

CREATE PROCEDURE public.makereview()
    LANGUAGE plpgsql
    AS $$
	begin
		insert into review (item_id, customer_id, review_date, review_text, rating)
		select 
		a.item_id
		,a.id 
		,a.rental_date
		,concat('I am reviewing the product. It looked like an item and worked like one too')
		,floor(random()*5+1)::int 
		from 
		(select
		ir.item_id
		,c.id 
		,r.rental_date + 5 as rental_date
		from customer c
		join rental r ON (r.customer_id = c.id) 
		join item_rental ir on (ir.rental_id = r.id)
		join item i on (i.id = ir.item_id)
		order by random()
		limit 1) as a;
	end;
$$;


ALTER PROCEDURE public.makereview() OWNER TO codebras;

SET default_tablespace = '';

SET default_table_access_method = heap;

--
-- Name: AspNetRoleClaims; Type: TABLE; Schema: public; Owner: codebras
--

CREATE TABLE public."AspNetRoleClaims" (
    "Id" integer NOT NULL,
    "RoleId" text NOT NULL,
    "ClaimType" text,
    "ClaimValue" text
);


ALTER TABLE public."AspNetRoleClaims" OWNER TO codebras;

--
-- Name: AspNetRoleClaims_Id_seq; Type: SEQUENCE; Schema: public; Owner: codebras
--

ALTER TABLE public."AspNetRoleClaims" ALTER COLUMN "Id" ADD GENERATED BY DEFAULT AS IDENTITY (
    SEQUENCE NAME public."AspNetRoleClaims_Id_seq"
    START WITH 1
    INCREMENT BY 1
    NO MINVALUE
    NO MAXVALUE
    CACHE 1
);


--
-- Name: AspNetRoles; Type: TABLE; Schema: public; Owner: codebras
--

CREATE TABLE public."AspNetRoles" (
    "Id" text NOT NULL,
    "Name" character varying(256),
    "NormalizedName" character varying(256),
    "ConcurrencyStamp" text
);


ALTER TABLE public."AspNetRoles" OWNER TO codebras;

--
-- Name: AspNetUserClaims; Type: TABLE; Schema: public; Owner: codebras
--

CREATE TABLE public."AspNetUserClaims" (
    "Id" integer NOT NULL,
    "UserId" text NOT NULL,
    "ClaimType" text,
    "ClaimValue" text
);


ALTER TABLE public."AspNetUserClaims" OWNER TO codebras;

--
-- Name: AspNetUserClaims_Id_seq; Type: SEQUENCE; Schema: public; Owner: codebras
--

ALTER TABLE public."AspNetUserClaims" ALTER COLUMN "Id" ADD GENERATED BY DEFAULT AS IDENTITY (
    SEQUENCE NAME public."AspNetUserClaims_Id_seq"
    START WITH 1
    INCREMENT BY 1
    NO MINVALUE
    NO MAXVALUE
    CACHE 1
);


--
-- Name: AspNetUserLogins; Type: TABLE; Schema: public; Owner: codebras
--

CREATE TABLE public."AspNetUserLogins" (
    "LoginProvider" text NOT NULL,
    "ProviderKey" text NOT NULL,
    "ProviderDisplayName" text,
    "UserId" text NOT NULL
);


ALTER TABLE public."AspNetUserLogins" OWNER TO codebras;

--
-- Name: AspNetUserRoles; Type: TABLE; Schema: public; Owner: codebras
--

CREATE TABLE public."AspNetUserRoles" (
    "UserId" text NOT NULL,
    "RoleId" text NOT NULL
);


ALTER TABLE public."AspNetUserRoles" OWNER TO codebras;

--
-- Name: AspNetUserTokens; Type: TABLE; Schema: public; Owner: codebras
--

CREATE TABLE public."AspNetUserTokens" (
    "UserId" text NOT NULL,
    "LoginProvider" text NOT NULL,
    "Name" text NOT NULL,
    "Value" text
);


ALTER TABLE public."AspNetUserTokens" OWNER TO codebras;

--
-- Name: AspNetUsers; Type: TABLE; Schema: public; Owner: codebras
--

CREATE TABLE public."AspNetUsers" (
    "Id" text NOT NULL,
    "UserName" character varying(256),
    "NormalizedUserName" character varying(256),
    "Email" character varying(256),
    "NormalizedEmail" character varying(256),
    "EmailConfirmed" boolean NOT NULL,
    "PasswordHash" text,
    "SecurityStamp" text,
    "ConcurrencyStamp" text,
    "PhoneNumber" text,
    "PhoneNumberConfirmed" boolean NOT NULL,
    "TwoFactorEnabled" boolean NOT NULL,
    "LockoutEnd" timestamp with time zone,
    "LockoutEnabled" boolean NOT NULL,
    "AccessFailedCount" integer NOT NULL
);


ALTER TABLE public."AspNetUsers" OWNER TO codebras;

--
-- Name: __EFMigrationsHistory; Type: TABLE; Schema: public; Owner: codebras
--

CREATE TABLE public."__EFMigrationsHistory" (
    "MigrationId" character varying(150) NOT NULL,
    "ProductVersion" character varying(32) NOT NULL
);


ALTER TABLE public."__EFMigrationsHistory" OWNER TO codebras;

--
-- Name: brand; Type: TABLE; Schema: public; Owner: codebras
--

CREATE TABLE public.brand (
    id integer NOT NULL,
    brand_name character varying(50),
    brand_description text
);


ALTER TABLE public.brand OWNER TO codebras;

--
-- Name: brand_id_seq; Type: SEQUENCE; Schema: public; Owner: codebras
--

ALTER TABLE public.brand ALTER COLUMN id ADD GENERATED BY DEFAULT AS IDENTITY (
    SEQUENCE NAME public.brand_id_seq
    START WITH 1
    INCREMENT BY 1
    NO MINVALUE
    NO MAXVALUE
    CACHE 1
);


--
-- Name: cart_items; Type: TABLE; Schema: public; Owner: codebras
--

CREATE TABLE public.cart_items (
    id integer NOT NULL,
    customer_id integer,
    inventory_id integer
);


ALTER TABLE public.cart_items OWNER TO codebras;

--
-- Name: cart_items_id_seq; Type: SEQUENCE; Schema: public; Owner: codebras
--

ALTER TABLE public.cart_items ALTER COLUMN id ADD GENERATED BY DEFAULT AS IDENTITY (
    SEQUENCE NAME public.cart_items_id_seq
    START WITH 1
    INCREMENT BY 1
    NO MINVALUE
    NO MAXVALUE
    CACHE 1
);


--
-- Name: category; Type: TABLE; Schema: public; Owner: codebras
--

CREATE TABLE public.category (
    id integer NOT NULL,
    category_name character varying(30),
    description text
);


ALTER TABLE public.category OWNER TO codebras;

--
-- Name: category_id_seq; Type: SEQUENCE; Schema: public; Owner: codebras
--

ALTER TABLE public.category ALTER COLUMN id ADD GENERATED BY DEFAULT AS IDENTITY (
    SEQUENCE NAME public.category_id_seq
    START WITH 1
    INCREMENT BY 1
    NO MINVALUE
    NO MAXVALUE
    CACHE 1
);


--
-- Name: customer; Type: TABLE; Schema: public; Owner: codebras
--

CREATE TABLE public.customer (
    id integer NOT NULL,
    first_name character varying(50),
    last_name character varying(50),
    email character varying(320),
    address character varying(300),
    phone_number character varying(20),
    reward_points integer
);


ALTER TABLE public.customer OWNER TO codebras;

--
-- Name: customer_id_seq; Type: SEQUENCE; Schema: public; Owner: codebras
--

ALTER TABLE public.customer ALTER COLUMN id ADD GENERATED BY DEFAULT AS IDENTITY (
    SEQUENCE NAME public.customer_id_seq
    START WITH 1
    INCREMENT BY 1
    NO MINVALUE
    NO MAXVALUE
    CACHE 1
);


--
-- Name: employee; Type: TABLE; Schema: public; Owner: codebras
--

CREATE TABLE public.employee (
    id integer NOT NULL,
    first_name character varying(50),
    last_name character varying(50),
    email character varying(320),
    phone_number character varying(20),
    address character varying(300),
    manager_id integer
);


ALTER TABLE public.employee OWNER TO codebras;

--
-- Name: employee_id_seq; Type: SEQUENCE; Schema: public; Owner: codebras
--

ALTER TABLE public.employee ALTER COLUMN id ADD GENERATED BY DEFAULT AS IDENTITY (
    SEQUENCE NAME public.employee_id_seq
    START WITH 1
    INCREMENT BY 1
    NO MINVALUE
    NO MAXVALUE
    CACHE 1
);


--
-- Name: inventory; Type: TABLE; Schema: public; Owner: codebras
--

CREATE TABLE public.inventory (
    id integer NOT NULL,
    item_id integer,
    status_id integer,
    is_rentable boolean,
    is_purchased boolean
);


ALTER TABLE public.inventory OWNER TO codebras;

--
-- Name: item; Type: TABLE; Schema: public; Owner: codebras
--

CREATE TABLE public.item (
    id integer NOT NULL,
    item_name character varying(100),
    description text,
    serial_number character varying(50),
    sell_price money,
    suggested_rental_price money,
    brand_id integer
);


ALTER TABLE public.item OWNER TO codebras;

--
-- Name: item_category; Type: TABLE; Schema: public; Owner: codebras
--

CREATE TABLE public.item_category (
    id integer NOT NULL,
    item_id integer,
    category_id integer
);


ALTER TABLE public.item_category OWNER TO codebras;

--
-- Name: item_category_id_seq; Type: SEQUENCE; Schema: public; Owner: codebras
--

ALTER TABLE public.item_category ALTER COLUMN id ADD GENERATED BY DEFAULT AS IDENTITY (
    SEQUENCE NAME public.item_category_id_seq
    START WITH 1
    INCREMENT BY 1
    NO MINVALUE
    NO MAXVALUE
    CACHE 1
);


--
-- Name: item_id_seq; Type: SEQUENCE; Schema: public; Owner: codebras
--

ALTER TABLE public.item ALTER COLUMN id ADD GENERATED BY DEFAULT AS IDENTITY (
    SEQUENCE NAME public.item_id_seq
    START WITH 1
    INCREMENT BY 1
    NO MINVALUE
    NO MAXVALUE
    CACHE 1
);


--
-- Name: item_image; Type: TABLE; Schema: public; Owner: codebras
--

CREATE TABLE public.item_image (
    id integer NOT NULL,
    item_id integer,
    filepath text,
    is_primary boolean
);


ALTER TABLE public.item_image OWNER TO codebras;

--
-- Name: item_image_id_seq; Type: SEQUENCE; Schema: public; Owner: codebras
--

ALTER TABLE public.item_image ALTER COLUMN id ADD GENERATED BY DEFAULT AS IDENTITY (
    SEQUENCE NAME public.item_image_id_seq
    START WITH 1
    INCREMENT BY 1
    NO MINVALUE
    NO MAXVALUE
    CACHE 1
);


--
-- Name: item_rental; Type: TABLE; Schema: public; Owner: codebras
--

CREATE TABLE public.item_rental (
    id integer NOT NULL,
    rental_id integer,
    inventory_id integer,
    final_rental_price money,
    out_condition text,
    return_date timestamp without time zone
);


ALTER TABLE public.item_rental OWNER TO codebras;

--
-- Name: item_rental_id_seq; Type: SEQUENCE; Schema: public; Owner: codebras
--

ALTER TABLE public.item_rental ALTER COLUMN id ADD GENERATED BY DEFAULT AS IDENTITY (
    SEQUENCE NAME public.item_rental_id_seq
    START WITH 1
    INCREMENT BY 1
    NO MINVALUE
    NO MAXVALUE
    CACHE 1
);


--
-- Name: item_status_id_seq; Type: SEQUENCE; Schema: public; Owner: codebras
--

ALTER TABLE public.inventory ALTER COLUMN id ADD GENERATED BY DEFAULT AS IDENTITY (
    SEQUENCE NAME public.item_status_id_seq
    START WITH 1
    INCREMENT BY 1
    NO MINVALUE
    NO MAXVALUE
    CACHE 1
);


--
-- Name: purchase; Type: TABLE; Schema: public; Owner: codebras
--

CREATE TABLE public.purchase (
    id integer NOT NULL,
    customer_id integer,
    employee_id integer,
    purchase_date date
);


ALTER TABLE public.purchase OWNER TO codebras;

--
-- Name: purchase_id_seq; Type: SEQUENCE; Schema: public; Owner: codebras
--

ALTER TABLE public.purchase ALTER COLUMN id ADD GENERATED BY DEFAULT AS IDENTITY (
    SEQUENCE NAME public.purchase_id_seq
    START WITH 1
    INCREMENT BY 1
    NO MINVALUE
    NO MAXVALUE
    CACHE 1
);


--
-- Name: purchase_item; Type: TABLE; Schema: public; Owner: codebras
--

CREATE TABLE public.purchase_item (
    id integer NOT NULL,
    purchase_id integer,
    inventory_id integer,
    final_price money
);


ALTER TABLE public.purchase_item OWNER TO codebras;

--
-- Name: purchase_item_id_seq; Type: SEQUENCE; Schema: public; Owner: codebras
--

ALTER TABLE public.purchase_item ALTER COLUMN id ADD GENERATED BY DEFAULT AS IDENTITY (
    SEQUENCE NAME public.purchase_item_id_seq
    START WITH 1
    INCREMENT BY 1
    NO MINVALUE
    NO MAXVALUE
    CACHE 1
);


--
-- Name: rental; Type: TABLE; Schema: public; Owner: codebras
--

CREATE TABLE public.rental (
    id integer NOT NULL,
    rental_date date,
    customer_id integer,
    employee_id integer
);


ALTER TABLE public.rental OWNER TO codebras;

--
-- Name: rental_id_seq; Type: SEQUENCE; Schema: public; Owner: codebras
--

ALTER TABLE public.rental ALTER COLUMN id ADD GENERATED BY DEFAULT AS IDENTITY (
    SEQUENCE NAME public.rental_id_seq
    START WITH 1
    INCREMENT BY 1
    NO MINVALUE
    NO MAXVALUE
    CACHE 1
);


--
-- Name: review; Type: TABLE; Schema: public; Owner: codebras
--

CREATE TABLE public.review (
    id integer NOT NULL,
    item_id integer,
    customer_id integer,
    review_date date,
    review_text text,
    rating integer
);


ALTER TABLE public.review OWNER TO codebras;

--
-- Name: review_id_seq; Type: SEQUENCE; Schema: public; Owner: codebras
--

ALTER TABLE public.review ALTER COLUMN id ADD GENERATED BY DEFAULT AS IDENTITY (
    SEQUENCE NAME public.review_id_seq
    START WITH 1
    INCREMENT BY 1
    NO MINVALUE
    NO MAXVALUE
    CACHE 1
);


--
-- Name: room; Type: TABLE; Schema: public; Owner: codebras
--

CREATE TABLE public.room (
    id integer NOT NULL,
    room_name character varying(100),
    max_capacity integer,
    room_type_id integer
);


ALTER TABLE public.room OWNER TO codebras;

--
-- Name: room_id_seq; Type: SEQUENCE; Schema: public; Owner: codebras
--

ALTER TABLE public.room ALTER COLUMN id ADD GENERATED BY DEFAULT AS IDENTITY (
    SEQUENCE NAME public.room_id_seq
    START WITH 1
    INCREMENT BY 1
    NO MINVALUE
    NO MAXVALUE
    CACHE 1
);


--
-- Name: room_rental; Type: TABLE; Schema: public; Owner: codebras
--

CREATE TABLE public.room_rental (
    id integer NOT NULL,
    rental_id integer,
    room_id integer,
    actual_price money,
    start_time timestamp without time zone,
    end_time timestamp without time zone
);


ALTER TABLE public.room_rental OWNER TO codebras;

--
-- Name: room_rental_id_seq; Type: SEQUENCE; Schema: public; Owner: codebras
--

ALTER TABLE public.room_rental ALTER COLUMN id ADD GENERATED BY DEFAULT AS IDENTITY (
    SEQUENCE NAME public.room_rental_id_seq
    START WITH 1
    INCREMENT BY 1
    NO MINVALUE
    NO MAXVALUE
    CACHE 1
);


--
-- Name: room_type; Type: TABLE; Schema: public; Owner: codebras
--

CREATE TABLE public.room_type (
    id integer NOT NULL,
    room_type_name character varying(50),
    base_price money
);


ALTER TABLE public.room_type OWNER TO codebras;

--
-- Name: room_type_id_seq; Type: SEQUENCE; Schema: public; Owner: codebras
--

ALTER TABLE public.room_type ALTER COLUMN id ADD GENERATED BY DEFAULT AS IDENTITY (
    SEQUENCE NAME public.room_type_id_seq
    START WITH 1
    INCREMENT BY 1
    NO MINVALUE
    NO MAXVALUE
    CACHE 1
);


--
-- Name: status; Type: TABLE; Schema: public; Owner: codebras
--

CREATE TABLE public.status (
    id integer NOT NULL,
    status_name character varying(100)
);


ALTER TABLE public.status OWNER TO codebras;

--
-- Name: status_id_seq; Type: SEQUENCE; Schema: public; Owner: codebras
--

ALTER TABLE public.status ALTER COLUMN id ADD GENERATED BY DEFAULT AS IDENTITY (
    SEQUENCE NAME public.status_id_seq
    START WITH 1
    INCREMENT BY 1
    NO MINVALUE
    NO MAXVALUE
    CACHE 1
);


--
-- Data for Name: AspNetRoleClaims; Type: TABLE DATA; Schema: public; Owner: codebras
--

COPY public."AspNetRoleClaims" ("Id", "RoleId", "ClaimType", "ClaimValue") FROM stdin;
\.


--
-- Data for Name: AspNetRoles; Type: TABLE DATA; Schema: public; Owner: codebras
--

COPY public."AspNetRoles" ("Id", "Name", "NormalizedName", "ConcurrencyStamp") FROM stdin;
4e5accc7-be88-49cd-8fa4-67911526fed5	admins	ADMINS	\N
\.


--
-- Data for Name: AspNetUserClaims; Type: TABLE DATA; Schema: public; Owner: codebras
--

COPY public."AspNetUserClaims" ("Id", "UserId", "ClaimType", "ClaimValue") FROM stdin;
\.


--
-- Data for Name: AspNetUserLogins; Type: TABLE DATA; Schema: public; Owner: codebras
--

COPY public."AspNetUserLogins" ("LoginProvider", "ProviderKey", "ProviderDisplayName", "UserId") FROM stdin;
Google	101922167934449816481	Google	4a47af8c-1d5a-4e55-ba35-2f8e4e9ade84
Google	113295345736006484475	Google	2f41e490-ad93-4031-9989-0aec5dbf185b
Google	111909584822301974246	Google	31c66ec5-444e-48ce-b983-398ec024e69f
Google	116464480609502740936	Google	e17a5720-a13c-4102-b7a3-14e86d481440
\.


--
-- Data for Name: AspNetUserRoles; Type: TABLE DATA; Schema: public; Owner: codebras
--

COPY public."AspNetUserRoles" ("UserId", "RoleId") FROM stdin;
c3e60acd-4ac9-40b2-bbc3-78f12f19fdcd	4e5accc7-be88-49cd-8fa4-67911526fed5
\.


--
-- Data for Name: AspNetUserTokens; Type: TABLE DATA; Schema: public; Owner: codebras
--

COPY public."AspNetUserTokens" ("UserId", "LoginProvider", "Name", "Value") FROM stdin;
\.


--
-- Data for Name: AspNetUsers; Type: TABLE DATA; Schema: public; Owner: codebras
--

COPY public."AspNetUsers" ("Id", "UserName", "NormalizedUserName", "Email", "NormalizedEmail", "EmailConfirmed", "PasswordHash", "SecurityStamp", "ConcurrencyStamp", "PhoneNumber", "PhoneNumberConfirmed", "TwoFactorEnabled", "LockoutEnd", "LockoutEnabled", "AccessFailedCount") FROM stdin;
c3e60acd-4ac9-40b2-bbc3-78f12f19fdcd	admin@snow.edu	ADMIN@SNOW.EDU	admin@snow.edu	ADMIN@SNOW.EDU	t	AQAAAAIAAYagAAAAEF5DQ8gHrIC7etad2OsVErk98r/WiJwUNbrma+hJZdDs4t/qiGKxRbwCpTC7gDoEGQ==	AUTOX5NU4CXESJX76FEBRGWKWKFH2YNM	bd71cd61-8978-434f-8865-a96f073eabf2	\N	f	f	\N	t	0
356da52f-7a39-4573-987c-8b0ec0c8dcc6	asasdasd@gmail.com	ASASDASD@GMAIL.COM	asasdasd@gmail.com	ASASDASD@GMAIL.COM	t	AQAAAAIAAYagAAAAELCWNtSt3baDoZa6Tj+vjatLVbv6wwzYSkHe9QAuK/S3mEzxVivSti9M03m/CZNLAQ==	4VC2ADKB4ORN7CQSBSBKCV2F23QZAQZU	b751524c-5591-4871-a6cc-c5128b928a33	\N	f	f	\N	t	0
4a47af8c-1d5a-4e55-ba35-2f8e4e9ade84	shustydaw@gmail.com	SHUSTYDAW@GMAIL.COM	shustydaw@gmail.com	SHUSTYDAW@GMAIL.COM	t	\N	4IIMYYNAGLWQGUG7SHF2ECMRXW5VDV4A	913f1937-dc08-4d19-81ea-fbd8b107d53e	\N	f	f	\N	t	0
2f41e490-ad93-4031-9989-0aec5dbf185b	codebras2023@gmail.com	CODEBRAS2023@GMAIL.COM	codebras2023@gmail.com	CODEBRAS2023@GMAIL.COM	t	\N	VIIWNC4GWVIXEGAB6OLSOSDKLBJJUK4H	7d049dcd-5685-41d3-af3a-4bb21dcfbed2	\N	f	f	\N	t	0
82cdb4bb-09d6-476a-8a26-a6239bd08719	sad@gmail.com	SAD@GMAIL.COM	sad@gmail.com	SAD@GMAIL.COM	t	AQAAAAIAAYagAAAAEKD7qXtHpiRtd3rJR0EcWJuCIQ7QZreSwARgxwNrwVO/WrClog4WjKt3uG0YzxWriQ==	IYNW2HGPZ2WEBLLOVH7WERZV54RHGCMX	25c29a53-cef3-4d3b-a960-c90f40075be6	\N	f	f	\N	t	0
31c66ec5-444e-48ce-b983-398ec024e69f	parkerswenson00@gmail.com	PARKERSWENSON00@GMAIL.COM	parkerswenson00@gmail.com	PARKERSWENSON00@GMAIL.COM	t	\N	OUGTKSVM6DNQBXP4KZHTQPBR2RYCXZQ6	1f25fc55-50b8-43f8-977a-21f07bde8159	\N	f	f	\N	t	0
d748403b-6625-4597-aafa-cc9ec7fbfd5f	customer1@gmail.com	CUSTOMER1@GMAIL.COM	customer1@gmail.com	CUSTOMER1@GMAIL.COM	t	AQAAAAIAAYagAAAAEPpUFqNUG8XXVUXMCuJXC/KkyJA9FzIc7CMx2M651ZpZCMSSX+8EkHmu2tShKHKfoQ==	UAMQCEQ5ZRP7A7G6XBGIVA6OVXRKOCA6	444608d2-0118-4515-a8af-1f0b4c9cdf15	\N	f	f	\N	t	0
b1853361-1480-45d4-815e-86ea53f534ce	dummy@gmail.com	DUMMY@GMAIL.COM	dummy@gmail.com	DUMMY@GMAIL.COM	t	AQAAAAIAAYagAAAAEI8mryK4QsmclMqlIrjRzc4L13vnsF9iIUBU8HBxRClYnbRQGr4ZUW1s0wThJmP4KQ==	KTEULR7VHLACHVK4HK3I7YEBIXCY7BMY	2f725b5d-ae5d-4c44-91f6-60adcec6598f	\N	f	f	\N	t	0
ee625009-b207-4597-90b1-0deecde6dca5	durrr@gmail.com	DURRR@GMAIL.COM	durrr@gmail.com	DURRR@GMAIL.COM	t	AQAAAAIAAYagAAAAEDJt0UhbplRVcbew8rGYxjS8w0kdFh4SChM32ENMBJlCffhr3M9J6LWLV7do1E9NkQ==	MGEAWIC3HWXWWFEIW5L3UWPL6J37K2QL	ff36619f-2769-4888-ba02-00f98b071598	\N	f	f	\N	t	0
d2d81b4f-08ad-4f97-b893-4cdc3350ccdf	duurr@gmail.com	DUURR@GMAIL.COM	duurr@gmail.com	DUURR@GMAIL.COM	t	AQAAAAIAAYagAAAAEMbZfL5BRIKQBzV9IIaAJ7CASyd19zo6YHDv4UcrnWJOiU4LVq/jr2MvuV0WrIpDog==	42STFAYQICA26G6RA2EVL6AYGDGWOY5U	053f975e-0baa-447e-8e4c-a553a97e6a2c	\N	f	f	\N	t	0
64e8b1ec-cab8-40dd-9dc1-f779c8a8e0f3	asdasds@gmail.com	ASDASDS@GMAIL.COM	asdasds@gmail.com	ASDASDS@GMAIL.COM	t	AQAAAAIAAYagAAAAECqMKHGTOikKu+sxlALgoLRS6nyPW8ToqHahRGOagwPJeBriMoGaj/HYdH8JB3hd1g==	QVA22CIWWFIO4FX3R4KNJF4GFRV533PJ	2c779e0d-d2c2-4790-918f-cb25aa759093	\N	f	f	\N	t	0
16b89048-5fa1-47ba-bf22-86a739c56c83	fsdfsdf@gmail.com	FSDFSDF@GMAIL.COM	fsdfsdf@gmail.com	FSDFSDF@GMAIL.COM	t	AQAAAAIAAYagAAAAEMiEbZQIUTOau6hiMjQxVkVP1OUVvWjFSFjHwbdaNDVlJnez/4o/cAbxDqFLcy7WDg==	IIUF555PKW26QRFDBY4U5MGSX7NO7O5C	6949e529-ae8e-41c9-9766-d2df5792fd5a	\N	f	f	\N	t	0
9cdd4d12-e603-4787-b315-492503f9632d	dsfsdfdf@gmail.com	DSFSDFDF@GMAIL.COM	dsfsdfdf@gmail.com	DSFSDFDF@GMAIL.COM	t	AQAAAAIAAYagAAAAEL4lN5nibLCCj79rYQutpW89oHRzdjBAiSMvYEjMcsMn/tqI5OqWzGJzjmZZ18Vfag==	AQETHB7R7JFJCE2MITD5IWNNHA2L4BXN	7d8b84f7-e106-45ef-8468-c78957f020a6	\N	f	f	\N	t	0
28e6dc2e-0a02-41db-b048-25ba52b4a0de	asdasdas@gmail.com	ASDASDAS@GMAIL.COM	asdasdas@gmail.com	ASDASDAS@GMAIL.COM	t	AQAAAAIAAYagAAAAEHzHgyBpnssPFUxUs2ABIRK7JPfWd8L7ISVmVDdpf+Bauag+jbZQoDyfGKPcMDPRQA==	LMAMLJUICZKNQDETNPICYGD2SBE2RSEA	d3f94397-4718-4335-a1aa-4a7ca6ad8b47	\N	f	f	\N	t	0
7fc6b863-675d-405d-8f25-02e8783a3db4	asdasdsdad@gmail.com	ASDASDSDAD@GMAIL.COM	asdasdsdad@gmail.com	ASDASDSDAD@GMAIL.COM	t	AQAAAAIAAYagAAAAEPC7pCbAb12lopt9Xtl5UrZ1bI0mTW9t6teHimftWCusIy9/9+mgQQUyOCQ4tz4g/Q==	DATNG4D35XNRK5MIJI5RRALD3OYXLQUV	becdfe27-65c7-4970-86f7-a059451e6446	\N	f	f	\N	t	0
e17a5720-a13c-4102-b7a3-14e86d481440	therealikerr@gmail.com	THEREALIKERR@GMAIL.COM	therealikerr@gmail.com	THEREALIKERR@GMAIL.COM	t	\N	VZ7BUPFV2HMWINZLDQLCQ4K6CVJ3XEH2	0ce80730-764c-4c24-8a29-ffec6be006ef	\N	f	f	\N	t	0
1f02c683-6084-4abf-bf44-27fd69412e31	sdfsdfsdf@gmail.com	SDFSDFSDF@GMAIL.COM	sdfsdfsdf@gmail.com	SDFSDFSDF@GMAIL.COM	t	AQAAAAIAAYagAAAAEIXb2Bb3PRIByerm57xHDklfK3XUC44NfOojcOV+6/q5HR+10ALyHQPJ15tRpW2tJA==	UZQAMTXGK2MFUDY7DY35S56KJCPVIHCN	d30ed198-aac4-4b45-97e1-4eac8c44b77e	\N	f	f	\N	t	0
fd6b643a-f70e-4cb2-8f4a-71d1e3e84b22	asfsdfdF@gmail.com	ASFSDFDF@GMAIL.COM	asfsdfdF@gmail.com	ASFSDFDF@GMAIL.COM	t	AQAAAAIAAYagAAAAEPa3+qzRloWYnYEDWYqGxJEjYzKGTYJ/qX2jXymk8RzshP5WxqeDbreiqVYWyyIzRQ==	XIG7YED64S3CK7SPSEDPBSNOU25EA62X	eee80006-702f-4e16-9a2d-9a741c86781b	\N	f	f	\N	t	0
fe9dba2e-68e7-4bbf-9901-d10aa9c2a046	codebras@snow.edu	CODEBRAS@SNOW.EDU	codebras@snow.edu	CODEBRAS@SNOW.EDU	t	AQAAAAIAAYagAAAAEBTecpDrURkn0rBqc6XFj+YYYIF9T9X30dGubK8yVl/vdg3dtFaRkZYYO4ooZiwGHw==	MQRZEI63HHLB6K4AHLH435ZO7W2LQBKQ	3c5e6220-5670-4159-af04-b17b8ea9a130	\N	f	f	\N	t	0
1d90c434-89bc-47c5-af0d-13e6be2a288d	testing@snow.edu	TESTING@SNOW.EDU	testing@snow.edu	TESTING@SNOW.EDU	t	AQAAAAIAAYagAAAAECLp41LY5HLB/UeJNxGv0NKdGdfTuHByAxxiWtdxmQxZ09wx2XftGbwq4Kk9q2aPZQ==	RYMPFRF24DOGT5MAQXJHWYSY2M7R776Y	40630300-dd06-4316-a0ef-7907872a84d0	\N	f	f	\N	t	0
5990086e-043b-48e3-801f-b3e6edd3b563	testing2@snow.edu	TESTING2@SNOW.EDU	testing2@snow.edu	TESTING2@SNOW.EDU	t	AQAAAAIAAYagAAAAEDUoew1FdQVkP/m1tZC9r+U6eED6XV3uJEWa+CvLCNAR2IfWy1c9/Gu9kxlooHjFkA==	OYXN5S3M2PTSACC5MN75MIHEBDMTKLZU	110b2a50-ea29-46ec-b5f0-a237193b4e30	\N	f	f	\N	t	0
a022c113-e14c-46ed-be9b-27d239170cee	testtest@snow.edu	TESTTEST@SNOW.EDU	testtest@snow.edu	TESTTEST@SNOW.EDU	t	AQAAAAIAAYagAAAAEOSf0PavPsh2I5lb1MRfewEKCrS3Qtk+CyVx6fO3KGVPK7v4O7uLxUoqjGsSIbS1Gw==	PA6A3JRBTT5JWDCJ4X7BRX5L2DMN6ATQ	48262b20-20d3-4b41-a3ee-e298d3d96d97	\N	f	f	\N	t	0
\.


--
-- Data for Name: __EFMigrationsHistory; Type: TABLE DATA; Schema: public; Owner: codebras
--

COPY public."__EFMigrationsHistory" ("MigrationId", "ProductVersion") FROM stdin;
20231115011444_Initial Migration	7.0.14
\.


--
-- Data for Name: brand; Type: TABLE DATA; Schema: public; Owner: codebras
--

COPY public.brand (id, brand_name, brand_description) FROM stdin;
1	Brand1	Default Description
2	Brand2	Default Description
3	Brand3	Default Description
4	Brand4	Default Description
5	Brand5	Default Description
6	Brand6	Default Description
7	Brand7	Default Description
8	Brand8	Default Description
9	Brand9	Default Description
10	Brand10	Default Description
\.


--
-- Data for Name: cart_items; Type: TABLE DATA; Schema: public; Owner: codebras
--

COPY public.cart_items (id, customer_id, inventory_id) FROM stdin;
10	6	693
11	1	610
32	1	419
47	1	635
48	1	636
50	1	287
51	1	288
52	1	289
53	1	290
\.


--
-- Data for Name: category; Type: TABLE DATA; Schema: public; Owner: codebras
--

COPY public.category (id, category_name, description) FROM stdin;
1	Guitar	Guitars
2	Brass	Made of brass
3	String	Pluck the strings
4	Piano	Tickle the keys
5	Percussion	Bang
6	Idiophones	Vibrate away
7	Woodwinds	Blow
8	Bass	Deep
9	Aerophones	Vibrate the air
10	Bowed	Rub it
\.


--
-- Data for Name: customer; Type: TABLE DATA; Schema: public; Owner: codebras
--

COPY public.customer (id, first_name, last_name, email, address, phone_number, reward_points) FROM stdin;
7	Code	Bras	codebras@snow.edu	123123	123123	\N
1	Customer1	LastName	customer1@gmail.com	This is an address	901-109-3003	4518397
4	Customer4	LastName	customer4@gmail.com	This is an address	901-109-3003	4570684
2	Customer2	LastName	customer2@gmail.com	This is an address	901-109-3003	4546066
3	Customer3	LastName	customer3@gmail.com	This is an address	901-109-3003	4501765
5	Customer5	LastName	customer5@gmail.com	This is an address	901-109-3003	4479077
6	Parker	Swenson	parkerswenson00@gmail.com	Home	901-109-3003	100
90	sad	asd	testing@snow.edu	asd	asd	\N
91	Testn	Tester	testing2@snow.edu	234234	324234	\N
92	\N	\N	testtest@snow.edu	\N	\N	\N
75	Benoch	Whtaker	therealikerr@gmail.com	143N300E	901-109-3003	\N
82	Admin	Admin	admin@snow.edu	Admin	Admin	\N
\.


--
-- Data for Name: employee; Type: TABLE DATA; Schema: public; Owner: codebras
--

COPY public.employee (id, first_name, last_name, email, phone_number, address, manager_id) FROM stdin;
1	Employee1	LastName	employee1@gmail.com	901-109-3003	This is an address	\N
2	Employee2	LastName	employee2@gmail.com	901-109-3003	This is an address	1
3	Employee3	LastName	employee3@gmail.com	901-109-3003	This is an address	\N
4	Employee4	LastName	employee4@gmail.com	901-109-3003	This is an address	3
5	Employee5	LastName	employee5@gmail.com	901-109-3003	This is an address	3
\.


--
-- Data for Name: inventory; Type: TABLE DATA; Schema: public; Owner: codebras
--

COPY public.inventory (id, item_id, status_id, is_rentable, is_purchased) FROM stdin;
442	7	4	f	t
337	3	5	f	t
487	9	5	f	t
438	7	4	f	t
348	4	3	t	t
484	9	4	t	t
460	8	3	f	t
333	3	5	f	t
344	4	2	f	t
354	4	3	t	t
472	9	1	t	t
465	8	5	f	t
336	3	5	f	t
483	9	4	t	t
440	7	4	f	t
338	4	1	t	t
349	4	3	t	t
490	10	1	f	t
443	7	4	f	t
342	4	1	t	t
432	7	3	t	t
469	8	5	f	t
353	4	3	t	t
480	9	3	t	t
437	7	4	f	t
451	8	2	f	t
464	8	4	f	t
436	7	3	t	t
461	8	4	f	t
351	4	3	t	t
494	10	3	f	t
439	7	4	f	t
445	7	4	f	t
462	8	4	f	t
449	8	1	t	t
492	10	1	f	t
454	8	2	f	t
491	10	1	f	t
474	9	1	t	t
486	9	5	f	t
455	8	2	f	t
446	7	4	f	t
346	4	2	f	t
433	7	3	t	t
497	10	3	f	t
479	9	3	t	t
355	4	4	t	t
496	10	3	f	t
467	8	5	f	t
459	8	3	f	t
495	10	3	f	t
434	7	3	t	f
435	7	3	t	f
441	7	4	f	f
444	7	4	f	f
447	7	5	f	f
448	8	1	t	f
450	8	1	t	f
452	8	2	f	f
453	8	2	f	f
456	8	2	f	f
457	8	3	f	f
458	8	3	f	f
463	8	4	f	f
466	8	5	f	f
468	8	5	f	f
470	8	5	f	f
471	9	1	t	f
473	9	1	t	f
475	9	1	t	f
476	9	2	f	f
477	9	2	f	f
478	9	3	t	f
481	9	4	t	f
482	9	4	t	f
331	3	5	f	f
332	3	5	f	f
334	3	5	f	f
335	3	5	f	f
339	4	1	t	f
340	4	1	t	f
341	4	1	t	f
343	4	2	f	f
345	4	2	f	f
347	4	2	f	f
350	4	3	t	f
352	4	3	t	f
485	9	5	f	f
488	9	5	f	f
489	9	5	f	f
493	10	2	t	f
498	10	3	f	f
499	10	4	t	f
502	10	4	t	f
508	10	4	t	f
510	10	5	f	f
511	10	5	f	f
512	10	5	f	f
513	10	5	f	f
515	11	1	f	f
517	11	1	f	f
519	11	1	f	f
523	11	1	f	f
507	10	4	t	t
568	12	5	f	t
405	6	4	f	t
558	12	2	t	t
535	11	3	t	t
563	12	3	t	t
514	11	1	f	t
536	11	3	t	t
544	11	5	t	t
569	12	5	f	t
587	13	3	t	t
550	12	1	t	t
552	12	1	t	t
610	14	1	f	t
526	11	2	t	t
559	12	2	t	t
560	12	2	t	t
545	11	5	t	t
599	13	4	t	t
612	14	1	f	t
527	11	2	t	t
396	6	2	t	t
578	13	1	f	t
528	11	2	t	t
548	12	1	t	t
500	10	4	t	t
605	13	4	t	t
509	10	5	f	t
506	10	4	t	t
581	13	2	f	t
532	11	3	t	t
392	6	2	t	t
398	6	2	t	t
518	11	1	f	t
399	6	2	t	t
501	10	4	t	t
555	12	2	t	t
539	11	4	t	t
404	6	4	f	t
593	13	3	t	t
503	10	4	t	t
584	13	2	f	t
522	11	1	f	t
546	11	5	t	t
607	13	5	f	t
529	11	2	t	t
401	6	3	f	t
504	10	4	t	t
520	11	1	f	t
602	13	4	t	t
524	11	2	t	t
600	13	4	t	t
521	11	1	f	t
525	11	2	t	t
505	10	4	t	t
594	13	3	t	t
538	11	3	t	t
564	12	3	t	t
395	6	2	t	t
572	12	5	f	t
516	11	1	f	t
530	11	2	t	f
531	11	3	t	f
533	11	3	t	f
534	11	3	t	f
537	11	3	t	f
540	11	5	t	f
541	11	5	t	f
542	11	5	t	f
543	11	5	t	f
547	12	1	t	f
549	12	1	t	f
551	12	1	t	f
553	12	2	t	f
554	12	2	t	f
556	12	2	t	f
557	12	2	t	f
561	12	2	t	f
562	12	2	t	f
565	12	3	t	f
566	12	3	t	f
567	12	4	f	f
570	12	5	f	f
571	12	5	f	f
573	12	5	f	f
574	13	1	f	f
575	13	1	f	f
576	13	1	f	f
577	13	1	f	f
579	13	2	f	f
580	13	2	f	f
582	13	2	f	f
583	13	2	f	f
585	13	2	f	f
586	13	2	f	f
588	13	3	t	f
589	13	3	t	f
590	13	3	t	f
591	13	3	t	f
393	6	2	t	f
394	6	2	t	f
397	6	2	t	f
400	6	2	t	f
402	6	3	f	f
403	6	3	f	f
406	6	4	f	f
592	13	3	t	f
595	13	3	t	f
596	13	4	t	f
597	13	4	t	f
598	13	4	t	f
601	13	4	t	f
603	13	4	t	f
604	13	4	t	f
606	13	5	f	f
608	13	5	f	f
609	13	5	f	f
611	14	1	f	f
638	15	3	f	t
324	3	3	t	t
629	15	1	f	t
305	2	4	t	t
656	16	3	t	t
667	16	4	f	t
364	4	5	f	t
665	16	4	f	t
330	3	5	f	t
322	3	3	t	t
614	14	2	t	f
615	14	2	t	f
616	14	3	t	f
617	14	3	t	f
619	14	3	t	f
621	14	4	f	f
624	14	4	f	f
625	14	5	f	f
671	16	5	t	t
360	4	4	t	t
613	14	2	t	t
626	14	5	f	f
627	14	5	f	f
632	15	1	f	f
633	15	1	f	f
634	15	1	f	f
635	15	2	f	f
636	15	2	f	f
637	15	3	f	f
647	16	1	t	f
648	16	2	f	f
649	16	2	f	f
650	16	2	f	f
652	16	2	f	f
653	16	2	f	f
654	16	2	f	f
655	16	2	f	f
657	16	3	t	f
658	16	3	t	f
659	16	3	t	f
664	16	4	f	f
666	16	4	f	f
668	16	4	f	f
669	16	5	t	f
672	17	1	t	f
673	17	1	t	f
304	2	4	t	f
307	2	5	t	f
308	2	5	t	f
310	3	1	t	f
311	3	1	t	f
314	3	1	t	f
315	3	1	t	f
317	3	1	t	f
320	3	3	t	f
321	3	3	t	f
323	3	3	t	f
326	3	4	t	f
408	6	4	f	f
409	6	5	t	f
410	6	5	t	f
412	6	5	t	f
414	6	5	t	f
415	6	5	t	f
416	6	5	t	f
420	7	1	t	f
423	7	1	t	f
426	7	1	t	f
428	7	2	t	f
429	7	3	t	f
431	7	3	t	f
356	4	4	t	f
358	4	4	t	f
366	4	5	f	f
367	5	1	t	f
368	5	1	t	f
413	6	5	t	t
628	14	5	f	t
639	15	4	f	t
651	16	2	f	t
630	15	1	f	t
622	14	4	f	t
318	3	1	t	t
417	6	5	t	t
631	15	1	f	t
661	16	4	f	t
640	15	4	f	t
620	14	4	f	t
359	4	4	t	t
430	7	3	t	t
363	4	5	f	t
329	3	5	f	t
670	16	5	t	t
327	3	4	t	t
361	4	4	t	t
325	3	3	t	t
309	2	5	t	t
663	16	4	f	t
422	7	1	t	t
421	7	1	t	t
313	3	1	t	t
306	2	4	t	t
660	16	3	t	t
328	3	4	t	t
618	14	3	t	t
362	4	5	f	t
365	4	5	f	t
424	7	1	t	t
662	16	4	f	t
319	3	2	t	t
427	7	1	t	t
316	3	1	t	t
411	6	5	t	t
407	6	4	f	t
623	14	4	f	t
357	4	4	t	t
418	6	5	t	t
312	3	1	t	t
425	7	1	t	t
419	7	1	t	t
641	15	4	f	f
642	15	5	t	f
643	15	5	t	f
644	16	1	t	f
675	17	2	f	f
676	17	2	f	f
682	17	4	t	f
686	17	4	t	f
690	17	5	f	f
691	17	5	f	f
692	17	5	f	f
693	18	1	t	f
267	1	2	f	t
683	17	4	t	t
685	17	4	t	t
301	2	3	t	t
645	16	1	t	t
276	1	5	f	t
282	2	1	t	t
677	17	3	f	t
679	17	4	t	t
702	18	2	t	t
268	1	3	f	t
280	2	1	t	t
680	17	4	t	t
284	2	1	t	t
271	1	4	t	t
277	1	5	f	t
300	2	3	t	t
688	17	5	f	t
270	1	3	f	t
646	16	1	t	t
283	2	1	t	t
694	18	1	t	t
681	17	4	t	t
687	17	4	t	t
274	1	5	f	t
689	17	5	f	t
285	2	1	t	t
678	17	3	f	t
265	1	2	f	t
674	17	2	f	t
696	18	1	t	t
684	17	4	t	t
297	2	3	t	t
275	1	5	f	t
286	2	1	t	t
699	18	2	t	t
302	2	3	t	t
695	18	1	t	f
697	18	2	t	f
698	18	2	t	f
700	18	2	t	f
264	1	2	f	f
266	1	2	f	f
269	1	3	f	f
272	1	4	t	f
273	1	4	t	f
278	1	5	f	f
279	2	1	t	f
281	2	1	t	f
287	2	2	t	f
288	2	2	t	f
289	2	2	t	f
290	2	2	t	f
701	18	2	t	f
703	18	2	t	f
261	1	2	f	f
262	1	2	f	f
263	1	2	f	f
291	2	2	t	f
292	2	2	t	f
293	2	2	t	f
294	2	2	t	f
295	2	3	t	f
296	2	3	t	f
298	2	3	t	f
299	2	3	t	f
303	2	3	t	f
369	5	1	t	t
734	19	5	f	t
712	18	4	f	t
729	19	4	t	t
373	5	2	t	t
385	5	5	f	t
713	18	4	f	t
723	19	3	t	t
371	5	1	t	t
380	5	4	f	t
383	5	4	f	t
720	19	2	f	t
735	19	5	f	t
716	18	4	f	t
728	19	4	t	t
721	19	2	f	t
389	5	5	f	t
733	19	4	t	t
717	18	5	f	t
718	18	5	f	t
724	19	3	t	t
378	5	4	f	t
726	19	4	t	t
727	19	4	t	t
386	5	5	f	t
382	5	4	f	t
379	5	4	f	t
730	19	4	t	t
715	18	4	f	t
714	18	4	f	f
719	19	1	t	f
722	19	3	t	f
725	19	3	t	f
731	19	4	t	f
732	19	4	t	f
736	19	5	f	f
737	19	5	f	f
738	19	5	f	f
370	5	1	t	f
372	5	1	t	f
374	5	3	f	f
375	5	3	f	f
376	5	3	f	f
377	5	3	f	f
381	5	4	f	f
384	5	4	f	f
387	5	5	f	f
388	5	5	f	f
390	5	5	f	f
391	6	1	t	f
793	50	1	f	f
794	50	2	f	f
797	50	2	f	f
798	50	2	f	f
803	50	3	f	f
805	50	3	f	f
806	50	3	f	f
807	50	3	f	f
812	50	5	f	f
816	50	5	f	f
817	50	5	f	f
818	50	5	f	f
810	50	4	t	t
799	50	2	f	t
796	50	2	f	t
811	50	5	f	t
800	50	3	f	t
804	50	3	f	t
813	50	5	f	t
819	50	5	f	t
792	50	1	f	t
814	50	5	f	t
815	50	5	f	t
802	50	3	f	t
801	50	3	f	t
808	50	3	f	t
795	50	2	f	t
809	50	4	t	t
258	1	1	f	t
775	49	3	t	t
783	49	5	f	t
759	20	5	f	t
782	49	5	f	t
787	49	5	f	t
748	20	3	t	t
255	1	1	f	t
706	18	2	t	t
761	49	1	t	t
743	20	2	f	t
742	20	2	f	t
772	49	2	f	t
749	20	3	t	t
788	49	5	f	t
253	1	1	f	t
740	19	5	f	t
751	20	3	t	t
754	20	4	f	t
773	49	3	t	t
254	1	1	f	t
257	1	1	f	t
710	18	4	f	t
778	49	4	t	t
709	18	4	f	t
753	20	4	f	t
704	18	2	t	t
745	20	2	f	t
790	49	5	f	t
758	20	4	f	t
764	49	2	f	t
781	49	4	t	t
252	1	1	f	t
705	18	2	t	f
707	18	3	f	f
708	18	3	f	f
711	18	4	f	f
739	19	5	f	f
741	20	1	f	f
744	20	2	f	f
746	20	2	f	f
747	20	2	f	f
750	20	3	t	f
752	20	4	f	f
755	20	4	f	f
756	20	4	f	f
757	20	4	f	f
760	49	1	t	f
762	49	1	t	f
763	49	2	f	f
765	49	2	f	f
766	49	2	f	f
767	49	2	f	f
768	49	2	f	f
769	49	2	f	f
770	49	2	f	f
771	49	2	f	f
774	49	3	t	f
776	49	3	t	f
777	49	3	t	f
779	49	4	t	f
780	49	4	t	f
784	49	5	f	f
785	49	5	f	f
786	49	5	f	f
789	49	5	f	f
791	50	1	f	f
251	1	1	f	f
256	1	1	f	f
259	1	1	f	f
260	1	2	f	f
\.


--
-- Data for Name: item; Type: TABLE DATA; Schema: public; Owner: codebras
--

COPY public.item (id, item_name, description, serial_number, sell_price, suggested_rental_price, brand_id) FROM stdin;
21	Item21	Default Description	7550480	$75.00	$15.00	1
22	Item22	Default Description	905006	$90.00	$15.00	2
23	Item23	Default Description	6453432	$41.00	$15.00	3
24	Item24	Default Description	9268234	$25.00	$15.00	4
25	Item25	Default Description	4247519	$43.00	$15.00	5
26	Item26	Default Description	1756548	$92.00	$15.00	6
27	Item27	Default Description	5433803	$65.00	$15.00	7
28	Item28	Default Description	2120072	$98.00	$15.00	8
29	Item29	Default Description	3988888	$29.00	$15.00	9
30	Item30	Default Description	727600	$50.00	$15.00	10
31	Item31	Default Description	2812553	$54.00	$15.00	1
32	Item32	Default Description	3290541	$98.00	$15.00	2
33	Item33	Default Description	888772	$88.00	$15.00	3
34	Item34	Default Description	34736	$62.00	$15.00	4
35	Item35	Default Description	2685716	$85.00	$15.00	5
36	Item36	Default Description	45201	$33.00	$15.00	6
37	Item37	Default Description	5912339	$65.00	$15.00	7
38	Item38	Default Description	2157547	$72.00	$15.00	8
39	Item39	Default Description	1238938	$61.00	$15.00	9
40	Item40	Default Description	6090981	$68.00	$15.00	10
41	Item41	Default Description	7780716	$52.00	$15.00	1
42	Item42	Default Description	1657602	$27.00	$15.00	2
43	Item43	Default Description	2292322	$62.00	$15.00	3
44	Item44	Default Description	4931760	$53.00	$15.00	4
45	Item45	Default Description	1342459	$53.00	$15.00	5
46	Item46	Default Description	5262321	$71.00	$15.00	6
47	Item47	Default Description	6556221	$35.00	$15.00	7
48	Item48	Default Description	8347416	$82.00	$15.00	8
49	Item49	Default Description	1047504	$56.00	$15.00	9
50	Item50	Default Description	8366364	$37.00	$15.00	10
18	Trumpet	It only has like three buttons how does it sound like that	5764788	$86.00	$15.00	8
19	Tuba	It's like a really big trumpet but a lot deeper than you'd think	133317	$91.00	$15.00	9
5	Paw Patrol	Jimmy Hendricks Secondary	2259048	$12,389,876.00	$15.00	5
62	Primal Toad	The First	3456789	$12.00	$23.00	\N
20	Violin	A really small version of the cello, can still be used by the biggest or the smallest musicians	2410963	$30.00	$15.00	10
11	Cello	Big instrument for the biggest or smallest of musicians	8687099	$94.00	$15.00	1
10	Bass Guitar	The deeper version of the guitar	4519724	$100.00	$15.00	10
6	Accordian	a portable musical instrument with metal reeds blown by bellows, played by means of keys and buttons.	3093353	$30.00	$15.00	6
7	Acoustic Guitar	The accoustic version of the guiar	3064504	$25.00	$15.00	7
8	Bagpipes	Some bags and some pipes that make great music	9743027	$42.00	$15.00	8
9	Banjo	The weird cousin to the guitar	2925207	$52.00	$15.00	9
12	Drums	Would recommend banging around on them for a bit	7484187	$31.00	$15.00	2
3	Toad but based	Toad really has that on 	5279400	$44.00	$4.44	3
2	Toad Swag	Toad holding a Guitar	6078683	$200.00	$10.00	2
13	Electric Guitar	The harder more powerful version of the guitar	4324192	$52.00	$15.00	3
14	French Horn	The odd french version of the horn, try blowing into it	3523665	$79.00	$15.00	4
15	Harp	A large melodic version of the guitar, feels like it should go on an adventure	9606043	$62.00	$15.00	5
16	Mandolin	I think this is a guitar from another country not too sure	9696073	$58.00	$15.00	6
17	Saxophone	Time to play some jazz and get a little groovy with it	9871633	$34.00	$15.00	7
4	Toadette	Toadette holding a Dr. Pepper	688592	$3.00	$100.00	4
1	Toad	Toad holding a Dr. Pepper	3341893	$250.00	$5.00	1
58	Item52	Default	531663	$12.00	$37.00	\N
\.


--
-- Data for Name: item_category; Type: TABLE DATA; Schema: public; Owner: codebras
--

COPY public.item_category (id, item_id, category_id) FROM stdin;
1	50	1
2	1	2
3	1	5
4	2	10
5	3	10
6	4	1
7	4	4
8	4	9
9	6	1
10	7	2
11	7	5
12	8	1
13	8	4
14	8	10
15	9	9
16	10	1
17	10	5
18	10	7
19	10	9
20	11	2
21	11	4
22	12	8
23	12	9
24	12	10
25	13	6
26	13	7
27	13	10
28	14	4
29	14	5
30	15	2
31	15	5
32	15	10
33	16	1
34	16	5
35	17	3
36	17	7
37	17	8
38	18	2
39	19	1
40	19	3
41	19	6
42	19	10
43	20	1
44	20	5
45	20	8
46	21	1
47	22	6
48	22	7
49	22	9
50	23	3
51	23	7
52	25	2
53	25	3
54	25	7
55	25	10
56	26	3
57	26	4
58	26	8
59	27	2
60	28	3
61	28	6
62	28	8
63	30	4
64	30	5
65	31	1
66	31	5
67	32	3
68	32	4
69	32	5
70	32	9
71	33	6
72	33	9
73	34	9
74	36	1
75	37	2
76	37	10
77	39	3
78	39	5
79	39	9
80	40	2
81	40	3
82	40	6
83	40	9
84	40	10
85	41	7
86	42	3
87	42	4
88	43	5
89	44	7
90	45	8
91	46	2
92	46	6
93	46	8
94	47	3
95	48	5
96	48	10
97	49	5
98	49	8
99	50	1
\.


--
-- Data for Name: item_image; Type: TABLE DATA; Schema: public; Owner: codebras
--

COPY public.item_image (id, item_id, filepath, is_primary) FROM stdin;
10	1	2023-11-21-17-10-6-3341893.jpg	f
11	2	2023-11-27-10-43-48-6078683.jpg	t
14	3	2023-11-27-13-51-51-5279400.jpg	t
15	4	2023-11-27-16-44-55-688592.jpg	f
20	4	2023-11-27-17-4-54-688592.jpg	t
9	1	2023-11-21-16-45-18-3341893.jpg	t
30	5	2023-11-27-19-26-51-2259048.jpg	t
31	62	2023-11-27-19-27-1-3456789.jpg	t
38	6	2023-11-30-20-38-11-3093353.jpg	t
39	7	2023-11-30-20-38-25-3064504.jpg	t
40	8	2023-11-30-20-38-36-9743027.jpg	t
41	9	2023-11-30-20-38-47-2925207.jpg	t
43	11	2023-11-30-20-39-12-8687099.jpg	t
44	12	2023-11-30-20-39-39-7484187.jpg	t
45	13	2023-11-30-20-40-16-4324192.jpg	t
46	14	2023-11-30-20-40-46-3523665.jpg	t
47	15	2023-11-30-20-41-12-9606043.jpg	t
48	16	2023-11-30-20-43-38-9696073.jpg	t
49	17	2023-11-30-20-46-4-9871633.jpg	t
50	18	2023-11-30-20-46-45-5764788.jpg	t
51	19	2023-11-30-20-47-12-133317.jpg	t
52	20	2023-11-30-20-47-42-2410963.jpg	t
42	10	2023-11-30-20-38-59-4519724.jpg	t
54	10	2023-12-5-15-32-12-4519724.jpg	f
\.


--
-- Data for Name: item_rental; Type: TABLE DATA; Schema: public; Owner: codebras
--

COPY public.item_rental (id, rental_id, inventory_id, final_rental_price, out_condition, return_date) FROM stdin;
5008	2001	751	$15.00	This is in a(n) DefaultStatus3 state.	2021-06-01 00:00:00
5009	2002	525	$15.00	This is in a(n) DefaultStatus2 state.	2022-11-26 00:00:00
5010	2002	550	$15.00	This is in a(n) DefaultStatus1 state.	2022-11-26 00:00:00
5011	2002	593	$15.00	This is in a(n) DefaultStatus3 state.	2022-11-26 00:00:00
5012	2003	614	$15.00	This is in a(n) DefaultStatus2 state.	2023-09-16 00:00:00
5013	2003	410	$15.00	This is in a(n) DefaultStatus5 state.	2023-09-16 00:00:00
5014	2003	424	$15.00	This is in a(n) DefaultStatus1 state.	2023-09-16 00:00:00
5015	2003	272	$5.00	This is in a(n) DefaultStatus4 state.	2023-09-16 00:00:00
5016	2003	778	$15.00	This is in a(n) DefaultStatus4 state.	2023-09-16 00:00:00
5017	2004	533	$15.00	This is in a(n) DefaultStatus3 state.	2023-04-04 00:00:00
5018	2004	288	$10.00	This is in a(n) DefaultStatus2 state.	2023-04-04 00:00:00
5019	2004	726	$15.00	This is in a(n) DefaultStatus4 state.	2023-04-04 00:00:00
5020	2004	761	$15.00	This is in a(n) DefaultStatus1 state.	2023-04-04 00:00:00
5021	2005	701	$15.00	This is in a(n) DefaultStatus2 state.	2021-05-08 00:00:00
5022	2005	482	$15.00	This is in a(n) DefaultStatus4 state.	2021-05-08 00:00:00
5023	2005	682	$15.00	This is in a(n) DefaultStatus4 state.	2021-05-08 00:00:00
5024	2006	394	$15.00	This is in a(n) DefaultStatus2 state.	2023-09-13 00:00:00
5025	2006	428	$15.00	This is in a(n) DefaultStatus2 state.	2023-09-13 00:00:00
5026	2006	288	$10.00	This is in a(n) DefaultStatus2 state.	2023-09-13 00:00:00
5027	2006	391	$15.00	This is in a(n) DefaultStatus1 state.	2023-09-13 00:00:00
5028	2007	545	$15.00	This is in a(n) DefaultStatus5 state.	2023-09-20 00:00:00
5029	2007	565	$15.00	This is in a(n) DefaultStatus3 state.	2023-09-20 00:00:00
5030	2007	313	$4.44	This is in a(n) DefaultStatus1 state.	2023-09-20 00:00:00
5031	2007	646	$15.00	This is in a(n) DefaultStatus1 state.	2023-09-20 00:00:00
5032	2007	809	$15.00	This is in a(n) DefaultStatus4 state.	2023-09-20 00:00:00
5033	2008	507	$15.00	This is in a(n) DefaultStatus4 state.	2022-08-18 00:00:00
5034	2008	372	$15.00	This is in a(n) DefaultStatus1 state.	2022-08-18 00:00:00
5035	2009	449	$15.00	This is in a(n) DefaultStatus1 state.	2023-10-15 00:00:00
5036	2009	416	$15.00	This is in a(n) DefaultStatus5 state.	2023-10-15 00:00:00
5037	2009	293	$10.00	This is in a(n) DefaultStatus2 state.	2023-10-15 00:00:00
5038	2010	536	$15.00	This is in a(n) DefaultStatus3 state.	2022-03-03 00:00:00
5039	2010	597	$15.00	This is in a(n) DefaultStatus4 state.	2022-03-03 00:00:00
5040	2010	292	$10.00	This is in a(n) DefaultStatus2 state.	2022-03-03 00:00:00
5041	2011	556	$15.00	This is in a(n) DefaultStatus2 state.	2021-06-22 00:00:00
5042	2011	356	$100.00	This is in a(n) DefaultStatus4 state.	2021-06-22 00:00:00
5043	2011	645	$15.00	This is in a(n) DefaultStatus1 state.	2021-06-22 00:00:00
5044	2011	702	$15.00	This is in a(n) DefaultStatus2 state.	2021-06-22 00:00:00
5045	2012	417	$15.00	This is in a(n) DefaultStatus5 state.	2023-10-03 00:00:00
5046	2012	780	$15.00	This is in a(n) DefaultStatus4 state.	2023-10-03 00:00:00
5047	2013	589	$15.00	This is in a(n) DefaultStatus3 state.	2022-02-26 00:00:00
5048	2013	595	$15.00	This is in a(n) DefaultStatus3 state.	2022-02-26 00:00:00
5049	2014	427	$15.00	This is in a(n) DefaultStatus1 state.	2023-02-02 00:00:00
5050	2014	642	$15.00	This is in a(n) DefaultStatus5 state.	2023-02-02 00:00:00
5051	2014	646	$15.00	This is in a(n) DefaultStatus1 state.	2023-02-02 00:00:00
5052	2015	563	$15.00	This is in a(n) DefaultStatus3 state.	2021-01-16 00:00:00
5053	2015	327	$4.44	This is in a(n) DefaultStatus4 state.	2021-01-16 00:00:00
5054	2016	658	$15.00	This is in a(n) DefaultStatus3 state.	2022-02-11 00:00:00
5055	2016	749	$15.00	This is in a(n) DefaultStatus3 state.	2022-02-11 00:00:00
5056	2017	543	$15.00	This is in a(n) DefaultStatus5 state.	2023-04-30 00:00:00
5057	2017	604	$15.00	This is in a(n) DefaultStatus4 state.	2023-04-30 00:00:00
5058	2017	618	$15.00	This is in a(n) DefaultStatus3 state.	2023-04-30 00:00:00
5059	2017	698	$15.00	This is in a(n) DefaultStatus2 state.	2023-04-30 00:00:00
5060	2018	529	$15.00	This is in a(n) DefaultStatus2 state.	2022-09-12 00:00:00
5061	2018	554	$15.00	This is in a(n) DefaultStatus2 state.	2022-09-12 00:00:00
5062	2018	326	$4.44	This is in a(n) DefaultStatus4 state.	2022-09-12 00:00:00
5063	2018	303	$10.00	This is in a(n) DefaultStatus3 state.	2022-09-12 00:00:00
5064	2019	478	$15.00	This is in a(n) DefaultStatus3 state.	2023-02-26 00:00:00
5065	2019	339	$100.00	This is in a(n) DefaultStatus1 state.	2023-02-26 00:00:00
5066	2019	361	$100.00	This is in a(n) DefaultStatus4 state.	2023-02-26 00:00:00
5067	2019	292	$10.00	This is in a(n) DefaultStatus2 state.	2023-02-26 00:00:00
5068	2020	501	$15.00	This is in a(n) DefaultStatus4 state.	2021-08-30 00:00:00
5069	2020	298	$10.00	This is in a(n) DefaultStatus3 state.	2021-08-30 00:00:00
5070	2021	590	$15.00	This is in a(n) DefaultStatus3 state.	2022-03-24 00:00:00
5071	2021	659	$15.00	This is in a(n) DefaultStatus3 state.	2022-03-24 00:00:00
5072	2021	660	$15.00	This is in a(n) DefaultStatus3 state.	2022-03-24 00:00:00
5073	2021	644	$15.00	This is in a(n) DefaultStatus1 state.	2022-03-24 00:00:00
5074	2021	698	$15.00	This is in a(n) DefaultStatus2 state.	2022-03-24 00:00:00
5075	2022	399	$15.00	This is in a(n) DefaultStatus2 state.	2021-06-23 00:00:00
5076	2022	672	$15.00	This is in a(n) DefaultStatus1 state.	2021-06-23 00:00:00
5077	2022	411	$15.00	This is in a(n) DefaultStatus5 state.	2021-06-23 00:00:00
5078	2022	301	$10.00	This is in a(n) DefaultStatus3 state.	2021-06-23 00:00:00
5079	2023	682	$15.00	This is in a(n) DefaultStatus4 state.	2021-12-21 00:00:00
5080	2024	685	$15.00	This is in a(n) DefaultStatus4 state.	2022-09-30 00:00:00
5081	2025	565	$15.00	This is in a(n) DefaultStatus3 state.	2022-04-28 00:00:00
5082	2025	309	$10.00	This is in a(n) DefaultStatus5 state.	2022-04-28 00:00:00
5083	2025	683	$15.00	This is in a(n) DefaultStatus4 state.	2022-04-28 00:00:00
5084	2025	371	$15.00	This is in a(n) DefaultStatus1 state.	2022-04-28 00:00:00
5085	2026	471	$15.00	This is in a(n) DefaultStatus1 state.	2022-01-24 00:00:00
5086	2026	359	$100.00	This is in a(n) DefaultStatus4 state.	2022-01-24 00:00:00
5087	2026	775	$15.00	This is in a(n) DefaultStatus3 state.	2022-01-24 00:00:00
5088	2027	478	$15.00	This is in a(n) DefaultStatus3 state.	2022-10-03 00:00:00
5089	2027	592	$15.00	This is in a(n) DefaultStatus3 state.	2022-10-03 00:00:00
5090	2027	597	$15.00	This is in a(n) DefaultStatus4 state.	2022-10-03 00:00:00
5091	2027	647	$15.00	This is in a(n) DefaultStatus1 state.	2022-10-03 00:00:00
5092	2027	748	$15.00	This is in a(n) DefaultStatus3 state.	2022-10-03 00:00:00
5093	2028	545	$15.00	This is in a(n) DefaultStatus5 state.	2022-09-21 00:00:00
5094	2028	306	$10.00	This is in a(n) DefaultStatus4 state.	2022-09-21 00:00:00
5095	2029	536	$15.00	This is in a(n) DefaultStatus3 state.	2022-01-14 00:00:00
5096	2029	542	$15.00	This is in a(n) DefaultStatus5 state.	2022-01-14 00:00:00
5097	2029	596	$15.00	This is in a(n) DefaultStatus4 state.	2022-01-14 00:00:00
5098	2029	751	$15.00	This is in a(n) DefaultStatus3 state.	2022-01-14 00:00:00
5099	2030	448	$15.00	This is in a(n) DefaultStatus1 state.	2022-02-08 00:00:00
5100	2030	524	$15.00	This is in a(n) DefaultStatus2 state.	2022-02-08 00:00:00
5101	2031	548	$15.00	This is in a(n) DefaultStatus1 state.	2023-03-14 00:00:00
5102	2031	356	$100.00	This is in a(n) DefaultStatus4 state.	2023-03-14 00:00:00
5103	2031	702	$15.00	This is in a(n) DefaultStatus2 state.	2023-03-14 00:00:00
5104	2032	556	$15.00	This is in a(n) DefaultStatus2 state.	2021-09-27 00:00:00
5105	2033	424	$15.00	This is in a(n) DefaultStatus1 state.	2021-09-20 00:00:00
5106	2034	502	$15.00	This is in a(n) DefaultStatus4 state.	2023-02-01 00:00:00
5107	2034	540	$15.00	This is in a(n) DefaultStatus5 state.	2023-02-01 00:00:00
5108	2034	422	$15.00	This is in a(n) DefaultStatus1 state.	2023-02-01 00:00:00
5109	2034	732	$15.00	This is in a(n) DefaultStatus4 state.	2023-02-01 00:00:00
5110	2035	503	$15.00	This is in a(n) DefaultStatus4 state.	2023-06-05 00:00:00
5111	2035	415	$15.00	This is in a(n) DefaultStatus5 state.	2023-06-05 00:00:00
5112	2035	779	$15.00	This is in a(n) DefaultStatus4 state.	2023-06-05 00:00:00
5113	2036	546	$15.00	This is in a(n) DefaultStatus5 state.	2023-05-29 00:00:00
5114	2036	706	$15.00	This is in a(n) DefaultStatus2 state.	2023-05-29 00:00:00
5115	2037	540	$15.00	This is in a(n) DefaultStatus5 state.	2021-06-18 00:00:00
5116	2037	686	$15.00	This is in a(n) DefaultStatus4 state.	2021-06-18 00:00:00
5117	2037	282	$10.00	This is in a(n) DefaultStatus1 state.	2021-06-18 00:00:00
5118	2038	448	$15.00	This is in a(n) DefaultStatus1 state.	2021-12-13 00:00:00
5119	2038	528	$15.00	This is in a(n) DefaultStatus2 state.	2021-12-13 00:00:00
5120	2038	605	$15.00	This is in a(n) DefaultStatus4 state.	2021-12-13 00:00:00
5121	2038	505	$15.00	This is in a(n) DefaultStatus4 state.	2021-12-13 00:00:00
5122	2038	425	$15.00	This is in a(n) DefaultStatus1 state.	2021-12-13 00:00:00
5123	2039	282	$10.00	This is in a(n) DefaultStatus1 state.	2021-09-22 00:00:00
5124	2040	398	$15.00	This is in a(n) DefaultStatus2 state.	2022-02-07 00:00:00
5125	2040	326	$4.44	This is in a(n) DefaultStatus4 state.	2022-02-07 00:00:00
5126	2041	731	$15.00	This is in a(n) DefaultStatus4 state.	2022-10-04 00:00:00
5127	2042	534	$15.00	This is in a(n) DefaultStatus3 state.	2022-03-28 00:00:00
5128	2042	679	$15.00	This is in a(n) DefaultStatus4 state.	2022-03-28 00:00:00
5129	2043	311	$4.44	This is in a(n) DefaultStatus1 state.	2022-11-14 00:00:00
5130	2044	481	$15.00	This is in a(n) DefaultStatus4 state.	2023-05-24 00:00:00
5131	2044	615	$15.00	This is in a(n) DefaultStatus2 state.	2023-05-24 00:00:00
5132	2045	306	$10.00	This is in a(n) DefaultStatus4 state.	2021-05-28 00:00:00
5133	2045	729	$15.00	This is in a(n) DefaultStatus4 state.	2021-05-28 00:00:00
5134	2045	733	$15.00	This is in a(n) DefaultStatus4 state.	2021-05-28 00:00:00
5135	2045	778	$15.00	This is in a(n) DefaultStatus4 state.	2021-05-28 00:00:00
5136	2045	781	$15.00	This is in a(n) DefaultStatus4 state.	2021-05-28 00:00:00
5137	2046	348	$100.00	This is in a(n) DefaultStatus3 state.	2022-10-10 00:00:00
5138	2046	680	$15.00	This is in a(n) DefaultStatus4 state.	2022-10-10 00:00:00
5139	2046	810	$15.00	This is in a(n) DefaultStatus4 state.	2022-10-10 00:00:00
5140	2047	395	$15.00	This is in a(n) DefaultStatus2 state.	2023-09-25 00:00:00
5141	2047	322	$4.44	This is in a(n) DefaultStatus3 state.	2023-09-25 00:00:00
5142	2048	398	$15.00	This is in a(n) DefaultStatus2 state.	2023-05-03 00:00:00
5143	2048	412	$15.00	This is in a(n) DefaultStatus5 state.	2023-05-03 00:00:00
5144	2048	429	$15.00	This is in a(n) DefaultStatus3 state.	2023-05-03 00:00:00
5145	2049	549	$15.00	This is in a(n) DefaultStatus1 state.	2022-02-14 00:00:00
5146	2049	400	$15.00	This is in a(n) DefaultStatus2 state.	2022-02-14 00:00:00
5147	2049	615	$15.00	This is in a(n) DefaultStatus2 state.	2022-02-14 00:00:00
5148	2049	320	$4.44	This is in a(n) DefaultStatus3 state.	2022-02-14 00:00:00
5149	2050	361	$100.00	This is in a(n) DefaultStatus4 state.	2021-09-06 00:00:00
5150	2050	729	$15.00	This is in a(n) DefaultStatus4 state.	2021-09-06 00:00:00
5151	2050	733	$15.00	This is in a(n) DefaultStatus4 state.	2021-09-06 00:00:00
5152	2051	415	$15.00	This is in a(n) DefaultStatus5 state.	2023-06-03 00:00:00
5153	2052	354	$100.00	This is in a(n) DefaultStatus3 state.	2022-11-28 00:00:00
5154	2052	603	$15.00	This is in a(n) DefaultStatus4 state.	2022-11-28 00:00:00
5155	2052	281	$10.00	This is in a(n) DefaultStatus1 state.	2022-11-28 00:00:00
5156	2052	780	$15.00	This is in a(n) DefaultStatus4 state.	2022-11-28 00:00:00
5157	2053	423	$15.00	This is in a(n) DefaultStatus1 state.	2021-10-12 00:00:00
5158	2053	645	$15.00	This is in a(n) DefaultStatus1 state.	2021-10-12 00:00:00
5159	2053	762	$15.00	This is in a(n) DefaultStatus1 state.	2021-10-12 00:00:00
5160	2054	397	$15.00	This is in a(n) DefaultStatus2 state.	2021-05-01 00:00:00
5161	2055	565	$15.00	This is in a(n) DefaultStatus3 state.	2022-02-11 00:00:00
5162	2055	646	$15.00	This is in a(n) DefaultStatus1 state.	2022-02-11 00:00:00
5163	2056	342	$100.00	This is in a(n) DefaultStatus1 state.	2022-01-18 00:00:00
5164	2056	283	$10.00	This is in a(n) DefaultStatus1 state.	2022-01-18 00:00:00
5165	2056	297	$10.00	This is in a(n) DefaultStatus3 state.	2022-01-18 00:00:00
5166	2056	281	$10.00	This is in a(n) DefaultStatus1 state.	2022-01-18 00:00:00
5167	2057	502	$15.00	This is in a(n) DefaultStatus4 state.	2023-08-13 00:00:00
5168	2057	657	$15.00	This is in a(n) DefaultStatus3 state.	2023-08-13 00:00:00
5169	2057	699	$15.00	This is in a(n) DefaultStatus2 state.	2023-08-13 00:00:00
5170	2057	295	$10.00	This is in a(n) DefaultStatus3 state.	2023-08-13 00:00:00
5171	2058	499	$15.00	This is in a(n) DefaultStatus4 state.	2022-12-28 00:00:00
5172	2058	680	$15.00	This is in a(n) DefaultStatus4 state.	2022-12-28 00:00:00
5173	2058	701	$15.00	This is in a(n) DefaultStatus2 state.	2022-12-28 00:00:00
5174	2058	810	$15.00	This is in a(n) DefaultStatus4 state.	2022-12-28 00:00:00
5175	2059	750	$15.00	This is in a(n) DefaultStatus3 state.	2022-11-27 00:00:00
5176	2060	475	$15.00	This is in a(n) DefaultStatus1 state.	2021-04-07 00:00:00
5177	2060	324	$4.44	This is in a(n) DefaultStatus3 state.	2021-04-07 00:00:00
5178	2060	657	$15.00	This is in a(n) DefaultStatus3 state.	2021-04-07 00:00:00
5179	2061	614	$15.00	This is in a(n) DefaultStatus2 state.	2022-12-08 00:00:00
5180	2061	696	$15.00	This is in a(n) DefaultStatus1 state.	2022-12-08 00:00:00
5181	2061	777	$15.00	This is in a(n) DefaultStatus3 state.	2022-12-08 00:00:00
5182	2062	310	$4.44	This is in a(n) DefaultStatus1 state.	2022-08-23 00:00:00
5183	2062	751	$15.00	This is in a(n) DefaultStatus3 state.	2022-08-23 00:00:00
5184	2063	527	$15.00	This is in a(n) DefaultStatus2 state.	2021-10-02 00:00:00
5185	2063	358	$100.00	This is in a(n) DefaultStatus4 state.	2021-10-02 00:00:00
5186	2064	657	$15.00	This is in a(n) DefaultStatus3 state.	2021-07-19 00:00:00
5187	2065	323	$4.44	This is in a(n) DefaultStatus3 state.	2021-12-30 00:00:00
5188	2066	642	$15.00	This is in a(n) DefaultStatus5 state.	2023-01-18 00:00:00
5189	2067	526	$15.00	This is in a(n) DefaultStatus2 state.	2023-04-15 00:00:00
5190	2067	593	$15.00	This is in a(n) DefaultStatus3 state.	2023-04-15 00:00:00
5191	2068	478	$15.00	This is in a(n) DefaultStatus3 state.	2022-03-25 00:00:00
5192	2068	415	$15.00	This is in a(n) DefaultStatus5 state.	2022-03-25 00:00:00
5193	2068	684	$15.00	This is in a(n) DefaultStatus4 state.	2022-03-25 00:00:00
5194	2068	781	$15.00	This is in a(n) DefaultStatus4 state.	2022-03-25 00:00:00
5195	2069	560	$15.00	This is in a(n) DefaultStatus2 state.	2021-03-10 00:00:00
5196	2069	419	$15.00	This is in a(n) DefaultStatus1 state.	2021-03-10 00:00:00
5197	2069	283	$10.00	This is in a(n) DefaultStatus1 state.	2021-03-10 00:00:00
5198	2070	450	$15.00	This is in a(n) DefaultStatus1 state.	2023-06-07 00:00:00
5199	2070	558	$15.00	This is in a(n) DefaultStatus2 state.	2023-06-07 00:00:00
5200	2070	397	$15.00	This is in a(n) DefaultStatus2 state.	2023-06-07 00:00:00
5201	2070	810	$15.00	This is in a(n) DefaultStatus4 state.	2023-06-07 00:00:00
5202	2071	699	$15.00	This is in a(n) DefaultStatus2 state.	2023-05-06 00:00:00
5203	2072	325	$4.44	This is in a(n) DefaultStatus3 state.	2023-06-22 00:00:00
5204	2072	295	$10.00	This is in a(n) DefaultStatus3 state.	2023-06-22 00:00:00
5205	2073	319	$4.44	This is in a(n) DefaultStatus2 state.	2021-06-02 00:00:00
5206	2073	290	$10.00	This is in a(n) DefaultStatus2 state.	2021-06-02 00:00:00
5207	2074	358	$100.00	This is in a(n) DefaultStatus4 state.	2023-07-26 00:00:00
5208	2075	428	$15.00	This is in a(n) DefaultStatus2 state.	2023-06-06 00:00:00
5209	2075	702	$15.00	This is in a(n) DefaultStatus2 state.	2023-06-06 00:00:00
5210	2075	281	$10.00	This is in a(n) DefaultStatus1 state.	2023-06-06 00:00:00
5211	2076	561	$15.00	This is in a(n) DefaultStatus2 state.	2022-03-25 00:00:00
5212	2077	531	$15.00	This is in a(n) DefaultStatus3 state.	2022-02-13 00:00:00
5213	2077	604	$15.00	This is in a(n) DefaultStatus4 state.	2022-02-13 00:00:00
5214	2077	719	$15.00	This is in a(n) DefaultStatus1 state.	2022-02-13 00:00:00
5215	2078	556	$15.00	This is in a(n) DefaultStatus2 state.	2021-11-05 00:00:00
5216	2078	307	$10.00	This is in a(n) DefaultStatus5 state.	2021-11-05 00:00:00
5217	2078	356	$100.00	This is in a(n) DefaultStatus4 state.	2021-11-05 00:00:00
5218	2078	645	$15.00	This is in a(n) DefaultStatus1 state.	2021-11-05 00:00:00
5219	2078	779	$15.00	This is in a(n) DefaultStatus4 state.	2021-11-05 00:00:00
5220	2079	271	$5.00	This is in a(n) DefaultStatus4 state.	2021-06-05 00:00:00
5221	2079	732	$15.00	This is in a(n) DefaultStatus4 state.	2021-06-05 00:00:00
5222	2079	780	$15.00	This is in a(n) DefaultStatus4 state.	2021-06-05 00:00:00
5223	2080	596	$15.00	This is in a(n) DefaultStatus4 state.	2021-06-30 00:00:00
5224	2081	528	$15.00	This is in a(n) DefaultStatus2 state.	2023-01-10 00:00:00
5225	2081	776	$15.00	This is in a(n) DefaultStatus3 state.	2023-01-10 00:00:00
5226	2082	320	$4.44	This is in a(n) DefaultStatus3 state.	2021-02-03 00:00:00
5227	2082	693	$15.00	This is in a(n) DefaultStatus1 state.	2021-02-03 00:00:00
5228	2083	534	$15.00	This is in a(n) DefaultStatus3 state.	2022-08-13 00:00:00
5229	2083	292	$10.00	This is in a(n) DefaultStatus2 state.	2022-08-13 00:00:00
5230	2083	296	$10.00	This is in a(n) DefaultStatus3 state.	2022-08-13 00:00:00
5231	2083	762	$15.00	This is in a(n) DefaultStatus1 state.	2022-08-13 00:00:00
5232	2084	555	$15.00	This is in a(n) DefaultStatus2 state.	2022-07-19 00:00:00
5233	2084	279	$10.00	This is in a(n) DefaultStatus1 state.	2022-07-19 00:00:00
5234	2084	704	$15.00	This is in a(n) DefaultStatus2 state.	2022-07-19 00:00:00
5235	2085	603	$15.00	This is in a(n) DefaultStatus4 state.	2021-04-20 00:00:00
5236	2085	289	$10.00	This is in a(n) DefaultStatus2 state.	2021-04-20 00:00:00
5237	2086	473	$15.00	This is in a(n) DefaultStatus1 state.	2022-10-06 00:00:00
5238	2086	546	$15.00	This is in a(n) DefaultStatus5 state.	2022-10-06 00:00:00
5239	2086	604	$15.00	This is in a(n) DefaultStatus4 state.	2022-10-06 00:00:00
5240	2086	361	$100.00	This is in a(n) DefaultStatus4 state.	2022-10-06 00:00:00
5241	2086	422	$15.00	This is in a(n) DefaultStatus1 state.	2022-10-06 00:00:00
5242	2087	565	$15.00	This is in a(n) DefaultStatus3 state.	2021-09-19 00:00:00
5243	2087	729	$15.00	This is in a(n) DefaultStatus4 state.	2021-09-19 00:00:00
5244	2088	481	$15.00	This is in a(n) DefaultStatus4 state.	2021-05-09 00:00:00
5245	2088	776	$15.00	This is in a(n) DefaultStatus3 state.	2021-05-09 00:00:00
5246	2089	531	$15.00	This is in a(n) DefaultStatus3 state.	2022-02-06 00:00:00
5247	2089	293	$10.00	This is in a(n) DefaultStatus2 state.	2022-02-06 00:00:00
5248	2089	731	$15.00	This is in a(n) DefaultStatus4 state.	2022-02-06 00:00:00
5249	2090	436	$15.00	This is in a(n) DefaultStatus3 state.	2022-03-03 00:00:00
5250	2090	430	$15.00	This is in a(n) DefaultStatus3 state.	2022-03-03 00:00:00
5251	2090	424	$15.00	This is in a(n) DefaultStatus1 state.	2022-03-03 00:00:00
5252	2091	614	$15.00	This is in a(n) DefaultStatus2 state.	2022-07-11 00:00:00
5253	2091	297	$10.00	This is in a(n) DefaultStatus3 state.	2022-07-11 00:00:00
5254	2091	290	$10.00	This is in a(n) DefaultStatus2 state.	2022-07-11 00:00:00
5255	2091	292	$10.00	This is in a(n) DefaultStatus2 state.	2022-07-11 00:00:00
5256	2092	647	$15.00	This is in a(n) DefaultStatus1 state.	2023-06-12 00:00:00
5257	2092	317	$4.44	This is in a(n) DefaultStatus1 state.	2023-06-12 00:00:00
5258	2092	288	$10.00	This is in a(n) DefaultStatus2 state.	2023-06-12 00:00:00
5259	2093	435	$15.00	This is in a(n) DefaultStatus3 state.	2023-10-03 00:00:00
5260	2094	548	$15.00	This is in a(n) DefaultStatus1 state.	2021-02-10 00:00:00
5261	2095	355	$100.00	This is in a(n) DefaultStatus4 state.	2023-01-14 00:00:00
5262	2096	672	$15.00	This is in a(n) DefaultStatus1 state.	2023-10-18 00:00:00
5263	2096	682	$15.00	This is in a(n) DefaultStatus4 state.	2023-10-18 00:00:00
5264	2096	750	$15.00	This is in a(n) DefaultStatus3 state.	2023-10-18 00:00:00
5265	2097	531	$15.00	This is in a(n) DefaultStatus3 state.	2023-02-25 00:00:00
5266	2097	429	$15.00	This is in a(n) DefaultStatus3 state.	2023-02-25 00:00:00
5267	2098	356	$100.00	This is in a(n) DefaultStatus4 state.	2021-06-11 00:00:00
5268	2098	358	$100.00	This is in a(n) DefaultStatus4 state.	2021-06-11 00:00:00
5269	2098	702	$15.00	This is in a(n) DefaultStatus2 state.	2021-06-11 00:00:00
5270	2098	725	$15.00	This is in a(n) DefaultStatus3 state.	2021-06-11 00:00:00
5271	2098	391	$15.00	This is in a(n) DefaultStatus1 state.	2021-06-11 00:00:00
5272	2099	563	$15.00	This is in a(n) DefaultStatus3 state.	2021-11-09 00:00:00
5273	2099	596	$15.00	This is in a(n) DefaultStatus4 state.	2021-11-09 00:00:00
5274	2099	604	$15.00	This is in a(n) DefaultStatus4 state.	2021-11-09 00:00:00
5275	2099	326	$4.44	This is in a(n) DefaultStatus4 state.	2021-11-09 00:00:00
5276	2099	391	$15.00	This is in a(n) DefaultStatus1 state.	2021-11-09 00:00:00
5277	2100	504	$15.00	This is in a(n) DefaultStatus4 state.	2022-01-22 00:00:00
5278	2100	556	$15.00	This is in a(n) DefaultStatus2 state.	2022-01-22 00:00:00
5279	2100	726	$15.00	This is in a(n) DefaultStatus4 state.	2022-01-22 00:00:00
5280	2101	423	$15.00	This is in a(n) DefaultStatus1 state.	2021-03-03 00:00:00
5281	2101	371	$15.00	This is in a(n) DefaultStatus1 state.	2021-03-03 00:00:00
5282	2102	602	$15.00	This is in a(n) DefaultStatus4 state.	2022-04-23 00:00:00
5283	2102	564	$15.00	This is in a(n) DefaultStatus3 state.	2022-04-23 00:00:00
5284	2102	531	$15.00	This is in a(n) DefaultStatus3 state.	2022-04-23 00:00:00
5285	2102	750	$15.00	This is in a(n) DefaultStatus3 state.	2022-04-23 00:00:00
5286	2102	780	$15.00	This is in a(n) DefaultStatus4 state.	2022-04-23 00:00:00
5287	2103	500	$15.00	This is in a(n) DefaultStatus4 state.	2022-10-05 00:00:00
5288	2103	540	$15.00	This is in a(n) DefaultStatus5 state.	2022-10-05 00:00:00
5289	2103	291	$10.00	This is in a(n) DefaultStatus2 state.	2022-10-05 00:00:00
5290	2104	528	$15.00	This is in a(n) DefaultStatus2 state.	2022-11-10 00:00:00
5291	2104	395	$15.00	This is in a(n) DefaultStatus2 state.	2022-11-10 00:00:00
5292	2105	351	$100.00	This is in a(n) DefaultStatus3 state.	2021-02-04 00:00:00
5293	2105	473	$15.00	This is in a(n) DefaultStatus1 state.	2021-02-04 00:00:00
5294	2105	482	$15.00	This is in a(n) DefaultStatus4 state.	2021-02-04 00:00:00
5295	2105	701	$15.00	This is in a(n) DefaultStatus2 state.	2021-02-04 00:00:00
5296	2105	777	$15.00	This is in a(n) DefaultStatus3 state.	2021-02-04 00:00:00
5297	2106	432	$15.00	This is in a(n) DefaultStatus3 state.	2022-09-24 00:00:00
5298	2106	418	$15.00	This is in a(n) DefaultStatus5 state.	2022-09-24 00:00:00
5299	2107	549	$15.00	This is in a(n) DefaultStatus1 state.	2023-10-06 00:00:00
5300	2107	371	$15.00	This is in a(n) DefaultStatus1 state.	2023-10-06 00:00:00
5301	2108	310	$4.44	This is in a(n) DefaultStatus1 state.	2021-04-10 00:00:00
5302	2108	318	$4.44	This is in a(n) DefaultStatus1 state.	2021-04-10 00:00:00
5303	2108	645	$15.00	This is in a(n) DefaultStatus1 state.	2021-04-10 00:00:00
5304	2109	700	$15.00	This is in a(n) DefaultStatus2 state.	2023-03-27 00:00:00
5305	2109	288	$10.00	This is in a(n) DefaultStatus2 state.	2023-03-27 00:00:00
5306	2109	293	$10.00	This is in a(n) DefaultStatus2 state.	2023-03-27 00:00:00
5307	2110	529	$15.00	This is in a(n) DefaultStatus2 state.	2022-06-22 00:00:00
5308	2110	300	$10.00	This is in a(n) DefaultStatus3 state.	2022-06-22 00:00:00
5309	2110	291	$10.00	This is in a(n) DefaultStatus2 state.	2022-06-22 00:00:00
5310	2111	314	$4.44	This is in a(n) DefaultStatus1 state.	2023-10-10 00:00:00
5311	2112	367	$15.00	This is in a(n) DefaultStatus1 state.	2022-01-05 00:00:00
5312	2112	685	$15.00	This is in a(n) DefaultStatus4 state.	2022-01-05 00:00:00
5313	2112	694	$15.00	This is in a(n) DefaultStatus1 state.	2022-01-05 00:00:00
5314	2113	471	$15.00	This is in a(n) DefaultStatus1 state.	2023-09-24 00:00:00
5315	2113	352	$100.00	This is in a(n) DefaultStatus3 state.	2023-09-24 00:00:00
5316	2113	679	$15.00	This is in a(n) DefaultStatus4 state.	2023-09-24 00:00:00
5317	2113	280	$10.00	This is in a(n) DefaultStatus1 state.	2023-09-24 00:00:00
5318	2113	780	$15.00	This is in a(n) DefaultStatus4 state.	2023-09-24 00:00:00
5319	2114	672	$15.00	This is in a(n) DefaultStatus1 state.	2021-04-10 00:00:00
5320	2115	587	$15.00	This is in a(n) DefaultStatus3 state.	2022-06-05 00:00:00
5321	2115	503	$15.00	This is in a(n) DefaultStatus4 state.	2022-06-05 00:00:00
5322	2115	400	$15.00	This is in a(n) DefaultStatus2 state.	2022-06-05 00:00:00
5323	2115	670	$15.00	This is in a(n) DefaultStatus5 state.	2022-06-05 00:00:00
5324	2116	339	$100.00	This is in a(n) DefaultStatus1 state.	2021-03-26 00:00:00
5325	2117	587	$15.00	This is in a(n) DefaultStatus3 state.	2023-09-02 00:00:00
5326	2117	540	$15.00	This is in a(n) DefaultStatus5 state.	2023-09-02 00:00:00
5327	2117	613	$15.00	This is in a(n) DefaultStatus2 state.	2023-09-02 00:00:00
5328	2118	482	$15.00	This is in a(n) DefaultStatus4 state.	2023-05-11 00:00:00
5329	2118	291	$10.00	This is in a(n) DefaultStatus2 state.	2023-05-11 00:00:00
5330	2119	502	$15.00	This is in a(n) DefaultStatus4 state.	2021-08-25 00:00:00
5331	2120	558	$15.00	This is in a(n) DefaultStatus2 state.	2022-11-12 00:00:00
5332	2120	503	$15.00	This is in a(n) DefaultStatus4 state.	2022-11-12 00:00:00
5333	2120	617	$15.00	This is in a(n) DefaultStatus3 state.	2022-11-12 00:00:00
5334	2120	774	$15.00	This is in a(n) DefaultStatus3 state.	2022-11-12 00:00:00
5335	2121	593	$15.00	This is in a(n) DefaultStatus3 state.	2022-05-24 00:00:00
5336	2121	540	$15.00	This is in a(n) DefaultStatus5 state.	2022-05-24 00:00:00
5337	2121	615	$15.00	This is in a(n) DefaultStatus2 state.	2022-05-24 00:00:00
5338	2121	294	$10.00	This is in a(n) DefaultStatus2 state.	2022-05-24 00:00:00
5339	2122	619	$15.00	This is in a(n) DefaultStatus3 state.	2023-09-11 00:00:00
5340	2122	320	$4.44	This is in a(n) DefaultStatus3 state.	2023-09-11 00:00:00
5341	2122	681	$15.00	This is in a(n) DefaultStatus4 state.	2023-09-11 00:00:00
5342	2122	287	$10.00	This is in a(n) DefaultStatus2 state.	2023-09-11 00:00:00
5343	2123	323	$4.44	This is in a(n) DefaultStatus3 state.	2022-10-07 00:00:00
5344	2123	288	$10.00	This is in a(n) DefaultStatus2 state.	2022-10-07 00:00:00
5345	2123	369	$15.00	This is in a(n) DefaultStatus1 state.	2022-10-07 00:00:00
5346	2123	777	$15.00	This is in a(n) DefaultStatus3 state.	2022-10-07 00:00:00
5347	2124	552	$15.00	This is in a(n) DefaultStatus1 state.	2022-06-30 00:00:00
5348	2124	396	$15.00	This is in a(n) DefaultStatus2 state.	2022-06-30 00:00:00
5349	2124	549	$15.00	This is in a(n) DefaultStatus1 state.	2022-06-30 00:00:00
5350	2124	311	$4.44	This is in a(n) DefaultStatus1 state.	2022-06-30 00:00:00
5351	2125	392	$15.00	This is in a(n) DefaultStatus2 state.	2021-08-26 00:00:00
5352	2126	595	$15.00	This is in a(n) DefaultStatus3 state.	2022-09-14 00:00:00
5353	2126	306	$10.00	This is in a(n) DefaultStatus4 state.	2022-09-14 00:00:00
5354	2127	398	$15.00	This is in a(n) DefaultStatus2 state.	2022-02-02 00:00:00
5355	2127	304	$10.00	This is in a(n) DefaultStatus4 state.	2022-02-02 00:00:00
5356	2127	320	$4.44	This is in a(n) DefaultStatus3 state.	2022-02-02 00:00:00
5357	2127	312	$4.44	This is in a(n) DefaultStatus1 state.	2022-02-02 00:00:00
5358	2128	534	$15.00	This is in a(n) DefaultStatus3 state.	2022-11-14 00:00:00
5359	2128	426	$15.00	This is in a(n) DefaultStatus1 state.	2022-11-14 00:00:00
5360	2128	776	$15.00	This is in a(n) DefaultStatus3 state.	2022-11-14 00:00:00
5361	2129	671	$15.00	This is in a(n) DefaultStatus5 state.	2022-10-19 00:00:00
5362	2129	618	$15.00	This is in a(n) DefaultStatus3 state.	2022-10-19 00:00:00
5363	2130	529	$15.00	This is in a(n) DefaultStatus2 state.	2021-12-03 00:00:00
5364	2130	562	$15.00	This is in a(n) DefaultStatus2 state.	2021-12-03 00:00:00
5365	2130	393	$15.00	This is in a(n) DefaultStatus2 state.	2021-12-03 00:00:00
5366	2130	748	$15.00	This is in a(n) DefaultStatus3 state.	2021-12-03 00:00:00
5367	2130	778	$15.00	This is in a(n) DefaultStatus4 state.	2021-12-03 00:00:00
5368	2131	478	$15.00	This is in a(n) DefaultStatus3 state.	2021-06-15 00:00:00
5369	2131	566	$15.00	This is in a(n) DefaultStatus3 state.	2021-06-15 00:00:00
5370	2132	554	$15.00	This is in a(n) DefaultStatus2 state.	2023-08-23 00:00:00
5371	2132	427	$15.00	This is in a(n) DefaultStatus1 state.	2023-08-23 00:00:00
5372	2132	290	$10.00	This is in a(n) DefaultStatus2 state.	2023-08-23 00:00:00
5373	2133	501	$15.00	This is in a(n) DefaultStatus4 state.	2023-05-30 00:00:00
5374	2133	318	$4.44	This is in a(n) DefaultStatus1 state.	2023-05-30 00:00:00
5375	2134	399	$15.00	This is in a(n) DefaultStatus2 state.	2023-09-19 00:00:00
5376	2134	591	$15.00	This is in a(n) DefaultStatus3 state.	2023-09-19 00:00:00
5377	2134	415	$15.00	This is in a(n) DefaultStatus5 state.	2023-09-19 00:00:00
5378	2134	682	$15.00	This is in a(n) DefaultStatus4 state.	2023-09-19 00:00:00
5379	2134	284	$10.00	This is in a(n) DefaultStatus1 state.	2023-09-19 00:00:00
5380	2135	600	$15.00	This is in a(n) DefaultStatus4 state.	2021-11-17 00:00:00
5381	2135	683	$15.00	This is in a(n) DefaultStatus4 state.	2021-11-17 00:00:00
5382	2135	298	$10.00	This is in a(n) DefaultStatus3 state.	2021-11-17 00:00:00
5383	2136	557	$15.00	This is in a(n) DefaultStatus2 state.	2022-10-14 00:00:00
5384	2136	613	$15.00	This is in a(n) DefaultStatus2 state.	2022-10-14 00:00:00
5385	2136	642	$15.00	This is in a(n) DefaultStatus5 state.	2022-10-14 00:00:00
5386	2136	681	$15.00	This is in a(n) DefaultStatus4 state.	2022-10-14 00:00:00
5387	2137	399	$15.00	This is in a(n) DefaultStatus2 state.	2021-03-18 00:00:00
5388	2137	538	$15.00	This is in a(n) DefaultStatus3 state.	2021-03-18 00:00:00
5389	2137	418	$15.00	This is in a(n) DefaultStatus5 state.	2021-03-18 00:00:00
5390	2137	810	$15.00	This is in a(n) DefaultStatus4 state.	2021-03-18 00:00:00
5391	2137	704	$15.00	This is in a(n) DefaultStatus2 state.	2021-03-18 00:00:00
5392	2138	434	$15.00	This is in a(n) DefaultStatus3 state.	2023-09-01 00:00:00
5393	2138	600	$15.00	This is in a(n) DefaultStatus4 state.	2023-09-01 00:00:00
5394	2139	472	$15.00	This is in a(n) DefaultStatus1 state.	2022-12-25 00:00:00
5395	2139	565	$15.00	This is in a(n) DefaultStatus3 state.	2022-12-25 00:00:00
5396	2140	617	$15.00	This is in a(n) DefaultStatus3 state.	2022-03-17 00:00:00
5397	2140	749	$15.00	This is in a(n) DefaultStatus3 state.	2022-03-17 00:00:00
5398	2140	762	$15.00	This is in a(n) DefaultStatus1 state.	2022-03-17 00:00:00
5399	2141	554	$15.00	This is in a(n) DefaultStatus2 state.	2022-09-18 00:00:00
5400	2141	303	$10.00	This is in a(n) DefaultStatus3 state.	2022-09-18 00:00:00
5401	2142	412	$15.00	This is in a(n) DefaultStatus5 state.	2021-09-26 00:00:00
5402	2142	425	$15.00	This is in a(n) DefaultStatus1 state.	2021-09-26 00:00:00
5403	2142	302	$10.00	This is in a(n) DefaultStatus3 state.	2021-09-26 00:00:00
5404	2142	706	$15.00	This is in a(n) DefaultStatus2 state.	2021-09-26 00:00:00
5405	2142	777	$15.00	This is in a(n) DefaultStatus3 state.	2021-09-26 00:00:00
5406	2143	399	$15.00	This is in a(n) DefaultStatus2 state.	2023-05-18 00:00:00
5407	2143	282	$10.00	This is in a(n) DefaultStatus1 state.	2023-05-18 00:00:00
5408	2143	761	$15.00	This is in a(n) DefaultStatus1 state.	2023-05-18 00:00:00
5409	2144	547	$15.00	This is in a(n) DefaultStatus1 state.	2021-09-27 00:00:00
5410	2144	319	$4.44	This is in a(n) DefaultStatus2 state.	2021-09-27 00:00:00
5411	2144	312	$4.44	This is in a(n) DefaultStatus1 state.	2021-09-27 00:00:00
5412	2144	693	$15.00	This is in a(n) DefaultStatus1 state.	2021-09-27 00:00:00
5413	2144	370	$15.00	This is in a(n) DefaultStatus1 state.	2021-09-27 00:00:00
5414	2145	500	$15.00	This is in a(n) DefaultStatus4 state.	2023-06-17 00:00:00
5415	2145	596	$15.00	This is in a(n) DefaultStatus4 state.	2023-06-17 00:00:00
5416	2145	294	$10.00	This is in a(n) DefaultStatus2 state.	2023-06-17 00:00:00
5417	2145	705	$15.00	This is in a(n) DefaultStatus2 state.	2023-06-17 00:00:00
5418	2146	563	$15.00	This is in a(n) DefaultStatus3 state.	2023-09-22 00:00:00
5419	2146	564	$15.00	This is in a(n) DefaultStatus3 state.	2023-09-22 00:00:00
5420	2146	357	$100.00	This is in a(n) DefaultStatus4 state.	2023-09-22 00:00:00
5421	2146	425	$15.00	This is in a(n) DefaultStatus1 state.	2023-09-22 00:00:00
5422	2146	679	$15.00	This is in a(n) DefaultStatus4 state.	2023-09-22 00:00:00
5423	2147	529	$15.00	This is in a(n) DefaultStatus2 state.	2023-10-13 00:00:00
5424	2147	562	$15.00	This is in a(n) DefaultStatus2 state.	2023-10-13 00:00:00
5425	2147	672	$15.00	This is in a(n) DefaultStatus1 state.	2023-10-13 00:00:00
5426	2147	618	$15.00	This is in a(n) DefaultStatus3 state.	2023-10-13 00:00:00
5427	2147	732	$15.00	This is in a(n) DefaultStatus4 state.	2023-10-13 00:00:00
5428	2148	478	$15.00	This is in a(n) DefaultStatus3 state.	2022-10-06 00:00:00
5429	2148	524	$15.00	This is in a(n) DefaultStatus2 state.	2022-10-06 00:00:00
5430	2148	288	$10.00	This is in a(n) DefaultStatus2 state.	2022-10-06 00:00:00
5431	2148	723	$15.00	This is in a(n) DefaultStatus3 state.	2022-10-06 00:00:00
5432	2149	411	$15.00	This is in a(n) DefaultStatus5 state.	2022-11-05 00:00:00
5433	2149	727	$15.00	This is in a(n) DefaultStatus4 state.	2022-11-05 00:00:00
5434	2149	730	$15.00	This is in a(n) DefaultStatus4 state.	2022-11-05 00:00:00
5435	2150	593	$15.00	This is in a(n) DefaultStatus3 state.	2021-06-22 00:00:00
5436	2150	358	$100.00	This is in a(n) DefaultStatus4 state.	2021-06-22 00:00:00
5437	2151	318	$4.44	This is in a(n) DefaultStatus1 state.	2022-09-27 00:00:00
5438	2151	780	$15.00	This is in a(n) DefaultStatus4 state.	2022-09-27 00:00:00
5439	2152	273	$5.00	This is in a(n) DefaultStatus4 state.	2022-03-21 00:00:00
5440	2153	484	$15.00	This is in a(n) DefaultStatus4 state.	2021-07-18 00:00:00
5441	2153	534	$15.00	This is in a(n) DefaultStatus3 state.	2021-07-18 00:00:00
5442	2153	566	$15.00	This is in a(n) DefaultStatus3 state.	2021-07-18 00:00:00
5443	2153	371	$15.00	This is in a(n) DefaultStatus1 state.	2021-07-18 00:00:00
5444	2154	273	$5.00	This is in a(n) DefaultStatus4 state.	2022-06-24 00:00:00
5445	2154	370	$15.00	This is in a(n) DefaultStatus1 state.	2022-06-24 00:00:00
5446	2154	748	$15.00	This is in a(n) DefaultStatus3 state.	2022-06-24 00:00:00
5447	2155	338	$100.00	This is in a(n) DefaultStatus1 state.	2023-06-05 00:00:00
5448	2155	684	$15.00	This is in a(n) DefaultStatus4 state.	2023-06-05 00:00:00
5449	2156	656	$15.00	This is in a(n) DefaultStatus3 state.	2021-05-04 00:00:00
5450	2156	618	$15.00	This is in a(n) DefaultStatus3 state.	2021-05-04 00:00:00
5451	2156	702	$15.00	This is in a(n) DefaultStatus2 state.	2021-05-04 00:00:00
5452	2156	285	$10.00	This is in a(n) DefaultStatus1 state.	2021-05-04 00:00:00
5453	2157	565	$15.00	This is in a(n) DefaultStatus3 state.	2022-07-28 00:00:00
5454	2157	411	$15.00	This is in a(n) DefaultStatus5 state.	2022-07-28 00:00:00
5455	2157	775	$15.00	This is in a(n) DefaultStatus3 state.	2022-07-28 00:00:00
5456	2158	421	$15.00	This is in a(n) DefaultStatus1 state.	2021-04-23 00:00:00
5457	2158	319	$4.44	This is in a(n) DefaultStatus2 state.	2021-04-23 00:00:00
5458	2159	471	$15.00	This is in a(n) DefaultStatus1 state.	2021-07-11 00:00:00
5459	2159	501	$15.00	This is in a(n) DefaultStatus4 state.	2021-07-11 00:00:00
5460	2159	422	$15.00	This is in a(n) DefaultStatus1 state.	2021-07-11 00:00:00
5461	2159	272	$5.00	This is in a(n) DefaultStatus4 state.	2021-07-11 00:00:00
5462	2160	472	$15.00	This is in a(n) DefaultStatus1 state.	2023-05-17 00:00:00
5463	2160	531	$15.00	This is in a(n) DefaultStatus3 state.	2023-05-17 00:00:00
5464	2160	416	$15.00	This is in a(n) DefaultStatus5 state.	2023-05-17 00:00:00
5465	2160	319	$4.44	This is in a(n) DefaultStatus2 state.	2023-05-17 00:00:00
5466	2161	341	$100.00	This is in a(n) DefaultStatus1 state.	2022-12-25 00:00:00
5467	2161	531	$15.00	This is in a(n) DefaultStatus3 state.	2022-12-25 00:00:00
5468	2161	591	$15.00	This is in a(n) DefaultStatus3 state.	2022-12-25 00:00:00
5469	2161	393	$15.00	This is in a(n) DefaultStatus2 state.	2022-12-25 00:00:00
5470	2161	699	$15.00	This is in a(n) DefaultStatus2 state.	2022-12-25 00:00:00
5471	2162	593	$15.00	This is in a(n) DefaultStatus3 state.	2022-08-04 00:00:00
5472	2163	433	$15.00	This is in a(n) DefaultStatus3 state.	2021-12-18 00:00:00
5473	2163	529	$15.00	This is in a(n) DefaultStatus2 state.	2021-12-18 00:00:00
5474	2163	423	$15.00	This is in a(n) DefaultStatus1 state.	2021-12-18 00:00:00
5475	2163	285	$10.00	This is in a(n) DefaultStatus1 state.	2021-12-18 00:00:00
5476	2163	704	$15.00	This is in a(n) DefaultStatus2 state.	2021-12-18 00:00:00
5477	2164	679	$15.00	This is in a(n) DefaultStatus4 state.	2021-11-18 00:00:00
5478	2164	694	$15.00	This is in a(n) DefaultStatus1 state.	2021-11-18 00:00:00
5479	2164	699	$15.00	This is in a(n) DefaultStatus2 state.	2021-11-18 00:00:00
5480	2164	726	$15.00	This is in a(n) DefaultStatus4 state.	2021-11-18 00:00:00
5481	2164	749	$15.00	This is in a(n) DefaultStatus3 state.	2021-11-18 00:00:00
5482	2165	360	$100.00	This is in a(n) DefaultStatus4 state.	2023-10-19 00:00:00
5483	2165	644	$15.00	This is in a(n) DefaultStatus1 state.	2023-10-19 00:00:00
5484	2165	777	$15.00	This is in a(n) DefaultStatus3 state.	2023-10-19 00:00:00
5485	2165	779	$15.00	This is in a(n) DefaultStatus4 state.	2023-10-19 00:00:00
5486	2166	733	$15.00	This is in a(n) DefaultStatus4 state.	2022-06-09 00:00:00
5487	2167	483	$15.00	This is in a(n) DefaultStatus4 state.	2022-12-17 00:00:00
5488	2167	536	$15.00	This is in a(n) DefaultStatus3 state.	2022-12-17 00:00:00
5489	2167	543	$15.00	This is in a(n) DefaultStatus5 state.	2022-12-17 00:00:00
5490	2168	410	$15.00	This is in a(n) DefaultStatus5 state.	2022-04-30 00:00:00
5491	2169	762	$15.00	This is in a(n) DefaultStatus1 state.	2021-06-04 00:00:00
5492	2170	435	$15.00	This is in a(n) DefaultStatus3 state.	2022-09-28 00:00:00
5493	2171	432	$15.00	This is in a(n) DefaultStatus3 state.	2022-06-07 00:00:00
5494	2171	295	$10.00	This is in a(n) DefaultStatus3 state.	2022-06-07 00:00:00
5495	2172	503	$15.00	This is in a(n) DefaultStatus4 state.	2022-09-15 00:00:00
5496	2173	534	$15.00	This is in a(n) DefaultStatus3 state.	2022-05-02 00:00:00
5497	2173	322	$4.44	This is in a(n) DefaultStatus3 state.	2022-05-02 00:00:00
5498	2173	614	$15.00	This is in a(n) DefaultStatus2 state.	2022-05-02 00:00:00
5499	2173	672	$15.00	This is in a(n) DefaultStatus1 state.	2022-05-02 00:00:00
5500	2173	297	$10.00	This is in a(n) DefaultStatus3 state.	2022-05-02 00:00:00
5501	2174	529	$15.00	This is in a(n) DefaultStatus2 state.	2023-03-19 00:00:00
5502	2174	320	$4.44	This is in a(n) DefaultStatus3 state.	2023-03-19 00:00:00
5503	2174	670	$15.00	This is in a(n) DefaultStatus5 state.	2023-03-19 00:00:00
5504	2174	728	$15.00	This is in a(n) DefaultStatus4 state.	2023-03-19 00:00:00
5505	2174	706	$15.00	This is in a(n) DefaultStatus2 state.	2023-03-19 00:00:00
5506	2175	392	$15.00	This is in a(n) DefaultStatus2 state.	2021-05-14 00:00:00
5507	2175	656	$15.00	This is in a(n) DefaultStatus3 state.	2021-05-14 00:00:00
5508	2175	373	$15.00	This is in a(n) DefaultStatus2 state.	2021-05-14 00:00:00
5509	2175	773	$15.00	This is in a(n) DefaultStatus3 state.	2021-05-14 00:00:00
5510	2176	320	$4.44	This is in a(n) DefaultStatus3 state.	2022-12-31 00:00:00
5511	2176	356	$100.00	This is in a(n) DefaultStatus4 state.	2022-12-31 00:00:00
5512	2176	422	$15.00	This is in a(n) DefaultStatus1 state.	2022-12-31 00:00:00
5513	2176	643	$15.00	This is in a(n) DefaultStatus5 state.	2022-12-31 00:00:00
5514	2176	731	$15.00	This is in a(n) DefaultStatus4 state.	2022-12-31 00:00:00
5515	2177	373	$15.00	This is in a(n) DefaultStatus2 state.	2022-09-14 00:00:00
5516	2178	394	$15.00	This is in a(n) DefaultStatus2 state.	2022-09-20 00:00:00
5517	2178	323	$4.44	This is in a(n) DefaultStatus3 state.	2022-09-20 00:00:00
5518	2178	319	$4.44	This is in a(n) DefaultStatus2 state.	2022-09-20 00:00:00
5519	2179	432	$15.00	This is in a(n) DefaultStatus3 state.	2021-11-17 00:00:00
5520	2179	482	$15.00	This is in a(n) DefaultStatus4 state.	2021-11-17 00:00:00
5521	2179	560	$15.00	This is in a(n) DefaultStatus2 state.	2021-11-17 00:00:00
5522	2179	538	$15.00	This is in a(n) DefaultStatus3 state.	2021-11-17 00:00:00
5523	2179	700	$15.00	This is in a(n) DefaultStatus2 state.	2021-11-17 00:00:00
5524	2180	483	$15.00	This is in a(n) DefaultStatus4 state.	2023-06-25 00:00:00
5525	2181	341	$100.00	This is in a(n) DefaultStatus1 state.	2022-02-20 00:00:00
5526	2181	360	$100.00	This is in a(n) DefaultStatus4 state.	2022-02-20 00:00:00
5527	2181	780	$15.00	This is in a(n) DefaultStatus4 state.	2022-02-20 00:00:00
5528	2182	320	$4.44	This is in a(n) DefaultStatus3 state.	2021-10-18 00:00:00
5529	2182	702	$15.00	This is in a(n) DefaultStatus2 state.	2021-10-18 00:00:00
5530	2183	435	$15.00	This is in a(n) DefaultStatus3 state.	2021-12-10 00:00:00
5531	2184	536	$15.00	This is in a(n) DefaultStatus3 state.	2022-02-08 00:00:00
5532	2184	537	$15.00	This is in a(n) DefaultStatus3 state.	2022-02-08 00:00:00
5533	2184	672	$15.00	This is in a(n) DefaultStatus1 state.	2022-02-08 00:00:00
5534	2184	431	$15.00	This is in a(n) DefaultStatus3 state.	2022-02-08 00:00:00
5535	2184	368	$15.00	This is in a(n) DefaultStatus1 state.	2022-02-08 00:00:00
5536	2185	315	$4.44	This is in a(n) DefaultStatus1 state.	2022-11-02 00:00:00
5537	2185	318	$4.44	This is in a(n) DefaultStatus1 state.	2022-11-02 00:00:00
5538	2185	312	$4.44	This is in a(n) DefaultStatus1 state.	2022-11-02 00:00:00
5539	2185	295	$10.00	This is in a(n) DefaultStatus3 state.	2022-11-02 00:00:00
5540	2185	728	$15.00	This is in a(n) DefaultStatus4 state.	2022-11-02 00:00:00
5541	2186	425	$15.00	This is in a(n) DefaultStatus1 state.	2023-06-16 00:00:00
5542	2187	561	$15.00	This is in a(n) DefaultStatus2 state.	2021-01-24 00:00:00
5543	2187	410	$15.00	This is in a(n) DefaultStatus5 state.	2021-01-24 00:00:00
5544	2188	313	$4.44	This is in a(n) DefaultStatus1 state.	2022-05-20 00:00:00
5545	2188	372	$15.00	This is in a(n) DefaultStatus1 state.	2022-05-20 00:00:00
5546	2189	474	$15.00	This is in a(n) DefaultStatus1 state.	2021-10-25 00:00:00
5547	2189	300	$10.00	This is in a(n) DefaultStatus3 state.	2021-10-25 00:00:00
5548	2190	286	$10.00	This is in a(n) DefaultStatus1 state.	2021-07-10 00:00:00
5549	2190	726	$15.00	This is in a(n) DefaultStatus4 state.	2021-07-10 00:00:00
5550	2191	480	$15.00	This is in a(n) DefaultStatus3 state.	2022-08-01 00:00:00
5551	2191	350	$100.00	This is in a(n) DefaultStatus3 state.	2022-08-01 00:00:00
5552	2191	697	$15.00	This is in a(n) DefaultStatus2 state.	2022-08-01 00:00:00
5553	2191	810	$15.00	This is in a(n) DefaultStatus4 state.	2022-08-01 00:00:00
5554	2192	564	$15.00	This is in a(n) DefaultStatus3 state.	2023-10-14 00:00:00
5555	2192	595	$15.00	This is in a(n) DefaultStatus3 state.	2023-10-14 00:00:00
5556	2193	541	$15.00	This is in a(n) DefaultStatus5 state.	2022-09-12 00:00:00
5557	2193	418	$15.00	This is in a(n) DefaultStatus5 state.	2022-09-12 00:00:00
5558	2193	681	$15.00	This is in a(n) DefaultStatus4 state.	2022-09-12 00:00:00
5559	2193	288	$10.00	This is in a(n) DefaultStatus2 state.	2022-09-12 00:00:00
5560	2193	292	$10.00	This is in a(n) DefaultStatus2 state.	2022-09-12 00:00:00
5561	2194	348	$100.00	This is in a(n) DefaultStatus3 state.	2021-03-21 00:00:00
5562	2194	542	$15.00	This is in a(n) DefaultStatus5 state.	2021-03-21 00:00:00
5563	2194	372	$15.00	This is in a(n) DefaultStatus1 state.	2021-03-21 00:00:00
5564	2194	762	$15.00	This is in a(n) DefaultStatus1 state.	2021-03-21 00:00:00
5565	2195	475	$15.00	This is in a(n) DefaultStatus1 state.	2021-03-06 00:00:00
5566	2195	420	$15.00	This is in a(n) DefaultStatus1 state.	2021-03-06 00:00:00
5567	2195	660	$15.00	This is in a(n) DefaultStatus3 state.	2021-03-06 00:00:00
5568	2195	369	$15.00	This is in a(n) DefaultStatus1 state.	2021-03-06 00:00:00
5569	2196	342	$100.00	This is in a(n) DefaultStatus1 state.	2022-12-09 00:00:00
5570	2196	508	$15.00	This is in a(n) DefaultStatus4 state.	2022-12-09 00:00:00
5571	2196	686	$15.00	This is in a(n) DefaultStatus4 state.	2022-12-09 00:00:00
5572	2196	773	$15.00	This is in a(n) DefaultStatus3 state.	2022-12-09 00:00:00
5573	2197	352	$100.00	This is in a(n) DefaultStatus3 state.	2022-07-07 00:00:00
5574	2198	479	$15.00	This is in a(n) DefaultStatus3 state.	2023-05-07 00:00:00
5575	2198	719	$15.00	This is in a(n) DefaultStatus1 state.	2023-05-07 00:00:00
5576	2198	751	$15.00	This is in a(n) DefaultStatus3 state.	2023-05-07 00:00:00
5577	2199	482	$15.00	This is in a(n) DefaultStatus4 state.	2023-09-12 00:00:00
5578	2199	322	$4.44	This is in a(n) DefaultStatus3 state.	2023-09-12 00:00:00
5579	2199	356	$100.00	This is in a(n) DefaultStatus4 state.	2023-09-12 00:00:00
5580	2199	288	$10.00	This is in a(n) DefaultStatus2 state.	2023-09-12 00:00:00
5581	2199	726	$15.00	This is in a(n) DefaultStatus4 state.	2023-09-12 00:00:00
5582	2200	656	$15.00	This is in a(n) DefaultStatus3 state.	2021-01-26 00:00:00
5583	2201	545	$15.00	This is in a(n) DefaultStatus5 state.	2021-02-01 00:00:00
5584	2201	392	$15.00	This is in a(n) DefaultStatus2 state.	2021-02-01 00:00:00
5585	2201	295	$10.00	This is in a(n) DefaultStatus3 state.	2021-02-01 00:00:00
5586	2202	533	$15.00	This is in a(n) DefaultStatus3 state.	2022-09-04 00:00:00
5587	2202	682	$15.00	This is in a(n) DefaultStatus4 state.	2022-09-04 00:00:00
5588	2202	646	$15.00	This is in a(n) DefaultStatus1 state.	2022-09-04 00:00:00
5589	2202	291	$10.00	This is in a(n) DefaultStatus2 state.	2022-09-04 00:00:00
5590	2202	776	$15.00	This is in a(n) DefaultStatus3 state.	2022-09-04 00:00:00
5591	2203	536	$15.00	This is in a(n) DefaultStatus3 state.	2023-10-12 00:00:00
5592	2203	527	$15.00	This is in a(n) DefaultStatus2 state.	2023-10-12 00:00:00
5593	2203	326	$4.44	This is in a(n) DefaultStatus4 state.	2023-10-12 00:00:00
5594	2203	424	$15.00	This is in a(n) DefaultStatus1 state.	2023-10-12 00:00:00
5595	2204	350	$100.00	This is in a(n) DefaultStatus3 state.	2022-03-11 00:00:00
5596	2204	536	$15.00	This is in a(n) DefaultStatus3 state.	2022-03-11 00:00:00
5597	2204	545	$15.00	This is in a(n) DefaultStatus5 state.	2022-03-11 00:00:00
5598	2204	400	$15.00	This is in a(n) DefaultStatus2 state.	2022-03-11 00:00:00
5599	2204	701	$15.00	This is in a(n) DefaultStatus2 state.	2022-03-11 00:00:00
5600	2205	354	$100.00	This is in a(n) DefaultStatus3 state.	2022-06-09 00:00:00
5601	2205	309	$10.00	This is in a(n) DefaultStatus5 state.	2022-06-09 00:00:00
5602	2205	370	$15.00	This is in a(n) DefaultStatus1 state.	2022-06-09 00:00:00
5603	2206	339	$100.00	This is in a(n) DefaultStatus1 state.	2021-09-09 00:00:00
5604	2207	399	$15.00	This is in a(n) DefaultStatus2 state.	2021-04-01 00:00:00
5605	2208	587	$15.00	This is in a(n) DefaultStatus3 state.	2022-07-05 00:00:00
5606	2208	410	$15.00	This is in a(n) DefaultStatus5 state.	2022-07-05 00:00:00
5607	2208	294	$10.00	This is in a(n) DefaultStatus2 state.	2022-07-05 00:00:00
5608	2209	354	$100.00	This is in a(n) DefaultStatus3 state.	2022-02-05 00:00:00
5609	2209	537	$15.00	This is in a(n) DefaultStatus3 state.	2022-02-05 00:00:00
5610	2209	319	$4.44	This is in a(n) DefaultStatus2 state.	2022-02-05 00:00:00
5611	2209	419	$15.00	This is in a(n) DefaultStatus1 state.	2022-02-05 00:00:00
5612	2209	729	$15.00	This is in a(n) DefaultStatus4 state.	2022-02-05 00:00:00
5613	2210	484	$15.00	This is in a(n) DefaultStatus4 state.	2022-11-01 00:00:00
5614	2210	540	$15.00	This is in a(n) DefaultStatus5 state.	2022-11-01 00:00:00
5615	2210	430	$15.00	This is in a(n) DefaultStatus3 state.	2022-11-01 00:00:00
5616	2210	309	$10.00	This is in a(n) DefaultStatus5 state.	2022-11-01 00:00:00
5617	2210	730	$15.00	This is in a(n) DefaultStatus4 state.	2022-11-01 00:00:00
5618	2211	553	$15.00	This is in a(n) DefaultStatus2 state.	2023-06-17 00:00:00
5619	2211	298	$10.00	This is in a(n) DefaultStatus3 state.	2023-06-17 00:00:00
5620	2212	472	$15.00	This is in a(n) DefaultStatus1 state.	2021-02-12 00:00:00
5621	2212	341	$100.00	This is in a(n) DefaultStatus1 state.	2021-02-12 00:00:00
5622	2212	657	$15.00	This is in a(n) DefaultStatus3 state.	2021-02-12 00:00:00
5623	2212	279	$10.00	This is in a(n) DefaultStatus1 state.	2021-02-12 00:00:00
5624	2213	507	$15.00	This is in a(n) DefaultStatus4 state.	2021-03-11 00:00:00
5625	2213	500	$15.00	This is in a(n) DefaultStatus4 state.	2021-03-11 00:00:00
5626	2213	592	$15.00	This is in a(n) DefaultStatus3 state.	2021-03-11 00:00:00
5627	2213	697	$15.00	This is in a(n) DefaultStatus2 state.	2021-03-11 00:00:00
5628	2214	554	$15.00	This is in a(n) DefaultStatus2 state.	2022-10-22 00:00:00
5629	2214	356	$100.00	This is in a(n) DefaultStatus4 state.	2022-10-22 00:00:00
5630	2214	670	$15.00	This is in a(n) DefaultStatus5 state.	2022-10-22 00:00:00
5631	2214	422	$15.00	This is in a(n) DefaultStatus1 state.	2022-10-22 00:00:00
5632	2214	761	$15.00	This is in a(n) DefaultStatus1 state.	2022-10-22 00:00:00
5633	2215	285	$10.00	This is in a(n) DefaultStatus1 state.	2023-08-24 00:00:00
5634	2216	291	$10.00	This is in a(n) DefaultStatus2 state.	2021-09-27 00:00:00
5635	2217	536	$15.00	This is in a(n) DefaultStatus3 state.	2021-05-21 00:00:00
5636	2217	311	$4.44	This is in a(n) DefaultStatus1 state.	2021-05-21 00:00:00
5637	2217	315	$4.44	This is in a(n) DefaultStatus1 state.	2021-05-21 00:00:00
5638	2217	706	$15.00	This is in a(n) DefaultStatus2 state.	2021-05-21 00:00:00
5639	2218	529	$15.00	This is in a(n) DefaultStatus2 state.	2021-09-10 00:00:00
5640	2218	553	$15.00	This is in a(n) DefaultStatus2 state.	2021-09-10 00:00:00
5641	2218	565	$15.00	This is in a(n) DefaultStatus3 state.	2021-09-10 00:00:00
5642	2219	481	$15.00	This is in a(n) DefaultStatus4 state.	2022-01-28 00:00:00
5643	2219	341	$100.00	This is in a(n) DefaultStatus1 state.	2022-01-28 00:00:00
5644	2219	500	$15.00	This is in a(n) DefaultStatus4 state.	2022-01-28 00:00:00
5645	2219	706	$15.00	This is in a(n) DefaultStatus2 state.	2022-01-28 00:00:00
5646	2220	411	$15.00	This is in a(n) DefaultStatus5 state.	2022-08-06 00:00:00
5647	2220	700	$15.00	This is in a(n) DefaultStatus2 state.	2022-08-06 00:00:00
5648	2220	299	$10.00	This is in a(n) DefaultStatus3 state.	2022-08-06 00:00:00
5649	2220	761	$15.00	This is in a(n) DefaultStatus1 state.	2022-08-06 00:00:00
5650	2221	556	$15.00	This is in a(n) DefaultStatus2 state.	2022-06-22 00:00:00
5651	2222	697	$15.00	This is in a(n) DefaultStatus2 state.	2023-03-21 00:00:00
5652	2223	502	$15.00	This is in a(n) DefaultStatus4 state.	2023-08-26 00:00:00
5653	2223	307	$10.00	This is in a(n) DefaultStatus5 state.	2023-08-26 00:00:00
5654	2223	315	$4.44	This is in a(n) DefaultStatus1 state.	2023-08-26 00:00:00
5655	2223	760	$15.00	This is in a(n) DefaultStatus1 state.	2023-08-26 00:00:00
5656	2224	350	$100.00	This is in a(n) DefaultStatus3 state.	2023-04-01 00:00:00
5657	2224	545	$15.00	This is in a(n) DefaultStatus5 state.	2023-04-01 00:00:00
5658	2224	417	$15.00	This is in a(n) DefaultStatus5 state.	2023-04-01 00:00:00
5659	2224	411	$15.00	This is in a(n) DefaultStatus5 state.	2023-04-01 00:00:00
5660	2224	697	$15.00	This is in a(n) DefaultStatus2 state.	2023-04-01 00:00:00
5661	2225	553	$15.00	This is in a(n) DefaultStatus2 state.	2022-04-02 00:00:00
5662	2225	310	$4.44	This is in a(n) DefaultStatus1 state.	2022-04-02 00:00:00
5663	2225	670	$15.00	This is in a(n) DefaultStatus5 state.	2022-04-02 00:00:00
5664	2225	762	$15.00	This is in a(n) DefaultStatus1 state.	2022-04-02 00:00:00
5665	2226	672	$15.00	This is in a(n) DefaultStatus1 state.	2022-07-09 00:00:00
5666	2227	533	$15.00	This is in a(n) DefaultStatus3 state.	2022-05-17 00:00:00
5667	2227	553	$15.00	This is in a(n) DefaultStatus2 state.	2022-05-17 00:00:00
5668	2227	430	$15.00	This is in a(n) DefaultStatus3 state.	2022-05-17 00:00:00
5669	2227	683	$15.00	This is in a(n) DefaultStatus4 state.	2022-05-17 00:00:00
5670	2227	391	$15.00	This is in a(n) DefaultStatus1 state.	2022-05-17 00:00:00
5671	2228	322	$4.44	This is in a(n) DefaultStatus3 state.	2022-04-10 00:00:00
5672	2228	647	$15.00	This is in a(n) DefaultStatus1 state.	2022-04-10 00:00:00
5673	2229	370	$15.00	This is in a(n) DefaultStatus1 state.	2023-01-31 00:00:00
5674	2230	342	$100.00	This is in a(n) DefaultStatus1 state.	2023-03-30 00:00:00
5675	2230	541	$15.00	This is in a(n) DefaultStatus5 state.	2023-03-30 00:00:00
5676	2230	394	$15.00	This is in a(n) DefaultStatus2 state.	2023-03-30 00:00:00
5677	2230	306	$10.00	This is in a(n) DefaultStatus4 state.	2023-03-30 00:00:00
5678	2230	685	$15.00	This is in a(n) DefaultStatus4 state.	2023-03-30 00:00:00
5679	2231	587	$15.00	This is in a(n) DefaultStatus3 state.	2022-06-25 00:00:00
5680	2231	367	$15.00	This is in a(n) DefaultStatus1 state.	2022-06-25 00:00:00
5681	2231	371	$15.00	This is in a(n) DefaultStatus1 state.	2022-06-25 00:00:00
5682	2232	560	$15.00	This is in a(n) DefaultStatus2 state.	2022-04-24 00:00:00
5683	2232	538	$15.00	This is in a(n) DefaultStatus3 state.	2022-04-24 00:00:00
5684	2232	291	$10.00	This is in a(n) DefaultStatus2 state.	2022-04-24 00:00:00
5685	2232	704	$15.00	This is in a(n) DefaultStatus2 state.	2022-04-24 00:00:00
5686	2233	449	$15.00	This is in a(n) DefaultStatus1 state.	2021-03-29 00:00:00
5687	2233	591	$15.00	This is in a(n) DefaultStatus3 state.	2021-03-29 00:00:00
5688	2233	373	$15.00	This is in a(n) DefaultStatus2 state.	2021-03-29 00:00:00
5689	2234	562	$15.00	This is in a(n) DefaultStatus2 state.	2022-04-16 00:00:00
5690	2234	418	$15.00	This is in a(n) DefaultStatus5 state.	2022-04-16 00:00:00
5691	2234	706	$15.00	This is in a(n) DefaultStatus2 state.	2022-04-16 00:00:00
5692	2235	548	$15.00	This is in a(n) DefaultStatus1 state.	2021-05-21 00:00:00
5693	2235	422	$15.00	This is in a(n) DefaultStatus1 state.	2021-05-21 00:00:00
5694	2235	319	$4.44	This is in a(n) DefaultStatus2 state.	2021-05-21 00:00:00
5695	2235	312	$4.44	This is in a(n) DefaultStatus1 state.	2021-05-21 00:00:00
5696	2235	296	$10.00	This is in a(n) DefaultStatus3 state.	2021-05-21 00:00:00
5697	2236	480	$15.00	This is in a(n) DefaultStatus3 state.	2022-05-15 00:00:00
5698	2236	449	$15.00	This is in a(n) DefaultStatus1 state.	2022-05-15 00:00:00
5699	2236	479	$15.00	This is in a(n) DefaultStatus3 state.	2022-05-15 00:00:00
5700	2236	597	$15.00	This is in a(n) DefaultStatus4 state.	2022-05-15 00:00:00
5701	2236	774	$15.00	This is in a(n) DefaultStatus3 state.	2022-05-15 00:00:00
5702	2237	551	$15.00	This is in a(n) DefaultStatus1 state.	2022-07-22 00:00:00
5703	2238	482	$15.00	This is in a(n) DefaultStatus4 state.	2021-10-24 00:00:00
5704	2238	305	$10.00	This is in a(n) DefaultStatus4 state.	2021-10-24 00:00:00
5705	2238	367	$15.00	This is in a(n) DefaultStatus1 state.	2021-10-24 00:00:00
5706	2238	306	$10.00	This is in a(n) DefaultStatus4 state.	2021-10-24 00:00:00
5707	2238	298	$10.00	This is in a(n) DefaultStatus3 state.	2021-10-24 00:00:00
5708	2239	432	$15.00	This is in a(n) DefaultStatus3 state.	2022-11-22 00:00:00
5709	2239	508	$15.00	This is in a(n) DefaultStatus4 state.	2022-11-22 00:00:00
5710	2239	613	$15.00	This is in a(n) DefaultStatus2 state.	2022-11-22 00:00:00
5711	2239	658	$15.00	This is in a(n) DefaultStatus3 state.	2022-11-22 00:00:00
5712	2239	409	$15.00	This is in a(n) DefaultStatus5 state.	2022-11-22 00:00:00
5713	2240	504	$15.00	This is in a(n) DefaultStatus4 state.	2021-10-16 00:00:00
5714	2241	508	$15.00	This is in a(n) DefaultStatus4 state.	2022-03-05 00:00:00
5715	2241	292	$10.00	This is in a(n) DefaultStatus2 state.	2022-03-05 00:00:00
5716	2242	433	$15.00	This is in a(n) DefaultStatus3 state.	2022-08-24 00:00:00
5717	2242	603	$15.00	This is in a(n) DefaultStatus4 state.	2022-08-24 00:00:00
5718	2242	305	$10.00	This is in a(n) DefaultStatus4 state.	2022-08-24 00:00:00
5719	2242	644	$15.00	This is in a(n) DefaultStatus1 state.	2022-08-24 00:00:00
5720	2243	507	$15.00	This is in a(n) DefaultStatus4 state.	2021-12-01 00:00:00
5721	2243	539	$15.00	This is in a(n) DefaultStatus4 state.	2021-12-01 00:00:00
5722	2243	726	$15.00	This is in a(n) DefaultStatus4 state.	2021-12-01 00:00:00
5723	2244	644	$15.00	This is in a(n) DefaultStatus1 state.	2021-02-11 00:00:00
5724	2244	645	$15.00	This is in a(n) DefaultStatus1 state.	2021-02-11 00:00:00
5725	2244	701	$15.00	This is in a(n) DefaultStatus2 state.	2021-02-11 00:00:00
5726	2245	687	$15.00	This is in a(n) DefaultStatus4 state.	2021-08-26 00:00:00
5727	2245	285	$10.00	This is in a(n) DefaultStatus1 state.	2021-08-26 00:00:00
5728	2246	527	$15.00	This is in a(n) DefaultStatus2 state.	2023-07-06 00:00:00
5729	2246	603	$15.00	This is in a(n) DefaultStatus4 state.	2023-07-06 00:00:00
5730	2246	645	$15.00	This is in a(n) DefaultStatus1 state.	2023-07-06 00:00:00
5731	2247	394	$15.00	This is in a(n) DefaultStatus2 state.	2023-05-10 00:00:00
5732	2248	556	$15.00	This is in a(n) DefaultStatus2 state.	2022-10-15 00:00:00
5733	2248	557	$15.00	This is in a(n) DefaultStatus2 state.	2022-10-15 00:00:00
5734	2248	413	$15.00	This is in a(n) DefaultStatus5 state.	2022-10-15 00:00:00
5735	2248	683	$15.00	This is in a(n) DefaultStatus4 state.	2022-10-15 00:00:00
5736	2249	433	$15.00	This is in a(n) DefaultStatus3 state.	2022-04-16 00:00:00
5737	2249	669	$15.00	This is in a(n) DefaultStatus5 state.	2022-04-16 00:00:00
5738	2249	359	$100.00	This is in a(n) DefaultStatus4 state.	2022-04-16 00:00:00
5739	2250	527	$15.00	This is in a(n) DefaultStatus2 state.	2021-12-25 00:00:00
5740	2250	555	$15.00	This is in a(n) DefaultStatus2 state.	2021-12-25 00:00:00
5741	2250	525	$15.00	This is in a(n) DefaultStatus2 state.	2021-12-25 00:00:00
5742	2250	680	$15.00	This is in a(n) DefaultStatus4 state.	2021-12-25 00:00:00
5743	2250	726	$15.00	This is in a(n) DefaultStatus4 state.	2021-12-25 00:00:00
5744	2251	499	$15.00	This is in a(n) DefaultStatus4 state.	2021-05-20 00:00:00
5745	2251	502	$15.00	This is in a(n) DefaultStatus4 state.	2021-05-20 00:00:00
5746	2251	777	$15.00	This is in a(n) DefaultStatus3 state.	2021-05-20 00:00:00
5747	2252	592	$15.00	This is in a(n) DefaultStatus3 state.	2021-06-09 00:00:00
5748	2252	306	$10.00	This is in a(n) DefaultStatus4 state.	2021-06-09 00:00:00
5749	2252	700	$15.00	This is in a(n) DefaultStatus2 state.	2021-06-09 00:00:00
5750	2252	289	$10.00	This is in a(n) DefaultStatus2 state.	2021-06-09 00:00:00
5751	2253	478	$15.00	This is in a(n) DefaultStatus3 state.	2022-12-30 00:00:00
5752	2253	530	$15.00	This is in a(n) DefaultStatus2 state.	2022-12-30 00:00:00
5753	2253	307	$10.00	This is in a(n) DefaultStatus5 state.	2022-12-30 00:00:00
5754	2253	685	$15.00	This is in a(n) DefaultStatus4 state.	2022-12-30 00:00:00
5755	2253	684	$15.00	This is in a(n) DefaultStatus4 state.	2022-12-30 00:00:00
5756	2254	435	$15.00	This is in a(n) DefaultStatus3 state.	2021-11-26 00:00:00
5757	2255	493	$15.00	This is in a(n) DefaultStatus2 state.	2022-12-11 00:00:00
5758	2256	681	$15.00	This is in a(n) DefaultStatus4 state.	2022-04-15 00:00:00
5759	2257	349	$100.00	This is in a(n) DefaultStatus3 state.	2023-05-07 00:00:00
5760	2257	340	$100.00	This is in a(n) DefaultStatus1 state.	2023-05-07 00:00:00
5761	2257	539	$15.00	This is in a(n) DefaultStatus4 state.	2023-05-07 00:00:00
5762	2257	279	$10.00	This is in a(n) DefaultStatus1 state.	2023-05-07 00:00:00
5763	2258	535	$15.00	This is in a(n) DefaultStatus3 state.	2021-12-03 00:00:00
5764	2258	724	$15.00	This is in a(n) DefaultStatus3 state.	2021-12-03 00:00:00
5765	2259	531	$15.00	This is in a(n) DefaultStatus3 state.	2022-09-13 00:00:00
5766	2259	394	$15.00	This is in a(n) DefaultStatus2 state.	2022-09-13 00:00:00
5767	2259	400	$15.00	This is in a(n) DefaultStatus2 state.	2022-09-13 00:00:00
5768	2259	679	$15.00	This is in a(n) DefaultStatus4 state.	2022-09-13 00:00:00
5769	2259	298	$10.00	This is in a(n) DefaultStatus3 state.	2022-09-13 00:00:00
5770	2260	482	$15.00	This is in a(n) DefaultStatus4 state.	2023-09-02 00:00:00
5771	2260	603	$15.00	This is in a(n) DefaultStatus4 state.	2023-09-02 00:00:00
5772	2260	361	$100.00	This is in a(n) DefaultStatus4 state.	2023-09-02 00:00:00
5773	2260	697	$15.00	This is in a(n) DefaultStatus2 state.	2023-09-02 00:00:00
5774	2260	373	$15.00	This is in a(n) DefaultStatus2 state.	2023-09-02 00:00:00
5775	2261	448	$15.00	This is in a(n) DefaultStatus1 state.	2023-04-05 00:00:00
5776	2261	328	$4.44	This is in a(n) DefaultStatus4 state.	2023-04-05 00:00:00
5777	2261	729	$15.00	This is in a(n) DefaultStatus4 state.	2023-04-05 00:00:00
5778	2262	526	$15.00	This is in a(n) DefaultStatus2 state.	2021-12-07 00:00:00
5779	2262	591	$15.00	This is in a(n) DefaultStatus3 state.	2021-12-07 00:00:00
5780	2262	306	$10.00	This is in a(n) DefaultStatus4 state.	2021-12-07 00:00:00
5781	2262	418	$15.00	This is in a(n) DefaultStatus5 state.	2021-12-07 00:00:00
5782	2263	528	$15.00	This is in a(n) DefaultStatus2 state.	2022-08-09 00:00:00
5783	2263	533	$15.00	This is in a(n) DefaultStatus3 state.	2022-08-09 00:00:00
5784	2263	394	$15.00	This is in a(n) DefaultStatus2 state.	2022-08-09 00:00:00
5785	2263	272	$5.00	This is in a(n) DefaultStatus4 state.	2022-08-09 00:00:00
5786	2264	549	$15.00	This is in a(n) DefaultStatus1 state.	2022-01-01 00:00:00
5787	2264	289	$10.00	This is in a(n) DefaultStatus2 state.	2022-01-01 00:00:00
5788	2265	616	$15.00	This is in a(n) DefaultStatus3 state.	2022-02-21 00:00:00
5789	2265	684	$15.00	This is in a(n) DefaultStatus4 state.	2022-02-21 00:00:00
5790	2266	614	$15.00	This is in a(n) DefaultStatus2 state.	2022-11-27 00:00:00
5791	2267	560	$15.00	This is in a(n) DefaultStatus2 state.	2021-01-29 00:00:00
5792	2267	528	$15.00	This is in a(n) DefaultStatus2 state.	2021-01-29 00:00:00
5793	2267	280	$10.00	This is in a(n) DefaultStatus1 state.	2021-01-29 00:00:00
5794	2267	299	$10.00	This is in a(n) DefaultStatus3 state.	2021-01-29 00:00:00
5795	2268	480	$15.00	This is in a(n) DefaultStatus3 state.	2022-09-12 00:00:00
5796	2268	619	$15.00	This is in a(n) DefaultStatus3 state.	2022-09-12 00:00:00
5797	2268	319	$4.44	This is in a(n) DefaultStatus2 state.	2022-09-12 00:00:00
5798	2269	536	$15.00	This is in a(n) DefaultStatus3 state.	2022-09-30 00:00:00
5799	2269	312	$4.44	This is in a(n) DefaultStatus1 state.	2022-09-30 00:00:00
5800	2269	294	$10.00	This is in a(n) DefaultStatus2 state.	2022-09-30 00:00:00
5801	2269	298	$10.00	This is in a(n) DefaultStatus3 state.	2022-09-30 00:00:00
5802	2270	396	$15.00	This is in a(n) DefaultStatus2 state.	2023-01-25 00:00:00
5803	2270	326	$4.44	This is in a(n) DefaultStatus4 state.	2023-01-25 00:00:00
5804	2270	325	$4.44	This is in a(n) DefaultStatus3 state.	2023-01-25 00:00:00
5805	2270	309	$10.00	This is in a(n) DefaultStatus5 state.	2023-01-25 00:00:00
5806	2270	680	$15.00	This is in a(n) DefaultStatus4 state.	2023-01-25 00:00:00
5807	2271	432	$15.00	This is in a(n) DefaultStatus3 state.	2023-05-03 00:00:00
5808	2272	348	$100.00	This is in a(n) DefaultStatus3 state.	2023-06-22 00:00:00
5809	2272	303	$10.00	This is in a(n) DefaultStatus3 state.	2023-06-22 00:00:00
5810	2273	484	$15.00	This is in a(n) DefaultStatus4 state.	2021-12-22 00:00:00
5811	2273	433	$15.00	This is in a(n) DefaultStatus3 state.	2021-12-22 00:00:00
5812	2273	605	$15.00	This is in a(n) DefaultStatus4 state.	2021-12-22 00:00:00
5813	2273	594	$15.00	This is in a(n) DefaultStatus3 state.	2021-12-22 00:00:00
5814	2274	614	$15.00	This is in a(n) DefaultStatus2 state.	2021-01-27 00:00:00
5815	2275	432	$15.00	This is in a(n) DefaultStatus3 state.	2021-10-22 00:00:00
5816	2275	473	$15.00	This is in a(n) DefaultStatus1 state.	2021-10-22 00:00:00
5817	2275	508	$15.00	This is in a(n) DefaultStatus4 state.	2021-10-22 00:00:00
5818	2275	356	$100.00	This is in a(n) DefaultStatus4 state.	2021-10-22 00:00:00
5819	2275	367	$15.00	This is in a(n) DefaultStatus1 state.	2021-10-22 00:00:00
5820	2276	354	$100.00	This is in a(n) DefaultStatus3 state.	2022-02-01 00:00:00
5821	2276	342	$100.00	This is in a(n) DefaultStatus1 state.	2022-02-01 00:00:00
5822	2276	535	$15.00	This is in a(n) DefaultStatus3 state.	2022-02-01 00:00:00
5823	2276	777	$15.00	This is in a(n) DefaultStatus3 state.	2022-02-01 00:00:00
5824	2277	704	$15.00	This is in a(n) DefaultStatus2 state.	2021-10-12 00:00:00
5825	2278	450	$15.00	This is in a(n) DefaultStatus1 state.	2023-08-29 00:00:00
5826	2278	413	$15.00	This is in a(n) DefaultStatus5 state.	2023-08-29 00:00:00
5827	2279	617	$15.00	This is in a(n) DefaultStatus3 state.	2022-10-12 00:00:00
5828	2279	302	$10.00	This is in a(n) DefaultStatus3 state.	2022-10-12 00:00:00
5829	2280	369	$15.00	This is in a(n) DefaultStatus1 state.	2023-02-07 00:00:00
5830	2281	322	$4.44	This is in a(n) DefaultStatus3 state.	2022-04-13 00:00:00
5831	2281	306	$10.00	This is in a(n) DefaultStatus4 state.	2022-04-13 00:00:00
5832	2281	646	$15.00	This is in a(n) DefaultStatus1 state.	2022-04-13 00:00:00
5833	2281	704	$15.00	This is in a(n) DefaultStatus2 state.	2022-04-13 00:00:00
5834	2282	353	$100.00	This is in a(n) DefaultStatus3 state.	2022-10-22 00:00:00
5835	2282	417	$15.00	This is in a(n) DefaultStatus5 state.	2022-10-22 00:00:00
5836	2282	719	$15.00	This is in a(n) DefaultStatus1 state.	2022-10-22 00:00:00
5837	2283	507	$15.00	This is in a(n) DefaultStatus4 state.	2023-09-07 00:00:00
5838	2283	563	$15.00	This is in a(n) DefaultStatus3 state.	2023-09-07 00:00:00
5839	2283	367	$15.00	This is in a(n) DefaultStatus1 state.	2023-09-07 00:00:00
5840	2283	309	$10.00	This is in a(n) DefaultStatus5 state.	2023-09-07 00:00:00
5841	2283	290	$10.00	This is in a(n) DefaultStatus2 state.	2023-09-07 00:00:00
5842	2284	480	$15.00	This is in a(n) DefaultStatus3 state.	2021-01-29 00:00:00
5843	2284	368	$15.00	This is in a(n) DefaultStatus1 state.	2021-01-29 00:00:00
5844	2285	399	$15.00	This is in a(n) DefaultStatus2 state.	2021-05-05 00:00:00
5845	2286	310	$4.44	This is in a(n) DefaultStatus1 state.	2022-02-18 00:00:00
5846	2286	323	$4.44	This is in a(n) DefaultStatus3 state.	2022-02-18 00:00:00
5847	2286	289	$10.00	This is in a(n) DefaultStatus2 state.	2022-02-18 00:00:00
5848	2287	506	$15.00	This is in a(n) DefaultStatus4 state.	2021-02-14 00:00:00
5849	2287	291	$10.00	This is in a(n) DefaultStatus2 state.	2021-02-14 00:00:00
5850	2288	500	$15.00	This is in a(n) DefaultStatus4 state.	2022-04-29 00:00:00
5851	2288	589	$15.00	This is in a(n) DefaultStatus3 state.	2022-04-29 00:00:00
5852	2289	484	$15.00	This is in a(n) DefaultStatus4 state.	2022-12-17 00:00:00
5853	2289	616	$15.00	This is in a(n) DefaultStatus3 state.	2022-12-17 00:00:00
5854	2289	314	$4.44	This is in a(n) DefaultStatus1 state.	2022-12-17 00:00:00
5855	2289	370	$15.00	This is in a(n) DefaultStatus1 state.	2022-12-17 00:00:00
5856	2289	372	$15.00	This is in a(n) DefaultStatus1 state.	2022-12-17 00:00:00
5857	2290	541	$15.00	This is in a(n) DefaultStatus5 state.	2022-01-07 00:00:00
5858	2290	590	$15.00	This is in a(n) DefaultStatus3 state.	2022-01-07 00:00:00
5859	2290	686	$15.00	This is in a(n) DefaultStatus4 state.	2022-01-07 00:00:00
5860	2290	300	$10.00	This is in a(n) DefaultStatus3 state.	2022-01-07 00:00:00
5861	2291	316	$4.44	This is in a(n) DefaultStatus1 state.	2021-01-29 00:00:00
5862	2291	280	$10.00	This is in a(n) DefaultStatus1 state.	2021-01-29 00:00:00
5863	2292	659	$15.00	This is in a(n) DefaultStatus3 state.	2023-08-16 00:00:00
5864	2292	416	$15.00	This is in a(n) DefaultStatus5 state.	2023-08-16 00:00:00
5865	2292	367	$15.00	This is in a(n) DefaultStatus1 state.	2023-08-16 00:00:00
5866	2292	281	$10.00	This is in a(n) DefaultStatus1 state.	2023-08-16 00:00:00
5867	2292	706	$15.00	This is in a(n) DefaultStatus2 state.	2023-08-16 00:00:00
5868	2293	398	$15.00	This is in a(n) DefaultStatus2 state.	2023-05-11 00:00:00
5869	2293	645	$15.00	This is in a(n) DefaultStatus1 state.	2023-05-11 00:00:00
5870	2293	370	$15.00	This is in a(n) DefaultStatus1 state.	2023-05-11 00:00:00
5871	2294	320	$4.44	This is in a(n) DefaultStatus3 state.	2022-03-21 00:00:00
5872	2294	409	$15.00	This is in a(n) DefaultStatus5 state.	2022-03-21 00:00:00
5873	2294	722	$15.00	This is in a(n) DefaultStatus3 state.	2022-03-21 00:00:00
5874	2295	349	$100.00	This is in a(n) DefaultStatus3 state.	2021-02-05 00:00:00
5875	2295	434	$15.00	This is in a(n) DefaultStatus3 state.	2021-02-05 00:00:00
5876	2295	502	$15.00	This is in a(n) DefaultStatus4 state.	2021-02-05 00:00:00
5877	2295	503	$15.00	This is in a(n) DefaultStatus4 state.	2021-02-05 00:00:00
5878	2295	733	$15.00	This is in a(n) DefaultStatus4 state.	2021-02-05 00:00:00
5879	2296	448	$15.00	This is in a(n) DefaultStatus1 state.	2022-06-12 00:00:00
5880	2296	430	$15.00	This is in a(n) DefaultStatus3 state.	2022-06-12 00:00:00
5881	2296	357	$100.00	This is in a(n) DefaultStatus4 state.	2022-06-12 00:00:00
5882	2297	590	$15.00	This is in a(n) DefaultStatus3 state.	2023-09-12 00:00:00
5883	2298	552	$15.00	This is in a(n) DefaultStatus1 state.	2021-04-27 00:00:00
5884	2298	694	$15.00	This is in a(n) DefaultStatus1 state.	2021-04-27 00:00:00
5885	2299	564	$15.00	This is in a(n) DefaultStatus3 state.	2022-05-05 00:00:00
5886	2299	547	$15.00	This is in a(n) DefaultStatus1 state.	2022-05-05 00:00:00
5887	2299	590	$15.00	This is in a(n) DefaultStatus3 state.	2022-05-05 00:00:00
5888	2300	499	$15.00	This is in a(n) DefaultStatus4 state.	2021-04-13 00:00:00
5889	2300	505	$15.00	This is in a(n) DefaultStatus4 state.	2021-04-13 00:00:00
5890	2300	597	$15.00	This is in a(n) DefaultStatus4 state.	2021-04-13 00:00:00
5891	2300	289	$10.00	This is in a(n) DefaultStatus2 state.	2021-04-13 00:00:00
5892	2301	502	$15.00	This is in a(n) DefaultStatus4 state.	2021-12-13 00:00:00
5893	2301	531	$15.00	This is in a(n) DefaultStatus3 state.	2021-12-13 00:00:00
5894	2301	656	$15.00	This is in a(n) DefaultStatus3 state.	2021-12-13 00:00:00
5895	2301	726	$15.00	This is in a(n) DefaultStatus4 state.	2021-12-13 00:00:00
5896	2301	777	$15.00	This is in a(n) DefaultStatus3 state.	2021-12-13 00:00:00
5897	2302	724	$15.00	This is in a(n) DefaultStatus3 state.	2022-08-07 00:00:00
5898	2303	360	$100.00	This is in a(n) DefaultStatus4 state.	2021-08-07 00:00:00
5899	2303	669	$15.00	This is in a(n) DefaultStatus5 state.	2021-08-07 00:00:00
5900	2303	642	$15.00	This is in a(n) DefaultStatus5 state.	2021-08-07 00:00:00
5901	2304	525	$15.00	This is in a(n) DefaultStatus2 state.	2022-11-04 00:00:00
5902	2304	429	$15.00	This is in a(n) DefaultStatus3 state.	2022-11-04 00:00:00
5903	2304	724	$15.00	This is in a(n) DefaultStatus3 state.	2022-11-04 00:00:00
5904	2305	507	$15.00	This is in a(n) DefaultStatus4 state.	2021-06-30 00:00:00
5905	2305	316	$4.44	This is in a(n) DefaultStatus1 state.	2021-06-30 00:00:00
5906	2305	761	$15.00	This is in a(n) DefaultStatus1 state.	2021-06-30 00:00:00
5907	2306	540	$15.00	This is in a(n) DefaultStatus5 state.	2021-08-15 00:00:00
5908	2306	305	$10.00	This is in a(n) DefaultStatus4 state.	2021-08-15 00:00:00
5909	2306	683	$15.00	This is in a(n) DefaultStatus4 state.	2021-08-15 00:00:00
5910	2306	725	$15.00	This is in a(n) DefaultStatus3 state.	2021-08-15 00:00:00
5911	2306	370	$15.00	This is in a(n) DefaultStatus1 state.	2021-08-15 00:00:00
5912	2307	527	$15.00	This is in a(n) DefaultStatus2 state.	2021-12-30 00:00:00
5913	2307	565	$15.00	This is in a(n) DefaultStatus3 state.	2021-12-30 00:00:00
5914	2307	417	$15.00	This is in a(n) DefaultStatus5 state.	2021-12-30 00:00:00
5915	2307	292	$10.00	This is in a(n) DefaultStatus2 state.	2021-12-30 00:00:00
5916	2307	779	$15.00	This is in a(n) DefaultStatus4 state.	2021-12-30 00:00:00
5917	2308	472	$15.00	This is in a(n) DefaultStatus1 state.	2022-11-13 00:00:00
5918	2308	658	$15.00	This is in a(n) DefaultStatus3 state.	2022-11-13 00:00:00
5919	2308	358	$100.00	This is in a(n) DefaultStatus4 state.	2022-11-13 00:00:00
5920	2308	295	$10.00	This is in a(n) DefaultStatus3 state.	2022-11-13 00:00:00
5921	2308	732	$15.00	This is in a(n) DefaultStatus4 state.	2022-11-13 00:00:00
5922	2309	478	$15.00	This is in a(n) DefaultStatus3 state.	2023-01-29 00:00:00
5923	2309	617	$15.00	This is in a(n) DefaultStatus3 state.	2023-01-29 00:00:00
5924	2309	670	$15.00	This is in a(n) DefaultStatus5 state.	2023-01-29 00:00:00
5925	2310	478	$15.00	This is in a(n) DefaultStatus3 state.	2022-11-21 00:00:00
5926	2310	646	$15.00	This is in a(n) DefaultStatus1 state.	2022-11-21 00:00:00
5927	2311	339	$100.00	This is in a(n) DefaultStatus1 state.	2021-09-15 00:00:00
5928	2311	780	$15.00	This is in a(n) DefaultStatus4 state.	2021-09-15 00:00:00
5929	2312	342	$100.00	This is in a(n) DefaultStatus1 state.	2021-10-07 00:00:00
5930	2313	432	$15.00	This is in a(n) DefaultStatus3 state.	2021-10-20 00:00:00
5931	2313	308	$10.00	This is in a(n) DefaultStatus5 state.	2021-10-20 00:00:00
5932	2313	779	$15.00	This is in a(n) DefaultStatus4 state.	2021-10-20 00:00:00
5933	2314	552	$15.00	This is in a(n) DefaultStatus1 state.	2022-06-06 00:00:00
5934	2314	410	$15.00	This is in a(n) DefaultStatus5 state.	2022-06-06 00:00:00
5935	2314	280	$10.00	This is in a(n) DefaultStatus1 state.	2022-06-06 00:00:00
5936	2314	696	$15.00	This is in a(n) DefaultStatus1 state.	2022-06-06 00:00:00
5937	2315	644	$15.00	This is in a(n) DefaultStatus1 state.	2021-09-03 00:00:00
5938	2315	291	$10.00	This is in a(n) DefaultStatus2 state.	2021-09-03 00:00:00
5939	2316	352	$100.00	This is in a(n) DefaultStatus3 state.	2021-03-22 00:00:00
5940	2316	527	$15.00	This is in a(n) DefaultStatus2 state.	2021-03-22 00:00:00
5941	2316	546	$15.00	This is in a(n) DefaultStatus5 state.	2021-03-22 00:00:00
5942	2316	324	$4.44	This is in a(n) DefaultStatus3 state.	2021-03-22 00:00:00
5943	2317	399	$15.00	This is in a(n) DefaultStatus2 state.	2021-09-22 00:00:00
5944	2317	322	$4.44	This is in a(n) DefaultStatus3 state.	2021-09-22 00:00:00
5945	2317	729	$15.00	This is in a(n) DefaultStatus4 state.	2021-09-22 00:00:00
5946	2317	725	$15.00	This is in a(n) DefaultStatus3 state.	2021-09-22 00:00:00
5947	2318	591	$15.00	This is in a(n) DefaultStatus3 state.	2023-04-10 00:00:00
5948	2318	316	$4.44	This is in a(n) DefaultStatus1 state.	2023-04-10 00:00:00
5949	2319	482	$15.00	This is in a(n) DefaultStatus4 state.	2021-05-21 00:00:00
5950	2319	695	$15.00	This is in a(n) DefaultStatus1 state.	2021-05-21 00:00:00
5951	2319	279	$10.00	This is in a(n) DefaultStatus1 state.	2021-05-21 00:00:00
5952	2319	281	$10.00	This is in a(n) DefaultStatus1 state.	2021-05-21 00:00:00
5953	2320	590	$15.00	This is in a(n) DefaultStatus3 state.	2022-03-19 00:00:00
5954	2320	702	$15.00	This is in a(n) DefaultStatus2 state.	2022-03-19 00:00:00
5955	2320	681	$15.00	This is in a(n) DefaultStatus4 state.	2022-03-19 00:00:00
5956	2320	293	$10.00	This is in a(n) DefaultStatus2 state.	2022-03-19 00:00:00
5957	2321	542	$15.00	This is in a(n) DefaultStatus5 state.	2023-01-24 00:00:00
5958	2322	484	$15.00	This is in a(n) DefaultStatus4 state.	2023-06-21 00:00:00
5959	2322	587	$15.00	This is in a(n) DefaultStatus3 state.	2023-06-21 00:00:00
5960	2322	599	$15.00	This is in a(n) DefaultStatus4 state.	2023-06-21 00:00:00
5961	2322	501	$15.00	This is in a(n) DefaultStatus4 state.	2023-06-21 00:00:00
5962	2322	672	$15.00	This is in a(n) DefaultStatus1 state.	2023-06-21 00:00:00
5963	2323	436	$15.00	This is in a(n) DefaultStatus3 state.	2021-09-03 00:00:00
5964	2323	448	$15.00	This is in a(n) DefaultStatus1 state.	2021-09-03 00:00:00
5965	2323	680	$15.00	This is in a(n) DefaultStatus4 state.	2021-09-03 00:00:00
5966	2323	699	$15.00	This is in a(n) DefaultStatus2 state.	2021-09-03 00:00:00
5967	2324	595	$15.00	This is in a(n) DefaultStatus3 state.	2023-01-13 00:00:00
5968	2325	546	$15.00	This is in a(n) DefaultStatus5 state.	2021-02-05 00:00:00
5969	2325	304	$10.00	This is in a(n) DefaultStatus4 state.	2021-02-05 00:00:00
5970	2325	425	$15.00	This is in a(n) DefaultStatus1 state.	2021-02-05 00:00:00
5971	2326	271	$5.00	This is in a(n) DefaultStatus4 state.	2021-05-19 00:00:00
5972	2326	272	$5.00	This is in a(n) DefaultStatus4 state.	2021-05-19 00:00:00
5973	2326	728	$15.00	This is in a(n) DefaultStatus4 state.	2021-05-19 00:00:00
5974	2327	534	$15.00	This is in a(n) DefaultStatus3 state.	2021-08-18 00:00:00
5975	2327	415	$15.00	This is in a(n) DefaultStatus5 state.	2021-08-18 00:00:00
5976	2327	280	$10.00	This is in a(n) DefaultStatus1 state.	2021-08-18 00:00:00
5977	2328	545	$15.00	This is in a(n) DefaultStatus5 state.	2022-01-20 00:00:00
5978	2328	416	$15.00	This is in a(n) DefaultStatus5 state.	2022-01-20 00:00:00
5979	2328	683	$15.00	This is in a(n) DefaultStatus4 state.	2022-01-20 00:00:00
5980	2328	694	$15.00	This is in a(n) DefaultStatus1 state.	2022-01-20 00:00:00
5981	2328	750	$15.00	This is in a(n) DefaultStatus3 state.	2022-01-20 00:00:00
5982	2329	554	$15.00	This is in a(n) DefaultStatus2 state.	2023-06-18 00:00:00
5983	2329	589	$15.00	This is in a(n) DefaultStatus3 state.	2023-06-18 00:00:00
5984	2329	603	$15.00	This is in a(n) DefaultStatus4 state.	2023-06-18 00:00:00
5985	2329	307	$10.00	This is in a(n) DefaultStatus5 state.	2023-06-18 00:00:00
5986	2329	697	$15.00	This is in a(n) DefaultStatus2 state.	2023-06-18 00:00:00
5987	2330	554	$15.00	This is in a(n) DefaultStatus2 state.	2021-08-25 00:00:00
5988	2330	357	$100.00	This is in a(n) DefaultStatus4 state.	2021-08-25 00:00:00
5989	2331	507	$15.00	This is in a(n) DefaultStatus4 state.	2023-08-22 00:00:00
5990	2331	565	$15.00	This is in a(n) DefaultStatus3 state.	2023-08-22 00:00:00
5991	2331	657	$15.00	This is in a(n) DefaultStatus3 state.	2023-08-22 00:00:00
5992	2331	412	$15.00	This is in a(n) DefaultStatus5 state.	2023-08-22 00:00:00
5993	2331	417	$15.00	This is in a(n) DefaultStatus5 state.	2023-08-22 00:00:00
5994	2332	296	$10.00	This is in a(n) DefaultStatus3 state.	2021-02-16 00:00:00
5995	2332	732	$15.00	This is in a(n) DefaultStatus4 state.	2021-02-16 00:00:00
5996	2332	391	$15.00	This is in a(n) DefaultStatus1 state.	2021-02-16 00:00:00
5997	2332	706	$15.00	This is in a(n) DefaultStatus2 state.	2021-02-16 00:00:00
5998	2332	781	$15.00	This is in a(n) DefaultStatus4 state.	2021-02-16 00:00:00
5999	2333	528	$15.00	This is in a(n) DefaultStatus2 state.	2022-07-12 00:00:00
6000	2333	293	$10.00	This is in a(n) DefaultStatus2 state.	2022-07-12 00:00:00
6001	2334	502	$15.00	This is in a(n) DefaultStatus4 state.	2021-05-16 00:00:00
6002	2334	301	$10.00	This is in a(n) DefaultStatus3 state.	2021-05-16 00:00:00
6003	2335	432	$15.00	This is in a(n) DefaultStatus3 state.	2022-04-27 00:00:00
6004	2336	684	$15.00	This is in a(n) DefaultStatus4 state.	2023-09-10 00:00:00
6005	2336	705	$15.00	This is in a(n) DefaultStatus2 state.	2023-09-10 00:00:00
6006	2337	351	$100.00	This is in a(n) DefaultStatus3 state.	2022-07-06 00:00:00
6007	2337	588	$15.00	This is in a(n) DefaultStatus3 state.	2022-07-06 00:00:00
6008	2338	592	$15.00	This is in a(n) DefaultStatus3 state.	2023-04-06 00:00:00
6009	2338	613	$15.00	This is in a(n) DefaultStatus2 state.	2023-04-06 00:00:00
6010	2338	431	$15.00	This is in a(n) DefaultStatus3 state.	2023-04-06 00:00:00
6011	2339	530	$15.00	This is in a(n) DefaultStatus2 state.	2023-09-13 00:00:00
6012	2339	642	$15.00	This is in a(n) DefaultStatus5 state.	2023-09-13 00:00:00
6013	2339	682	$15.00	This is in a(n) DefaultStatus4 state.	2023-09-13 00:00:00
6014	2339	290	$10.00	This is in a(n) DefaultStatus2 state.	2023-09-13 00:00:00
6015	2339	727	$15.00	This is in a(n) DefaultStatus4 state.	2023-09-13 00:00:00
6016	2340	502	$15.00	This is in a(n) DefaultStatus4 state.	2022-11-22 00:00:00
6017	2340	536	$15.00	This is in a(n) DefaultStatus3 state.	2022-11-22 00:00:00
6018	2340	307	$10.00	This is in a(n) DefaultStatus5 state.	2022-11-22 00:00:00
6019	2341	776	$15.00	This is in a(n) DefaultStatus3 state.	2021-02-12 00:00:00
6020	2342	541	$15.00	This is in a(n) DefaultStatus5 state.	2021-01-30 00:00:00
6021	2342	326	$4.44	This is in a(n) DefaultStatus4 state.	2021-01-30 00:00:00
6022	2342	328	$4.44	This is in a(n) DefaultStatus4 state.	2021-01-30 00:00:00
6023	2342	302	$10.00	This is in a(n) DefaultStatus3 state.	2021-01-30 00:00:00
6024	2342	773	$15.00	This is in a(n) DefaultStatus3 state.	2021-01-30 00:00:00
6025	2343	351	$100.00	This is in a(n) DefaultStatus3 state.	2022-01-12 00:00:00
6026	2343	482	$15.00	This is in a(n) DefaultStatus4 state.	2022-01-12 00:00:00
6027	2343	540	$15.00	This is in a(n) DefaultStatus5 state.	2022-01-12 00:00:00
6028	2343	427	$15.00	This is in a(n) DefaultStatus1 state.	2022-01-12 00:00:00
6029	2343	760	$15.00	This is in a(n) DefaultStatus1 state.	2022-01-12 00:00:00
6030	2344	479	$15.00	This is in a(n) DefaultStatus3 state.	2023-06-20 00:00:00
6031	2344	482	$15.00	This is in a(n) DefaultStatus4 state.	2023-06-20 00:00:00
6032	2344	394	$15.00	This is in a(n) DefaultStatus2 state.	2023-06-20 00:00:00
6033	2344	359	$100.00	This is in a(n) DefaultStatus4 state.	2023-06-20 00:00:00
6034	2345	548	$15.00	This is in a(n) DefaultStatus1 state.	2022-03-14 00:00:00
6035	2345	565	$15.00	This is in a(n) DefaultStatus3 state.	2022-03-14 00:00:00
6036	2345	588	$15.00	This is in a(n) DefaultStatus3 state.	2022-03-14 00:00:00
6037	2345	591	$15.00	This is in a(n) DefaultStatus3 state.	2022-03-14 00:00:00
6038	2346	314	$4.44	This is in a(n) DefaultStatus1 state.	2022-11-23 00:00:00
6039	2346	642	$15.00	This is in a(n) DefaultStatus5 state.	2022-11-23 00:00:00
6040	2346	693	$15.00	This is in a(n) DefaultStatus1 state.	2022-11-23 00:00:00
6041	2346	719	$15.00	This is in a(n) DefaultStatus1 state.	2022-11-23 00:00:00
6042	2347	537	$15.00	This is in a(n) DefaultStatus3 state.	2023-06-26 00:00:00
6043	2347	670	$15.00	This is in a(n) DefaultStatus5 state.	2023-06-26 00:00:00
6044	2348	591	$15.00	This is in a(n) DefaultStatus3 state.	2021-10-17 00:00:00
6045	2348	322	$4.44	This is in a(n) DefaultStatus3 state.	2021-10-17 00:00:00
6046	2348	761	$15.00	This is in a(n) DefaultStatus1 state.	2021-10-17 00:00:00
6047	2348	781	$15.00	This is in a(n) DefaultStatus4 state.	2021-10-17 00:00:00
6048	2349	479	$15.00	This is in a(n) DefaultStatus3 state.	2021-11-13 00:00:00
6049	2349	528	$15.00	This is in a(n) DefaultStatus2 state.	2021-11-13 00:00:00
6050	2349	589	$15.00	This is in a(n) DefaultStatus3 state.	2021-11-13 00:00:00
6051	2349	419	$15.00	This is in a(n) DefaultStatus1 state.	2021-11-13 00:00:00
6052	2350	355	$100.00	This is in a(n) DefaultStatus4 state.	2021-02-15 00:00:00
6053	2350	503	$15.00	This is in a(n) DefaultStatus4 state.	2021-02-15 00:00:00
6054	2350	283	$10.00	This is in a(n) DefaultStatus1 state.	2021-02-15 00:00:00
6055	2351	591	$15.00	This is in a(n) DefaultStatus3 state.	2021-04-25 00:00:00
6056	2351	318	$4.44	This is in a(n) DefaultStatus1 state.	2021-04-25 00:00:00
6057	2351	301	$10.00	This is in a(n) DefaultStatus3 state.	2021-04-25 00:00:00
6058	2352	450	$15.00	This is in a(n) DefaultStatus1 state.	2021-02-02 00:00:00
6059	2353	434	$15.00	This is in a(n) DefaultStatus3 state.	2022-08-26 00:00:00
6060	2353	531	$15.00	This is in a(n) DefaultStatus3 state.	2022-08-26 00:00:00
6061	2353	590	$15.00	This is in a(n) DefaultStatus3 state.	2022-08-26 00:00:00
6062	2353	591	$15.00	This is in a(n) DefaultStatus3 state.	2022-08-26 00:00:00
6063	2353	303	$10.00	This is in a(n) DefaultStatus3 state.	2022-08-26 00:00:00
6064	2354	479	$15.00	This is in a(n) DefaultStatus3 state.	2023-08-18 00:00:00
6065	2354	397	$15.00	This is in a(n) DefaultStatus2 state.	2023-08-18 00:00:00
6066	2354	682	$15.00	This is in a(n) DefaultStatus4 state.	2023-08-18 00:00:00
6067	2354	698	$15.00	This is in a(n) DefaultStatus2 state.	2023-08-18 00:00:00
6068	2354	750	$15.00	This is in a(n) DefaultStatus3 state.	2023-08-18 00:00:00
6069	2355	322	$4.44	This is in a(n) DefaultStatus3 state.	2022-10-05 00:00:00
6070	2356	593	$15.00	This is in a(n) DefaultStatus3 state.	2022-11-06 00:00:00
6071	2356	619	$15.00	This is in a(n) DefaultStatus3 state.	2022-11-06 00:00:00
6072	2356	724	$15.00	This is in a(n) DefaultStatus3 state.	2022-11-06 00:00:00
6073	2357	499	$15.00	This is in a(n) DefaultStatus4 state.	2023-09-04 00:00:00
6074	2357	533	$15.00	This is in a(n) DefaultStatus3 state.	2023-09-04 00:00:00
6075	2357	680	$15.00	This is in a(n) DefaultStatus4 state.	2023-09-04 00:00:00
6076	2358	557	$15.00	This is in a(n) DefaultStatus2 state.	2021-04-03 00:00:00
6077	2358	317	$4.44	This is in a(n) DefaultStatus1 state.	2021-04-03 00:00:00
6078	2358	356	$100.00	This is in a(n) DefaultStatus4 state.	2021-04-03 00:00:00
6079	2358	303	$10.00	This is in a(n) DefaultStatus3 state.	2021-04-03 00:00:00
6080	2359	593	$15.00	This is in a(n) DefaultStatus3 state.	2022-09-06 00:00:00
6081	2359	306	$10.00	This is in a(n) DefaultStatus4 state.	2022-09-06 00:00:00
6082	2359	751	$15.00	This is in a(n) DefaultStatus3 state.	2022-09-06 00:00:00
6083	2360	731	$15.00	This is in a(n) DefaultStatus4 state.	2021-09-21 00:00:00
6084	2361	529	$15.00	This is in a(n) DefaultStatus2 state.	2021-04-10 00:00:00
6085	2361	431	$15.00	This is in a(n) DefaultStatus3 state.	2021-04-10 00:00:00
6086	2361	291	$10.00	This is in a(n) DefaultStatus2 state.	2021-04-10 00:00:00
6087	2362	657	$15.00	This is in a(n) DefaultStatus3 state.	2022-06-30 00:00:00
6088	2362	693	$15.00	This is in a(n) DefaultStatus1 state.	2022-06-30 00:00:00
6089	2362	728	$15.00	This is in a(n) DefaultStatus4 state.	2022-06-30 00:00:00
6090	2363	558	$15.00	This is in a(n) DefaultStatus2 state.	2023-05-04 00:00:00
6091	2363	500	$15.00	This is in a(n) DefaultStatus4 state.	2023-05-04 00:00:00
6092	2363	395	$15.00	This is in a(n) DefaultStatus2 state.	2023-05-04 00:00:00
6093	2363	371	$15.00	This is in a(n) DefaultStatus1 state.	2023-05-04 00:00:00
6094	2363	781	$15.00	This is in a(n) DefaultStatus4 state.	2023-05-04 00:00:00
6095	2364	563	$15.00	This is in a(n) DefaultStatus3 state.	2021-03-15 00:00:00
6096	2364	595	$15.00	This is in a(n) DefaultStatus3 state.	2021-03-15 00:00:00
6097	2364	749	$15.00	This is in a(n) DefaultStatus3 state.	2021-03-15 00:00:00
6098	2365	669	$15.00	This is in a(n) DefaultStatus5 state.	2023-03-30 00:00:00
6099	2366	342	$100.00	This is in a(n) DefaultStatus1 state.	2022-10-09 00:00:00
6100	2366	351	$100.00	This is in a(n) DefaultStatus3 state.	2022-10-09 00:00:00
6101	2366	616	$15.00	This is in a(n) DefaultStatus3 state.	2022-10-09 00:00:00
6102	2366	308	$10.00	This is in a(n) DefaultStatus5 state.	2022-10-09 00:00:00
6103	2366	412	$15.00	This is in a(n) DefaultStatus5 state.	2022-10-09 00:00:00
6104	2367	394	$15.00	This is in a(n) DefaultStatus2 state.	2021-11-18 00:00:00
6105	2367	313	$4.44	This is in a(n) DefaultStatus1 state.	2021-11-18 00:00:00
6106	2367	290	$10.00	This is in a(n) DefaultStatus2 state.	2021-11-18 00:00:00
6107	2367	779	$15.00	This is in a(n) DefaultStatus4 state.	2021-11-18 00:00:00
6108	2368	503	$15.00	This is in a(n) DefaultStatus4 state.	2023-01-01 00:00:00
6109	2368	566	$15.00	This is in a(n) DefaultStatus3 state.	2023-01-01 00:00:00
6110	2368	321	$4.44	This is in a(n) DefaultStatus3 state.	2023-01-01 00:00:00
6111	2368	325	$4.44	This is in a(n) DefaultStatus3 state.	2023-01-01 00:00:00
6112	2368	749	$15.00	This is in a(n) DefaultStatus3 state.	2023-01-01 00:00:00
6113	2369	449	$15.00	This is in a(n) DefaultStatus1 state.	2023-01-13 00:00:00
6114	2369	350	$100.00	This is in a(n) DefaultStatus3 state.	2023-01-13 00:00:00
6115	2370	354	$100.00	This is in a(n) DefaultStatus3 state.	2022-04-26 00:00:00
6116	2370	563	$15.00	This is in a(n) DefaultStatus3 state.	2022-04-26 00:00:00
6117	2370	395	$15.00	This is in a(n) DefaultStatus2 state.	2022-04-26 00:00:00
6118	2371	397	$15.00	This is in a(n) DefaultStatus2 state.	2023-09-11 00:00:00
6119	2371	646	$15.00	This is in a(n) DefaultStatus1 state.	2023-09-11 00:00:00
6120	2371	700	$15.00	This is in a(n) DefaultStatus2 state.	2023-09-11 00:00:00
6121	2372	360	$100.00	This is in a(n) DefaultStatus4 state.	2021-11-12 00:00:00
6122	2372	657	$15.00	This is in a(n) DefaultStatus3 state.	2021-11-12 00:00:00
6123	2372	321	$4.44	This is in a(n) DefaultStatus3 state.	2021-11-12 00:00:00
6124	2372	670	$15.00	This is in a(n) DefaultStatus5 state.	2021-11-12 00:00:00
6125	2373	472	$15.00	This is in a(n) DefaultStatus1 state.	2021-03-28 00:00:00
6126	2373	543	$15.00	This is in a(n) DefaultStatus5 state.	2021-03-28 00:00:00
6127	2373	588	$15.00	This is in a(n) DefaultStatus3 state.	2021-03-28 00:00:00
6128	2374	762	$15.00	This is in a(n) DefaultStatus1 state.	2021-03-25 00:00:00
6129	2375	395	$15.00	This is in a(n) DefaultStatus2 state.	2021-01-17 00:00:00
6130	2375	310	$4.44	This is in a(n) DefaultStatus1 state.	2021-01-17 00:00:00
6131	2375	285	$10.00	This is in a(n) DefaultStatus1 state.	2021-01-17 00:00:00
6132	2376	318	$4.44	This is in a(n) DefaultStatus1 state.	2022-09-11 00:00:00
6133	2376	698	$15.00	This is in a(n) DefaultStatus2 state.	2022-09-11 00:00:00
6134	2377	475	$15.00	This is in a(n) DefaultStatus1 state.	2021-01-24 00:00:00
6135	2377	507	$15.00	This is in a(n) DefaultStatus4 state.	2021-01-24 00:00:00
6136	2377	526	$15.00	This is in a(n) DefaultStatus2 state.	2021-01-24 00:00:00
6137	2377	428	$15.00	This is in a(n) DefaultStatus2 state.	2021-01-24 00:00:00
6138	2378	434	$15.00	This is in a(n) DefaultStatus3 state.	2022-06-25 00:00:00
6139	2379	545	$15.00	This is in a(n) DefaultStatus5 state.	2021-12-06 00:00:00
6140	2379	430	$15.00	This is in a(n) DefaultStatus3 state.	2021-12-06 00:00:00
6141	2379	729	$15.00	This is in a(n) DefaultStatus4 state.	2021-12-06 00:00:00
6142	2380	392	$15.00	This is in a(n) DefaultStatus2 state.	2022-06-04 00:00:00
6143	2380	423	$15.00	This is in a(n) DefaultStatus1 state.	2022-06-04 00:00:00
6144	2380	719	$15.00	This is in a(n) DefaultStatus1 state.	2022-06-04 00:00:00
6145	2381	450	$15.00	This is in a(n) DefaultStatus1 state.	2023-04-30 00:00:00
6146	2381	352	$100.00	This is in a(n) DefaultStatus3 state.	2023-04-30 00:00:00
6147	2382	564	$15.00	This is in a(n) DefaultStatus3 state.	2021-03-23 00:00:00
6148	2382	393	$15.00	This is in a(n) DefaultStatus2 state.	2021-03-23 00:00:00
6149	2383	435	$15.00	This is in a(n) DefaultStatus3 state.	2021-08-01 00:00:00
6150	2383	393	$15.00	This is in a(n) DefaultStatus2 state.	2021-08-01 00:00:00
6151	2383	429	$15.00	This is in a(n) DefaultStatus3 state.	2021-08-01 00:00:00
6152	2383	750	$15.00	This is in a(n) DefaultStatus3 state.	2021-08-01 00:00:00
6153	2384	399	$15.00	This is in a(n) DefaultStatus2 state.	2021-09-18 00:00:00
6154	2384	679	$15.00	This is in a(n) DefaultStatus4 state.	2021-09-18 00:00:00
6155	2384	703	$15.00	This is in a(n) DefaultStatus2 state.	2021-09-18 00:00:00
6156	2384	751	$15.00	This is in a(n) DefaultStatus3 state.	2021-09-18 00:00:00
6157	2385	315	$4.44	This is in a(n) DefaultStatus1 state.	2022-03-02 00:00:00
6158	2385	369	$15.00	This is in a(n) DefaultStatus1 state.	2022-03-02 00:00:00
6159	2386	484	$15.00	This is in a(n) DefaultStatus4 state.	2022-01-10 00:00:00
6160	2386	393	$15.00	This is in a(n) DefaultStatus2 state.	2022-01-10 00:00:00
6161	2386	410	$15.00	This is in a(n) DefaultStatus5 state.	2022-01-10 00:00:00
6162	2386	328	$4.44	This is in a(n) DefaultStatus4 state.	2022-01-10 00:00:00
6163	2386	726	$15.00	This is in a(n) DefaultStatus4 state.	2022-01-10 00:00:00
6164	2387	659	$15.00	This is in a(n) DefaultStatus3 state.	2022-02-14 00:00:00
6165	2388	409	$15.00	This is in a(n) DefaultStatus5 state.	2023-02-17 00:00:00
6166	2389	481	$15.00	This is in a(n) DefaultStatus4 state.	2023-03-02 00:00:00
6167	2389	560	$15.00	This is in a(n) DefaultStatus2 state.	2023-03-02 00:00:00
6168	2389	427	$15.00	This is in a(n) DefaultStatus1 state.	2023-03-02 00:00:00
6169	2390	507	$15.00	This is in a(n) DefaultStatus4 state.	2022-09-12 00:00:00
6170	2390	307	$10.00	This is in a(n) DefaultStatus5 state.	2022-09-12 00:00:00
6171	2390	288	$10.00	This is in a(n) DefaultStatus2 state.	2022-09-12 00:00:00
6172	2391	349	$100.00	This is in a(n) DefaultStatus3 state.	2022-05-16 00:00:00
6173	2391	557	$15.00	This is in a(n) DefaultStatus2 state.	2022-05-16 00:00:00
6174	2391	615	$15.00	This is in a(n) DefaultStatus2 state.	2022-05-16 00:00:00
6175	2391	410	$15.00	This is in a(n) DefaultStatus5 state.	2022-05-16 00:00:00
6176	2391	682	$15.00	This is in a(n) DefaultStatus4 state.	2022-05-16 00:00:00
6177	2392	697	$15.00	This is in a(n) DefaultStatus2 state.	2022-06-01 00:00:00
6178	2393	291	$10.00	This is in a(n) DefaultStatus2 state.	2023-06-14 00:00:00
6179	2393	776	$15.00	This is in a(n) DefaultStatus3 state.	2023-06-14 00:00:00
6180	2394	341	$100.00	This is in a(n) DefaultStatus1 state.	2022-05-05 00:00:00
6181	2394	550	$15.00	This is in a(n) DefaultStatus1 state.	2022-05-05 00:00:00
6182	2394	393	$15.00	This is in a(n) DefaultStatus2 state.	2022-05-05 00:00:00
6183	2394	290	$10.00	This is in a(n) DefaultStatus2 state.	2022-05-05 00:00:00
6184	2395	684	$15.00	This is in a(n) DefaultStatus4 state.	2022-09-15 00:00:00
6185	2395	724	$15.00	This is in a(n) DefaultStatus3 state.	2022-09-15 00:00:00
6186	2396	566	$15.00	This is in a(n) DefaultStatus3 state.	2022-07-15 00:00:00
6187	2396	592	$15.00	This is in a(n) DefaultStatus3 state.	2022-07-15 00:00:00
6188	2396	679	$15.00	This is in a(n) DefaultStatus4 state.	2022-07-15 00:00:00
6189	2396	698	$15.00	This is in a(n) DefaultStatus2 state.	2022-07-15 00:00:00
6190	2396	303	$10.00	This is in a(n) DefaultStatus3 state.	2022-07-15 00:00:00
6191	2397	473	$15.00	This is in a(n) DefaultStatus1 state.	2021-12-09 00:00:00
6192	2397	482	$15.00	This is in a(n) DefaultStatus4 state.	2021-12-09 00:00:00
6193	2397	686	$15.00	This is in a(n) DefaultStatus4 state.	2021-12-09 00:00:00
6194	2398	349	$100.00	This is in a(n) DefaultStatus3 state.	2021-06-30 00:00:00
6195	2398	589	$15.00	This is in a(n) DefaultStatus3 state.	2021-06-30 00:00:00
6196	2398	415	$15.00	This is in a(n) DefaultStatus5 state.	2021-06-30 00:00:00
6197	2398	309	$10.00	This is in a(n) DefaultStatus5 state.	2021-06-30 00:00:00
6198	2398	682	$15.00	This is in a(n) DefaultStatus4 state.	2021-06-30 00:00:00
6199	2399	545	$15.00	This is in a(n) DefaultStatus5 state.	2021-12-13 00:00:00
6200	2399	564	$15.00	This is in a(n) DefaultStatus3 state.	2021-12-13 00:00:00
6201	2400	558	$15.00	This is in a(n) DefaultStatus2 state.	2023-05-03 00:00:00
6202	2400	552	$15.00	This is in a(n) DefaultStatus1 state.	2023-05-03 00:00:00
6203	2400	617	$15.00	This is in a(n) DefaultStatus3 state.	2023-05-03 00:00:00
6204	2400	683	$15.00	This is in a(n) DefaultStatus4 state.	2023-05-03 00:00:00
6205	2400	280	$10.00	This is in a(n) DefaultStatus1 state.	2023-05-03 00:00:00
6206	2401	433	$15.00	This is in a(n) DefaultStatus3 state.	2022-12-19 00:00:00
6207	2401	647	$15.00	This is in a(n) DefaultStatus1 state.	2022-12-19 00:00:00
6208	2401	285	$10.00	This is in a(n) DefaultStatus1 state.	2022-12-19 00:00:00
6209	2401	279	$10.00	This is in a(n) DefaultStatus1 state.	2022-12-19 00:00:00
6210	2401	774	$15.00	This is in a(n) DefaultStatus3 state.	2022-12-19 00:00:00
6211	2402	545	$15.00	This is in a(n) DefaultStatus5 state.	2022-05-30 00:00:00
6212	2402	359	$100.00	This is in a(n) DefaultStatus4 state.	2022-05-30 00:00:00
6213	2403	320	$4.44	This is in a(n) DefaultStatus3 state.	2021-08-06 00:00:00
6214	2403	684	$15.00	This is in a(n) DefaultStatus4 state.	2021-08-06 00:00:00
6215	2403	809	$15.00	This is in a(n) DefaultStatus4 state.	2021-08-06 00:00:00
6216	2404	557	$15.00	This is in a(n) DefaultStatus2 state.	2021-02-17 00:00:00
6217	2404	305	$10.00	This is in a(n) DefaultStatus4 state.	2021-02-17 00:00:00
6218	2405	539	$15.00	This is in a(n) DefaultStatus4 state.	2021-07-27 00:00:00
6219	2405	564	$15.00	This is in a(n) DefaultStatus3 state.	2021-07-27 00:00:00
6220	2405	320	$4.44	This is in a(n) DefaultStatus3 state.	2021-07-27 00:00:00
6221	2405	367	$15.00	This is in a(n) DefaultStatus1 state.	2021-07-27 00:00:00
6222	2406	353	$100.00	This is in a(n) DefaultStatus3 state.	2021-02-03 00:00:00
6223	2406	550	$15.00	This is in a(n) DefaultStatus1 state.	2021-02-03 00:00:00
6224	2406	732	$15.00	This is in a(n) DefaultStatus4 state.	2021-02-03 00:00:00
6225	2406	748	$15.00	This is in a(n) DefaultStatus3 state.	2021-02-03 00:00:00
6226	2406	773	$15.00	This is in a(n) DefaultStatus3 state.	2021-02-03 00:00:00
6227	2407	560	$15.00	This is in a(n) DefaultStatus2 state.	2022-12-17 00:00:00
6228	2407	647	$15.00	This is in a(n) DefaultStatus1 state.	2022-12-17 00:00:00
6229	2407	317	$4.44	This is in a(n) DefaultStatus1 state.	2022-12-17 00:00:00
6230	2407	781	$15.00	This is in a(n) DefaultStatus4 state.	2022-12-17 00:00:00
6231	2408	530	$15.00	This is in a(n) DefaultStatus2 state.	2023-06-15 00:00:00
6232	2408	556	$15.00	This is in a(n) DefaultStatus2 state.	2023-06-15 00:00:00
6233	2408	700	$15.00	This is in a(n) DefaultStatus2 state.	2023-06-15 00:00:00
6234	2409	525	$15.00	This is in a(n) DefaultStatus2 state.	2023-04-24 00:00:00
6235	2409	296	$10.00	This is in a(n) DefaultStatus3 state.	2023-04-24 00:00:00
6236	2409	750	$15.00	This is in a(n) DefaultStatus3 state.	2023-04-24 00:00:00
6237	2410	353	$100.00	This is in a(n) DefaultStatus3 state.	2021-09-25 00:00:00
6238	2410	505	$15.00	This is in a(n) DefaultStatus4 state.	2021-09-25 00:00:00
6239	2411	280	$10.00	This is in a(n) DefaultStatus1 state.	2021-06-11 00:00:00
6240	2411	726	$15.00	This is in a(n) DefaultStatus4 state.	2021-06-11 00:00:00
6241	2412	417	$15.00	This is in a(n) DefaultStatus5 state.	2021-11-04 00:00:00
6242	2412	272	$5.00	This is in a(n) DefaultStatus4 state.	2021-11-04 00:00:00
6243	2413	395	$15.00	This is in a(n) DefaultStatus2 state.	2022-06-12 00:00:00
6244	2413	415	$15.00	This is in a(n) DefaultStatus5 state.	2022-06-12 00:00:00
6245	2413	699	$15.00	This is in a(n) DefaultStatus2 state.	2022-06-12 00:00:00
6246	2413	723	$15.00	This is in a(n) DefaultStatus3 state.	2022-06-12 00:00:00
6247	2414	729	$15.00	This is in a(n) DefaultStatus4 state.	2022-07-22 00:00:00
6248	2415	548	$15.00	This is in a(n) DefaultStatus1 state.	2021-01-30 00:00:00
6249	2415	537	$15.00	This is in a(n) DefaultStatus3 state.	2021-01-30 00:00:00
6250	2415	603	$15.00	This is in a(n) DefaultStatus4 state.	2021-01-30 00:00:00
6251	2415	703	$15.00	This is in a(n) DefaultStatus2 state.	2021-01-30 00:00:00
6252	2416	472	$15.00	This is in a(n) DefaultStatus1 state.	2023-08-23 00:00:00
6253	2416	352	$100.00	This is in a(n) DefaultStatus3 state.	2023-08-23 00:00:00
6254	2416	536	$15.00	This is in a(n) DefaultStatus3 state.	2023-08-23 00:00:00
6255	2416	298	$10.00	This is in a(n) DefaultStatus3 state.	2023-08-23 00:00:00
6256	2416	751	$15.00	This is in a(n) DefaultStatus3 state.	2023-08-23 00:00:00
6257	2417	550	$15.00	This is in a(n) DefaultStatus1 state.	2022-04-19 00:00:00
6258	2417	724	$15.00	This is in a(n) DefaultStatus3 state.	2022-04-19 00:00:00
6259	2418	423	$15.00	This is in a(n) DefaultStatus1 state.	2022-03-26 00:00:00
6260	2419	355	$100.00	This is in a(n) DefaultStatus4 state.	2021-11-10 00:00:00
6261	2419	399	$15.00	This is in a(n) DefaultStatus2 state.	2021-11-10 00:00:00
6262	2419	619	$15.00	This is in a(n) DefaultStatus3 state.	2021-11-10 00:00:00
6263	2420	545	$15.00	This is in a(n) DefaultStatus5 state.	2021-09-06 00:00:00
6264	2420	528	$15.00	This is in a(n) DefaultStatus2 state.	2021-09-06 00:00:00
6265	2420	532	$15.00	This is in a(n) DefaultStatus3 state.	2021-09-06 00:00:00
6266	2420	398	$15.00	This is in a(n) DefaultStatus2 state.	2021-09-06 00:00:00
6267	2421	535	$15.00	This is in a(n) DefaultStatus3 state.	2021-07-22 00:00:00
6268	2421	528	$15.00	This is in a(n) DefaultStatus2 state.	2021-07-22 00:00:00
6269	2421	431	$15.00	This is in a(n) DefaultStatus3 state.	2021-07-22 00:00:00
6270	2421	280	$10.00	This is in a(n) DefaultStatus1 state.	2021-07-22 00:00:00
6271	2422	594	$15.00	This is in a(n) DefaultStatus3 state.	2022-04-17 00:00:00
6272	2422	732	$15.00	This is in a(n) DefaultStatus4 state.	2022-04-17 00:00:00
6273	2423	549	$15.00	This is in a(n) DefaultStatus1 state.	2021-06-28 00:00:00
6274	2423	321	$4.44	This is in a(n) DefaultStatus3 state.	2021-06-28 00:00:00
6275	2423	702	$15.00	This is in a(n) DefaultStatus2 state.	2021-06-28 00:00:00
6276	2424	449	$15.00	This is in a(n) DefaultStatus1 state.	2023-05-16 00:00:00
6277	2425	436	$15.00	This is in a(n) DefaultStatus3 state.	2022-11-21 00:00:00
6278	2425	471	$15.00	This is in a(n) DefaultStatus1 state.	2022-11-21 00:00:00
6279	2425	600	$15.00	This is in a(n) DefaultStatus4 state.	2022-11-21 00:00:00
6280	2425	594	$15.00	This is in a(n) DefaultStatus3 state.	2022-11-21 00:00:00
6281	2426	524	$15.00	This is in a(n) DefaultStatus2 state.	2021-06-27 00:00:00
6282	2426	590	$15.00	This is in a(n) DefaultStatus3 state.	2021-06-27 00:00:00
6283	2426	325	$4.44	This is in a(n) DefaultStatus3 state.	2021-06-27 00:00:00
6284	2426	283	$10.00	This is in a(n) DefaultStatus1 state.	2021-06-27 00:00:00
6285	2426	723	$15.00	This is in a(n) DefaultStatus3 state.	2021-06-27 00:00:00
6286	2427	479	$15.00	This is in a(n) DefaultStatus3 state.	2022-11-18 00:00:00
6287	2427	562	$15.00	This is in a(n) DefaultStatus2 state.	2022-11-18 00:00:00
6288	2427	595	$15.00	This is in a(n) DefaultStatus3 state.	2022-11-18 00:00:00
6289	2427	290	$10.00	This is in a(n) DefaultStatus2 state.	2022-11-18 00:00:00
6290	2427	299	$10.00	This is in a(n) DefaultStatus3 state.	2022-11-18 00:00:00
6291	2428	566	$15.00	This is in a(n) DefaultStatus3 state.	2023-03-05 00:00:00
6292	2429	533	$15.00	This is in a(n) DefaultStatus3 state.	2023-08-11 00:00:00
6293	2429	551	$15.00	This is in a(n) DefaultStatus1 state.	2023-08-11 00:00:00
6294	2429	615	$15.00	This is in a(n) DefaultStatus2 state.	2023-08-11 00:00:00
6295	2429	357	$100.00	This is in a(n) DefaultStatus4 state.	2023-08-11 00:00:00
6296	2430	550	$15.00	This is in a(n) DefaultStatus1 state.	2021-04-22 00:00:00
6297	2430	423	$15.00	This is in a(n) DefaultStatus1 state.	2021-04-22 00:00:00
6298	2431	617	$15.00	This is in a(n) DefaultStatus3 state.	2021-01-28 00:00:00
6299	2431	426	$15.00	This is in a(n) DefaultStatus1 state.	2021-01-28 00:00:00
6300	2431	733	$15.00	This is in a(n) DefaultStatus4 state.	2021-01-28 00:00:00
6301	2432	350	$100.00	This is in a(n) DefaultStatus3 state.	2023-08-19 00:00:00
6302	2432	618	$15.00	This is in a(n) DefaultStatus3 state.	2023-08-19 00:00:00
6303	2432	297	$10.00	This is in a(n) DefaultStatus3 state.	2023-08-19 00:00:00
6304	2432	809	$15.00	This is in a(n) DefaultStatus4 state.	2023-08-19 00:00:00
6305	2433	342	$100.00	This is in a(n) DefaultStatus1 state.	2023-08-16 00:00:00
6306	2433	419	$15.00	This is in a(n) DefaultStatus1 state.	2023-08-16 00:00:00
6307	2433	289	$10.00	This is in a(n) DefaultStatus2 state.	2023-08-16 00:00:00
6308	2433	809	$15.00	This is in a(n) DefaultStatus4 state.	2023-08-16 00:00:00
6309	2434	325	$4.44	This is in a(n) DefaultStatus3 state.	2021-08-09 00:00:00
6310	2434	283	$10.00	This is in a(n) DefaultStatus1 state.	2021-08-09 00:00:00
6311	2434	725	$15.00	This is in a(n) DefaultStatus3 state.	2021-08-09 00:00:00
6312	2435	482	$15.00	This is in a(n) DefaultStatus4 state.	2023-04-28 00:00:00
6313	2435	526	$15.00	This is in a(n) DefaultStatus2 state.	2023-04-28 00:00:00
6314	2435	562	$15.00	This is in a(n) DefaultStatus2 state.	2023-04-28 00:00:00
6315	2435	617	$15.00	This is in a(n) DefaultStatus3 state.	2023-04-28 00:00:00
6316	2436	588	$15.00	This is in a(n) DefaultStatus3 state.	2021-03-10 00:00:00
6317	2436	293	$10.00	This is in a(n) DefaultStatus2 state.	2021-03-10 00:00:00
6318	2436	728	$15.00	This is in a(n) DefaultStatus4 state.	2021-03-10 00:00:00
6319	2437	448	$15.00	This is in a(n) DefaultStatus1 state.	2023-06-18 00:00:00
6320	2437	340	$100.00	This is in a(n) DefaultStatus1 state.	2023-06-18 00:00:00
6321	2437	341	$100.00	This is in a(n) DefaultStatus1 state.	2023-06-18 00:00:00
6322	2437	617	$15.00	This is in a(n) DefaultStatus3 state.	2023-06-18 00:00:00
6323	2438	484	$15.00	This is in a(n) DefaultStatus4 state.	2022-07-27 00:00:00
6324	2438	310	$4.44	This is in a(n) DefaultStatus1 state.	2022-07-27 00:00:00
6325	2439	357	$100.00	This is in a(n) DefaultStatus4 state.	2023-02-03 00:00:00
6326	2440	558	$15.00	This is in a(n) DefaultStatus2 state.	2021-08-03 00:00:00
6327	2440	538	$15.00	This is in a(n) DefaultStatus3 state.	2021-08-03 00:00:00
6328	2440	410	$15.00	This is in a(n) DefaultStatus5 state.	2021-08-03 00:00:00
6329	2440	421	$15.00	This is in a(n) DefaultStatus1 state.	2021-08-03 00:00:00
6330	2440	372	$15.00	This is in a(n) DefaultStatus1 state.	2021-08-03 00:00:00
6331	2441	670	$15.00	This is in a(n) DefaultStatus5 state.	2023-01-16 00:00:00
6332	2442	658	$15.00	This is in a(n) DefaultStatus3 state.	2022-05-07 00:00:00
6333	2443	396	$15.00	This is in a(n) DefaultStatus2 state.	2023-01-21 00:00:00
6334	2443	549	$15.00	This is in a(n) DefaultStatus1 state.	2023-01-21 00:00:00
6335	2443	422	$15.00	This is in a(n) DefaultStatus1 state.	2023-01-21 00:00:00
6336	2443	281	$10.00	This is in a(n) DefaultStatus1 state.	2023-01-21 00:00:00
6337	2444	499	$15.00	This is in a(n) DefaultStatus4 state.	2023-01-06 00:00:00
6338	2444	417	$15.00	This is in a(n) DefaultStatus5 state.	2023-01-06 00:00:00
6339	2444	425	$15.00	This is in a(n) DefaultStatus1 state.	2023-01-06 00:00:00
6340	2445	372	$15.00	This is in a(n) DefaultStatus1 state.	2022-05-08 00:00:00
6341	2446	558	$15.00	This is in a(n) DefaultStatus2 state.	2023-01-16 00:00:00
6342	2446	702	$15.00	This is in a(n) DefaultStatus2 state.	2023-01-16 00:00:00
6343	2446	774	$15.00	This is in a(n) DefaultStatus3 state.	2023-01-16 00:00:00
6344	2446	777	$15.00	This is in a(n) DefaultStatus3 state.	2023-01-16 00:00:00
6345	2447	482	$15.00	This is in a(n) DefaultStatus4 state.	2021-06-14 00:00:00
6346	2448	550	$15.00	This is in a(n) DefaultStatus1 state.	2023-02-11 00:00:00
6347	2448	396	$15.00	This is in a(n) DefaultStatus2 state.	2023-02-11 00:00:00
6348	2448	395	$15.00	This is in a(n) DefaultStatus2 state.	2023-02-11 00:00:00
6349	2448	616	$15.00	This is in a(n) DefaultStatus3 state.	2023-02-11 00:00:00
6350	2448	416	$15.00	This is in a(n) DefaultStatus5 state.	2023-02-11 00:00:00
6351	2449	436	$15.00	This is in a(n) DefaultStatus3 state.	2022-05-10 00:00:00
6352	2449	508	$15.00	This is in a(n) DefaultStatus4 state.	2022-05-10 00:00:00
6353	2449	558	$15.00	This is in a(n) DefaultStatus2 state.	2022-05-10 00:00:00
6354	2449	544	$15.00	This is in a(n) DefaultStatus5 state.	2022-05-10 00:00:00
6355	2449	776	$15.00	This is in a(n) DefaultStatus3 state.	2022-05-10 00:00:00
6356	2450	669	$15.00	This is in a(n) DefaultStatus5 state.	2023-02-20 00:00:00
6357	2450	369	$15.00	This is in a(n) DefaultStatus1 state.	2023-02-20 00:00:00
6358	2451	400	$15.00	This is in a(n) DefaultStatus2 state.	2022-06-22 00:00:00
6359	2452	353	$100.00	This is in a(n) DefaultStatus3 state.	2022-04-10 00:00:00
6360	2452	396	$15.00	This is in a(n) DefaultStatus2 state.	2022-04-10 00:00:00
6361	2452	415	$15.00	This is in a(n) DefaultStatus5 state.	2022-04-10 00:00:00
6362	2452	644	$15.00	This is in a(n) DefaultStatus1 state.	2022-04-10 00:00:00
6363	2452	273	$5.00	This is in a(n) DefaultStatus4 state.	2022-04-10 00:00:00
6364	2453	554	$15.00	This is in a(n) DefaultStatus2 state.	2021-12-25 00:00:00
6365	2453	328	$4.44	This is in a(n) DefaultStatus4 state.	2021-12-25 00:00:00
6366	2453	271	$5.00	This is in a(n) DefaultStatus4 state.	2021-12-25 00:00:00
6367	2454	413	$15.00	This is in a(n) DefaultStatus5 state.	2022-12-03 00:00:00
6368	2454	288	$10.00	This is in a(n) DefaultStatus2 state.	2022-12-03 00:00:00
6369	2454	719	$15.00	This is in a(n) DefaultStatus1 state.	2022-12-03 00:00:00
6370	2454	722	$15.00	This is in a(n) DefaultStatus3 state.	2022-12-03 00:00:00
6371	2455	285	$10.00	This is in a(n) DefaultStatus1 state.	2023-05-04 00:00:00
6372	2456	338	$100.00	This is in a(n) DefaultStatus1 state.	2021-04-03 00:00:00
6373	2456	399	$15.00	This is in a(n) DefaultStatus2 state.	2021-04-03 00:00:00
6374	2456	311	$4.44	This is in a(n) DefaultStatus1 state.	2021-04-03 00:00:00
6375	2456	700	$15.00	This is in a(n) DefaultStatus2 state.	2021-04-03 00:00:00
6376	2457	505	$15.00	This is in a(n) DefaultStatus4 state.	2023-01-28 00:00:00
6377	2457	644	$15.00	This is in a(n) DefaultStatus1 state.	2023-01-28 00:00:00
6378	2458	471	$15.00	This is in a(n) DefaultStatus1 state.	2023-09-07 00:00:00
6379	2458	605	$15.00	This is in a(n) DefaultStatus4 state.	2023-09-07 00:00:00
6380	2458	541	$15.00	This is in a(n) DefaultStatus5 state.	2023-09-07 00:00:00
6381	2458	619	$15.00	This is in a(n) DefaultStatus3 state.	2023-09-07 00:00:00
6382	2458	422	$15.00	This is in a(n) DefaultStatus1 state.	2023-09-07 00:00:00
6383	2459	450	$15.00	This is in a(n) DefaultStatus1 state.	2021-11-08 00:00:00
6384	2459	560	$15.00	This is in a(n) DefaultStatus2 state.	2021-11-08 00:00:00
6385	2459	315	$4.44	This is in a(n) DefaultStatus1 state.	2021-11-08 00:00:00
6386	2459	428	$15.00	This is in a(n) DefaultStatus2 state.	2021-11-08 00:00:00
6387	2459	429	$15.00	This is in a(n) DefaultStatus3 state.	2021-11-08 00:00:00
6388	2460	395	$15.00	This is in a(n) DefaultStatus2 state.	2023-08-11 00:00:00
6389	2460	645	$15.00	This is in a(n) DefaultStatus1 state.	2023-08-11 00:00:00
6390	2460	286	$10.00	This is in a(n) DefaultStatus1 state.	2023-08-11 00:00:00
6391	2461	646	$15.00	This is in a(n) DefaultStatus1 state.	2022-04-26 00:00:00
6392	2461	681	$15.00	This is in a(n) DefaultStatus4 state.	2022-04-26 00:00:00
6393	2461	291	$10.00	This is in a(n) DefaultStatus2 state.	2022-04-26 00:00:00
6394	2461	391	$15.00	This is in a(n) DefaultStatus1 state.	2022-04-26 00:00:00
6395	2462	558	$15.00	This is in a(n) DefaultStatus2 state.	2021-02-05 00:00:00
6396	2462	537	$15.00	This is in a(n) DefaultStatus3 state.	2021-02-05 00:00:00
6397	2463	355	$100.00	This is in a(n) DefaultStatus4 state.	2022-02-25 00:00:00
6398	2463	340	$100.00	This is in a(n) DefaultStatus1 state.	2022-02-25 00:00:00
6399	2463	503	$15.00	This is in a(n) DefaultStatus4 state.	2022-02-25 00:00:00
6400	2463	371	$15.00	This is in a(n) DefaultStatus1 state.	2022-02-25 00:00:00
6401	2464	339	$100.00	This is in a(n) DefaultStatus1 state.	2022-06-14 00:00:00
6402	2465	619	$15.00	This is in a(n) DefaultStatus3 state.	2023-06-14 00:00:00
6403	2465	308	$10.00	This is in a(n) DefaultStatus5 state.	2023-06-14 00:00:00
6404	2466	396	$15.00	This is in a(n) DefaultStatus2 state.	2021-11-22 00:00:00
6405	2466	395	$15.00	This is in a(n) DefaultStatus2 state.	2021-11-22 00:00:00
6406	2466	614	$15.00	This is in a(n) DefaultStatus2 state.	2021-11-22 00:00:00
6407	2466	751	$15.00	This is in a(n) DefaultStatus3 state.	2021-11-22 00:00:00
6408	2466	760	$15.00	This is in a(n) DefaultStatus1 state.	2021-11-22 00:00:00
6409	2467	414	$15.00	This is in a(n) DefaultStatus5 state.	2021-09-11 00:00:00
6410	2468	475	$15.00	This is in a(n) DefaultStatus1 state.	2021-09-25 00:00:00
6411	2468	544	$15.00	This is in a(n) DefaultStatus5 state.	2021-09-25 00:00:00
6412	2468	315	$4.44	This is in a(n) DefaultStatus1 state.	2021-09-25 00:00:00
6413	2468	417	$15.00	This is in a(n) DefaultStatus5 state.	2021-09-25 00:00:00
6414	2468	281	$10.00	This is in a(n) DefaultStatus1 state.	2021-09-25 00:00:00
6415	2469	348	$100.00	This is in a(n) DefaultStatus3 state.	2022-12-20 00:00:00
6416	2469	546	$15.00	This is in a(n) DefaultStatus5 state.	2022-12-20 00:00:00
6417	2469	359	$100.00	This is in a(n) DefaultStatus4 state.	2022-12-20 00:00:00
6418	2469	373	$15.00	This is in a(n) DefaultStatus2 state.	2022-12-20 00:00:00
6419	2470	350	$100.00	This is in a(n) DefaultStatus3 state.	2022-12-17 00:00:00
6420	2470	702	$15.00	This is in a(n) DefaultStatus2 state.	2022-12-17 00:00:00
6421	2470	283	$10.00	This is in a(n) DefaultStatus1 state.	2022-12-17 00:00:00
6422	2470	778	$15.00	This is in a(n) DefaultStatus4 state.	2022-12-17 00:00:00
6423	2471	352	$100.00	This is in a(n) DefaultStatus3 state.	2022-09-23 00:00:00
6424	2471	564	$15.00	This is in a(n) DefaultStatus3 state.	2022-09-23 00:00:00
6425	2471	314	$4.44	This is in a(n) DefaultStatus1 state.	2022-09-23 00:00:00
6426	2471	702	$15.00	This is in a(n) DefaultStatus2 state.	2022-09-23 00:00:00
6427	2471	776	$15.00	This is in a(n) DefaultStatus3 state.	2022-09-23 00:00:00
6428	2472	501	$15.00	This is in a(n) DefaultStatus4 state.	2022-03-11 00:00:00
6429	2472	308	$10.00	This is in a(n) DefaultStatus5 state.	2022-03-11 00:00:00
6430	2472	291	$10.00	This is in a(n) DefaultStatus2 state.	2022-03-11 00:00:00
6431	2472	293	$10.00	This is in a(n) DefaultStatus2 state.	2022-03-11 00:00:00
6432	2473	502	$15.00	This is in a(n) DefaultStatus4 state.	2022-12-10 00:00:00
6433	2473	507	$15.00	This is in a(n) DefaultStatus4 state.	2022-12-10 00:00:00
6434	2473	394	$15.00	This is in a(n) DefaultStatus2 state.	2022-12-10 00:00:00
6435	2473	617	$15.00	This is in a(n) DefaultStatus3 state.	2022-12-10 00:00:00
6436	2473	286	$10.00	This is in a(n) DefaultStatus1 state.	2022-12-10 00:00:00
6437	2474	323	$4.44	This is in a(n) DefaultStatus3 state.	2021-08-24 00:00:00
6438	2474	670	$15.00	This is in a(n) DefaultStatus5 state.	2021-08-24 00:00:00
6439	2474	299	$10.00	This is in a(n) DefaultStatus3 state.	2021-08-24 00:00:00
6440	2475	359	$100.00	This is in a(n) DefaultStatus4 state.	2021-01-08 00:00:00
6441	2475	370	$15.00	This is in a(n) DefaultStatus1 state.	2021-01-08 00:00:00
6442	2476	474	$15.00	This is in a(n) DefaultStatus1 state.	2021-04-28 00:00:00
6443	2476	341	$100.00	This is in a(n) DefaultStatus1 state.	2021-04-28 00:00:00
6444	2476	590	$15.00	This is in a(n) DefaultStatus3 state.	2021-04-28 00:00:00
6445	2477	499	$15.00	This is in a(n) DefaultStatus4 state.	2022-10-21 00:00:00
6446	2477	673	$15.00	This is in a(n) DefaultStatus1 state.	2022-10-21 00:00:00
6447	2477	288	$10.00	This is in a(n) DefaultStatus2 state.	2022-10-21 00:00:00
6448	2478	417	$15.00	This is in a(n) DefaultStatus5 state.	2023-02-08 00:00:00
6449	2478	319	$4.44	This is in a(n) DefaultStatus2 state.	2023-02-08 00:00:00
6450	2479	527	$15.00	This is in a(n) DefaultStatus2 state.	2022-08-16 00:00:00
6451	2479	394	$15.00	This is in a(n) DefaultStatus2 state.	2022-08-16 00:00:00
6452	2480	642	$15.00	This is in a(n) DefaultStatus5 state.	2022-05-17 00:00:00
6453	2480	719	$15.00	This is in a(n) DefaultStatus1 state.	2022-05-17 00:00:00
6454	2481	546	$15.00	This is in a(n) DefaultStatus5 state.	2021-07-04 00:00:00
6455	2481	549	$15.00	This is in a(n) DefaultStatus1 state.	2021-07-04 00:00:00
6456	2481	592	$15.00	This is in a(n) DefaultStatus3 state.	2021-07-04 00:00:00
6457	2481	429	$15.00	This is in a(n) DefaultStatus3 state.	2021-07-04 00:00:00
6458	2481	271	$5.00	This is in a(n) DefaultStatus4 state.	2021-07-04 00:00:00
6459	2482	350	$100.00	This is in a(n) DefaultStatus3 state.	2021-12-21 00:00:00
6460	2482	587	$15.00	This is in a(n) DefaultStatus3 state.	2021-12-21 00:00:00
6461	2482	505	$15.00	This is in a(n) DefaultStatus4 state.	2021-12-21 00:00:00
6462	2482	729	$15.00	This is in a(n) DefaultStatus4 state.	2021-12-21 00:00:00
6463	2483	594	$15.00	This is in a(n) DefaultStatus3 state.	2021-08-03 00:00:00
6464	2483	564	$15.00	This is in a(n) DefaultStatus3 state.	2021-08-03 00:00:00
6465	2484	412	$15.00	This is in a(n) DefaultStatus5 state.	2023-02-10 00:00:00
6466	2484	271	$5.00	This is in a(n) DefaultStatus4 state.	2023-02-10 00:00:00
6467	2484	775	$15.00	This is in a(n) DefaultStatus3 state.	2023-02-10 00:00:00
6468	2485	396	$15.00	This is in a(n) DefaultStatus2 state.	2023-07-21 00:00:00
6469	2485	615	$15.00	This is in a(n) DefaultStatus2 state.	2023-07-21 00:00:00
6470	2485	762	$15.00	This is in a(n) DefaultStatus1 state.	2023-07-21 00:00:00
6471	2486	355	$100.00	This is in a(n) DefaultStatus4 state.	2023-05-27 00:00:00
6472	2486	604	$15.00	This is in a(n) DefaultStatus4 state.	2023-05-27 00:00:00
6473	2486	328	$4.44	This is in a(n) DefaultStatus4 state.	2023-05-27 00:00:00
6474	2486	775	$15.00	This is in a(n) DefaultStatus3 state.	2023-05-27 00:00:00
6475	2486	778	$15.00	This is in a(n) DefaultStatus4 state.	2023-05-27 00:00:00
6476	2487	599	$15.00	This is in a(n) DefaultStatus4 state.	2023-01-10 00:00:00
6477	2487	671	$15.00	This is in a(n) DefaultStatus5 state.	2023-01-10 00:00:00
6478	2487	725	$15.00	This is in a(n) DefaultStatus3 state.	2023-01-10 00:00:00
6479	2487	704	$15.00	This is in a(n) DefaultStatus2 state.	2023-01-10 00:00:00
6480	2487	774	$15.00	This is in a(n) DefaultStatus3 state.	2023-01-10 00:00:00
6481	2488	288	$10.00	This is in a(n) DefaultStatus2 state.	2021-08-20 00:00:00
6482	2488	292	$10.00	This is in a(n) DefaultStatus2 state.	2021-08-20 00:00:00
6483	2489	550	$15.00	This is in a(n) DefaultStatus1 state.	2023-06-15 00:00:00
6484	2489	533	$15.00	This is in a(n) DefaultStatus3 state.	2023-06-15 00:00:00
6485	2489	537	$15.00	This is in a(n) DefaultStatus3 state.	2023-06-15 00:00:00
6486	2489	595	$15.00	This is in a(n) DefaultStatus3 state.	2023-06-15 00:00:00
6487	2489	326	$4.44	This is in a(n) DefaultStatus4 state.	2023-06-15 00:00:00
6488	2490	548	$15.00	This is in a(n) DefaultStatus1 state.	2022-01-07 00:00:00
6489	2490	529	$15.00	This is in a(n) DefaultStatus2 state.	2022-01-07 00:00:00
6490	2490	324	$4.44	This is in a(n) DefaultStatus3 state.	2022-01-07 00:00:00
6491	2491	450	$15.00	This is in a(n) DefaultStatus1 state.	2022-09-19 00:00:00
6492	2491	539	$15.00	This is in a(n) DefaultStatus4 state.	2022-09-19 00:00:00
6493	2491	700	$15.00	This is in a(n) DefaultStatus2 state.	2022-09-19 00:00:00
6494	2491	391	$15.00	This is in a(n) DefaultStatus1 state.	2022-09-19 00:00:00
6495	2492	471	$15.00	This is in a(n) DefaultStatus1 state.	2022-11-05 00:00:00
6496	2492	602	$15.00	This is in a(n) DefaultStatus4 state.	2022-11-05 00:00:00
6497	2492	600	$15.00	This is in a(n) DefaultStatus4 state.	2022-11-05 00:00:00
6498	2492	310	$4.44	This is in a(n) DefaultStatus1 state.	2022-11-05 00:00:00
6499	2493	537	$15.00	This is in a(n) DefaultStatus3 state.	2022-10-19 00:00:00
6500	2493	393	$15.00	This is in a(n) DefaultStatus2 state.	2022-10-19 00:00:00
6501	2493	601	$15.00	This is in a(n) DefaultStatus4 state.	2022-10-19 00:00:00
6502	2493	295	$10.00	This is in a(n) DefaultStatus3 state.	2022-10-19 00:00:00
6503	2494	483	$15.00	This is in a(n) DefaultStatus4 state.	2022-06-06 00:00:00
6504	2494	471	$15.00	This is in a(n) DefaultStatus1 state.	2022-06-06 00:00:00
6505	2494	419	$15.00	This is in a(n) DefaultStatus1 state.	2022-06-06 00:00:00
6506	2494	271	$5.00	This is in a(n) DefaultStatus4 state.	2022-06-06 00:00:00
6507	2494	684	$15.00	This is in a(n) DefaultStatus4 state.	2022-06-06 00:00:00
6508	2495	566	$15.00	This is in a(n) DefaultStatus3 state.	2021-01-09 00:00:00
6509	2495	311	$4.44	This is in a(n) DefaultStatus1 state.	2021-01-09 00:00:00
6510	2495	317	$4.44	This is in a(n) DefaultStatus1 state.	2021-01-09 00:00:00
6511	2495	682	$15.00	This is in a(n) DefaultStatus4 state.	2021-01-09 00:00:00
6512	2496	605	$15.00	This is in a(n) DefaultStatus4 state.	2021-08-26 00:00:00
6513	2496	557	$15.00	This is in a(n) DefaultStatus2 state.	2021-08-26 00:00:00
6514	2496	321	$4.44	This is in a(n) DefaultStatus3 state.	2021-08-26 00:00:00
6515	2496	645	$15.00	This is in a(n) DefaultStatus1 state.	2021-08-26 00:00:00
6516	2496	272	$5.00	This is in a(n) DefaultStatus4 state.	2021-08-26 00:00:00
6517	2497	479	$15.00	This is in a(n) DefaultStatus3 state.	2022-01-26 00:00:00
6518	2497	399	$15.00	This is in a(n) DefaultStatus2 state.	2022-01-26 00:00:00
6519	2497	673	$15.00	This is in a(n) DefaultStatus1 state.	2022-01-26 00:00:00
6520	2497	371	$15.00	This is in a(n) DefaultStatus1 state.	2022-01-26 00:00:00
6521	2497	749	$15.00	This is in a(n) DefaultStatus3 state.	2022-01-26 00:00:00
6522	2498	310	$4.44	This is in a(n) DefaultStatus1 state.	2022-08-14 00:00:00
6523	2498	421	$15.00	This is in a(n) DefaultStatus1 state.	2022-08-14 00:00:00
6524	2499	549	$15.00	This is in a(n) DefaultStatus1 state.	2023-05-02 00:00:00
6525	2500	526	$15.00	This is in a(n) DefaultStatus2 state.	2021-12-14 00:00:00
6526	2500	310	$4.44	This is in a(n) DefaultStatus1 state.	2021-12-14 00:00:00
6527	2500	321	$4.44	This is in a(n) DefaultStatus3 state.	2021-12-14 00:00:00
6528	2500	706	$15.00	This is in a(n) DefaultStatus2 state.	2021-12-14 00:00:00
\.


--
-- Data for Name: purchase; Type: TABLE DATA; Schema: public; Owner: codebras
--

COPY public.purchase (id, customer_id, employee_id, purchase_date) FROM stdin;
\.


--
-- Data for Name: purchase_item; Type: TABLE DATA; Schema: public; Owner: codebras
--

COPY public.purchase_item (id, purchase_id, inventory_id, final_price) FROM stdin;
\.


--
-- Data for Name: rental; Type: TABLE DATA; Schema: public; Owner: codebras
--

COPY public.rental (id, rental_date, customer_id, employee_id) FROM stdin;
1	2021-03-08	5	4
2	2021-04-16	5	3
3	2023-06-11	4	2
4	2023-09-17	4	2
5	2023-03-29	5	2
6	2021-06-13	3	5
7	2021-04-25	2	4
8	2023-05-20	3	3
9	2021-08-23	2	3
10	2021-10-13	2	2
11	2023-04-22	2	2
12	2023-10-11	2	4
13	2023-05-16	3	4
14	2023-02-22	5	3
15	2021-11-18	1	5
16	2021-04-10	4	3
17	2021-12-15	3	2
18	2023-01-19	4	4
19	2022-06-23	4	4
20	2023-10-19	1	2
21	2023-06-23	4	4
22	2022-09-02	1	4
23	2022-04-09	5	3
24	2023-01-21	5	3
25	2022-06-24	1	1
26	2023-05-06	3	5
27	2021-04-21	1	2
28	2023-09-04	1	3
29	2023-02-28	2	3
30	2022-06-16	3	1
31	2022-10-08	1	1
32	2023-07-18	2	2
33	2022-09-15	5	5
34	2021-07-18	2	3
35	2023-02-26	1	4
36	2023-09-01	2	2
37	2022-07-05	2	5
38	2022-03-02	1	1
39	2023-07-10	3	4
40	2021-09-27	3	3
41	2021-01-25	3	2
42	2021-10-25	2	3
43	2023-08-12	3	5
44	2022-04-07	4	1
45	2023-01-21	1	3
46	2023-03-12	5	2
47	2022-03-09	4	2
48	2021-12-31	4	1
49	2021-04-19	3	4
50	2022-11-02	2	2
51	2023-08-05	4	3
52	2022-01-05	5	4
53	2022-07-28	2	1
54	2022-11-10	1	1
55	2022-10-04	1	2
56	2023-08-16	5	4
57	2023-10-15	4	3
58	2022-07-30	5	4
59	2021-06-17	5	4
60	2023-07-14	3	2
61	2023-06-26	1	1
62	2023-07-18	5	5
63	2023-09-07	5	3
64	2021-10-22	5	2
65	2023-10-17	5	2
66	2021-09-18	1	3
67	2023-04-08	2	4
68	2021-08-24	1	5
69	2021-06-07	3	4
70	2022-03-17	4	3
71	2021-04-14	2	3
72	2022-03-08	4	1
73	2022-06-16	4	2
74	2022-10-14	2	4
75	2023-04-24	1	2
76	2021-12-12	1	5
77	2022-12-20	1	5
78	2022-05-27	1	2
79	2021-09-03	1	3
80	2023-04-15	4	2
81	2022-01-03	5	4
82	2021-05-28	1	4
83	2021-05-11	2	2
84	2022-12-21	2	5
85	2021-06-28	4	1
86	2023-04-14	3	5
87	2022-08-07	2	1
88	2022-02-11	4	2
89	2023-03-14	5	1
90	2022-09-05	2	1
91	2022-06-19	4	3
92	2021-10-22	5	1
93	2022-07-21	4	3
94	2023-09-17	2	5
95	2023-04-02	4	1
96	2022-10-14	1	2
97	2023-05-06	1	1
98	2023-09-20	4	2
99	2023-10-02	3	5
100	2021-09-05	3	3
101	2021-05-18	4	4
102	2022-11-21	4	3
103	2023-10-03	1	5
104	2023-04-09	2	3
105	2022-03-25	4	4
106	2021-10-15	4	2
107	2021-03-21	4	5
108	2023-08-25	5	4
109	2023-09-20	1	5
110	2022-06-02	2	5
111	2022-07-17	3	3
112	2022-03-01	1	4
113	2022-08-13	1	1
114	2022-02-17	2	5
115	2022-07-09	3	4
116	2022-04-26	3	1
117	2023-02-28	3	4
118	2023-02-14	4	3
119	2021-08-23	2	2
120	2021-03-12	2	5
121	2022-05-11	4	4
122	2022-02-11	1	5
123	2022-04-05	3	1
124	2022-04-28	4	5
125	2022-10-14	2	5
126	2021-07-22	2	4
127	2022-05-05	2	3
128	2022-07-10	3	2
129	2022-02-05	4	1
130	2021-09-27	3	4
131	2021-04-16	5	4
132	2022-11-19	1	1
133	2022-02-18	5	2
134	2022-09-27	5	2
135	2022-07-29	1	4
136	2021-11-25	5	3
137	2023-01-11	4	2
138	2021-01-31	4	2
139	2022-08-07	4	4
140	2021-05-29	2	3
141	2021-12-11	2	1
142	2021-01-12	1	3
143	2023-01-26	4	5
144	2022-04-18	2	4
145	2021-08-11	3	1
146	2021-01-01	5	3
147	2022-03-11	2	2
148	2021-09-29	4	4
149	2023-10-02	3	5
150	2023-04-18	1	2
151	2021-01-18	5	1
152	2023-05-08	3	3
153	2022-05-11	2	1
154	2022-05-29	2	3
155	2022-02-02	5	2
156	2023-04-16	1	3
157	2023-01-11	1	3
158	2023-02-03	3	5
159	2023-08-31	3	1
160	2021-06-01	1	4
161	2022-02-17	4	3
162	2021-11-11	2	3
163	2021-10-11	3	2
164	2022-04-20	1	2
165	2021-05-12	3	2
166	2021-06-09	3	5
167	2022-09-05	3	2
168	2021-11-26	4	3
169	2022-06-04	5	1
170	2023-07-13	1	5
171	2022-08-05	1	3
172	2022-02-12	2	5
173	2023-03-29	3	4
174	2023-10-02	5	3
175	2021-12-26	2	5
176	2021-12-02	3	2
177	2023-04-23	3	3
178	2023-03-14	5	1
179	2021-07-11	2	2
180	2022-07-07	4	4
181	2023-05-28	3	1
182	2023-05-19	3	2
183	2022-02-14	4	3
184	2023-03-31	5	2
185	2023-07-01	3	3
186	2022-11-19	4	4
187	2021-11-26	3	5
188	2022-12-06	4	3
189	2023-01-09	3	3
190	2023-09-10	2	4
191	2022-01-02	5	2
192	2023-03-30	1	4
193	2022-05-29	1	1
194	2023-03-16	5	4
195	2023-02-08	1	3
196	2021-05-04	1	3
197	2022-03-15	2	4
198	2023-10-04	5	2
199	2023-03-11	4	3
200	2021-05-19	4	4
201	2021-11-25	1	2
202	2021-01-03	2	1
203	2022-06-25	5	1
204	2023-08-17	3	4
205	2022-04-15	4	1
206	2023-03-04	4	5
207	2022-07-16	2	1
208	2021-07-13	4	3
209	2022-01-16	4	1
210	2023-07-11	4	4
211	2023-05-28	2	1
212	2021-05-18	5	2
213	2023-03-21	4	4
214	2021-01-09	5	5
215	2023-02-24	3	5
216	2021-04-03	5	5
217	2022-08-29	5	4
218	2022-12-03	1	3
219	2021-11-24	1	1
220	2021-11-05	1	1
221	2022-01-14	2	1
222	2023-01-22	1	1
223	2021-05-31	4	2
224	2022-02-15	5	2
225	2022-06-07	5	1
226	2023-09-20	4	1
227	2021-03-05	3	4
228	2021-08-15	5	1
229	2022-07-16	1	4
230	2021-12-27	3	5
231	2021-10-30	2	1
232	2022-02-11	5	3
233	2021-04-10	1	5
234	2023-07-11	3	5
235	2021-08-25	5	2
236	2021-04-06	4	4
237	2021-12-10	1	2
238	2021-08-17	1	3
239	2022-01-06	5	4
240	2022-01-26	3	4
241	2023-02-23	3	4
242	2022-04-13	3	2
243	2023-07-06	2	1
244	2021-09-26	2	1
245	2022-04-10	4	4
246	2023-02-24	3	5
247	2021-12-16	3	3
248	2022-03-29	3	5
249	2021-02-09	2	4
250	2021-06-10	3	2
251	2021-11-23	5	2
252	2023-04-27	3	1
253	2022-04-22	3	4
254	2021-05-03	2	5
255	2022-08-04	4	5
256	2021-07-21	5	3
257	2023-09-17	3	5
258	2023-06-29	5	3
259	2021-09-25	2	3
260	2021-02-18	2	3
261	2021-09-07	1	3
262	2022-02-07	5	1
263	2022-04-28	1	5
264	2022-02-03	5	2
265	2021-11-26	3	2
266	2023-05-04	3	4
267	2021-03-27	2	3
268	2022-03-01	4	1
269	2021-03-25	3	1
270	2023-07-22	1	3
271	2021-01-11	3	3
272	2021-12-15	1	3
273	2022-10-11	2	2
274	2022-09-03	5	1
275	2023-03-29	5	2
276	2022-03-01	2	4
277	2021-08-28	2	5
278	2022-08-10	4	4
279	2021-08-06	1	1
280	2021-04-04	5	2
281	2022-11-29	3	3
282	2023-01-03	5	3
283	2021-05-15	2	4
284	2021-07-03	1	4
285	2022-09-18	1	4
286	2022-05-08	5	1
287	2021-06-02	5	4
288	2022-02-22	4	1
289	2021-11-02	2	5
290	2023-04-22	4	3
291	2023-08-03	5	1
292	2022-08-19	2	1
293	2023-01-19	4	5
294	2023-09-28	1	5
295	2021-05-01	5	2
296	2021-01-06	5	2
297	2022-04-01	3	1
298	2021-01-09	4	5
299	2022-07-07	1	2
300	2021-07-25	3	4
301	2023-06-08	5	5
302	2022-11-14	5	3
303	2021-01-20	3	4
304	2021-02-08	3	3
305	2021-03-01	4	2
306	2021-04-06	2	5
307	2021-07-26	3	3
308	2023-05-15	2	5
309	2023-02-19	2	3
310	2022-01-17	2	4
311	2022-05-30	5	3
312	2022-12-05	4	5
313	2023-10-02	2	4
314	2021-04-05	2	2
315	2021-03-18	2	3
316	2022-09-04	4	1
317	2022-08-02	5	3
318	2021-11-21	2	5
319	2022-12-08	3	1
320	2022-06-12	3	1
321	2022-01-27	3	1
322	2022-09-05	5	4
323	2022-01-31	5	4
324	2021-07-08	4	3
325	2022-07-18	4	5
326	2022-02-20	2	2
327	2021-10-16	1	4
328	2023-10-11	4	2
329	2023-02-21	4	4
330	2022-09-17	2	3
331	2022-07-30	2	1
332	2023-09-21	4	1
333	2022-05-05	3	3
334	2022-11-22	3	2
335	2023-09-24	2	1
336	2022-08-29	4	4
337	2022-12-21	4	4
338	2021-12-28	1	4
339	2021-05-12	1	1
340	2023-04-01	2	1
341	2021-11-23	1	4
342	2021-12-29	3	4
343	2022-10-07	4	5
344	2023-07-02	4	5
345	2023-02-19	2	3
346	2023-05-19	3	4
347	2021-03-12	2	2
348	2023-05-19	5	3
349	2023-04-30	2	4
350	2022-01-17	4	5
351	2021-12-28	3	5
352	2022-07-29	4	1
353	2022-06-17	3	2
354	2021-01-05	4	2
355	2023-01-25	5	3
356	2021-11-26	3	2
357	2021-11-02	2	3
358	2023-05-20	3	3
359	2023-07-12	3	2
360	2022-10-02	5	2
361	2022-02-04	5	4
362	2023-06-27	2	4
363	2022-07-07	5	1
364	2022-03-03	3	5
365	2023-09-23	2	3
366	2022-06-19	3	2
367	2022-04-09	3	3
368	2023-06-28	4	5
369	2022-01-10	3	5
370	2022-04-01	1	2
371	2022-09-09	4	2
372	2021-05-11	5	2
373	2021-02-01	3	1
374	2022-12-15	4	5
375	2022-04-14	4	3
376	2022-09-06	5	1
377	2021-09-26	5	4
378	2022-08-17	5	5
379	2021-05-02	1	3
380	2023-05-10	2	2
381	2022-09-27	2	5
382	2021-09-17	2	1
383	2021-12-13	5	2
384	2022-01-25	1	5
385	2023-05-23	4	1
386	2022-04-01	3	3
387	2022-05-06	3	4
388	2021-09-06	1	3
389	2022-12-13	4	3
390	2023-08-29	1	1
391	2021-08-07	1	1
392	2021-04-19	4	2
393	2021-08-22	2	3
394	2021-08-29	2	3
395	2022-11-19	2	2
396	2022-11-28	1	5
397	2023-08-01	4	2
398	2021-02-21	3	2
399	2022-02-17	2	3
400	2023-02-15	4	2
401	2021-03-24	4	4
402	2023-08-08	3	4
403	2022-04-26	2	3
404	2021-03-10	3	3
405	2021-10-13	3	2
406	2023-04-30	5	2
407	2022-04-17	4	2
408	2022-07-11	3	4
409	2021-06-11	4	4
410	2022-04-17	5	1
411	2022-08-09	2	4
412	2023-03-30	3	1
413	2022-06-20	5	2
414	2021-04-01	2	4
415	2023-02-12	4	3
416	2021-05-12	3	1
417	2023-10-07	2	5
418	2021-02-14	2	1
419	2021-10-29	5	5
420	2023-01-19	5	1
421	2023-05-11	1	4
422	2021-01-11	2	4
423	2021-01-19	4	2
424	2023-10-04	5	1
425	2022-04-21	1	4
426	2022-11-25	4	4
427	2023-07-02	3	3
428	2022-12-06	3	5
429	2023-04-04	1	2
430	2022-02-24	5	3
431	2022-08-06	4	3
432	2023-01-25	1	5
433	2022-02-03	5	1
434	2022-04-24	3	2
435	2023-09-26	2	4
436	2023-07-04	4	4
437	2023-06-13	3	5
438	2023-06-29	2	5
439	2022-09-17	4	3
440	2022-08-31	5	5
441	2021-10-21	2	3
442	2023-04-07	5	3
443	2022-10-03	4	2
444	2022-07-01	4	4
445	2022-04-24	5	1
446	2023-01-22	3	1
447	2021-12-14	2	4
448	2023-08-03	2	1
449	2022-12-10	2	4
450	2023-04-02	2	3
451	2022-07-28	4	4
452	2022-06-14	2	3
453	2022-06-20	4	3
454	2022-11-17	5	5
455	2021-01-27	1	5
456	2023-02-02	3	3
457	2021-11-07	4	2
458	2022-04-11	4	4
459	2022-03-19	5	2
460	2023-10-03	2	4
461	2023-06-14	1	1
462	2023-04-15	3	1
463	2022-12-29	4	1
464	2022-03-27	1	4
465	2023-07-09	4	5
466	2022-12-16	3	1
467	2023-07-26	5	1
468	2021-03-31	5	1
469	2023-04-19	4	3
470	2022-08-05	5	3
471	2023-06-05	5	4
472	2022-02-01	2	2
473	2021-03-18	4	3
474	2023-02-27	2	5
475	2022-12-10	3	5
476	2022-02-11	2	4
477	2023-02-27	1	2
478	2022-08-21	1	2
479	2021-10-03	1	4
480	2022-05-05	1	5
481	2023-01-03	4	3
482	2021-06-25	5	5
483	2021-12-16	3	4
484	2022-12-06	5	1
485	2023-03-13	4	4
486	2022-04-24	5	5
487	2022-02-26	2	3
488	2021-10-22	3	4
489	2022-07-15	3	4
490	2021-02-22	2	1
491	2023-03-04	1	5
492	2021-10-18	2	4
493	2021-10-25	4	1
494	2021-06-26	2	5
495	2021-12-07	1	5
496	2021-07-07	1	1
497	2021-11-02	3	3
498	2021-01-31	5	1
499	2023-08-19	2	1
500	2022-06-21	4	5
501	2022-06-19	4	2
502	2022-08-02	5	5
503	2021-03-09	5	4
504	2021-05-01	4	4
505	2022-04-26	5	1
506	2022-11-08	1	4
507	2023-01-19	3	5
508	2023-07-01	2	1
509	2022-10-27	2	5
510	2022-03-17	3	1
511	2022-10-28	3	4
512	2023-05-22	1	5
513	2021-04-24	5	1
514	2021-08-26	4	4
515	2022-01-19	5	3
516	2023-10-18	2	3
517	2022-03-10	1	2
518	2023-06-22	4	3
519	2022-10-13	1	3
520	2022-05-17	1	2
521	2022-02-04	3	4
522	2022-05-15	3	2
523	2021-06-04	2	2
524	2021-06-13	5	1
525	2023-04-05	4	4
526	2023-06-04	4	3
527	2023-05-21	4	5
528	2022-07-30	1	1
529	2021-01-30	5	1
530	2022-03-08	1	1
531	2022-09-05	4	4
532	2022-05-13	4	5
533	2023-04-16	5	5
534	2023-04-28	4	2
535	2022-10-14	3	1
536	2022-11-29	5	3
537	2022-10-27	5	3
538	2021-11-13	1	1
539	2022-11-13	3	4
540	2022-10-20	2	2
541	2022-08-28	3	2
542	2022-12-22	3	2
543	2023-02-26	3	3
544	2023-01-27	3	5
545	2021-11-13	2	5
546	2023-08-14	1	2
547	2022-06-06	2	2
548	2022-05-18	5	2
549	2023-04-03	3	3
550	2023-05-30	3	4
551	2022-08-14	5	2
552	2022-09-11	4	4
553	2023-04-05	3	1
554	2021-06-13	2	3
555	2022-05-26	1	4
556	2021-08-09	1	4
557	2022-07-27	1	5
558	2023-09-19	3	3
559	2023-06-13	4	4
560	2023-05-03	3	5
561	2022-05-03	3	3
562	2022-05-28	3	5
563	2021-08-21	3	2
564	2022-10-22	2	5
565	2023-05-16	3	5
566	2023-04-10	3	5
567	2023-01-02	1	1
568	2021-12-24	1	4
569	2021-05-30	5	2
570	2023-07-21	5	2
571	2023-05-07	4	4
572	2022-10-20	3	2
573	2023-01-04	3	4
574	2023-04-24	3	2
575	2021-10-04	5	4
576	2022-06-21	4	3
577	2021-06-25	3	2
578	2023-10-04	4	3
579	2023-01-11	4	1
580	2022-02-06	1	1
581	2023-04-20	4	5
582	2022-05-22	2	3
583	2022-08-30	1	3
584	2023-07-25	5	3
585	2022-11-20	1	2
586	2021-07-26	2	1
587	2021-05-02	2	2
588	2021-10-08	2	2
589	2023-08-31	2	4
590	2021-01-09	2	2
591	2021-09-20	5	3
592	2023-10-18	4	4
593	2022-01-09	3	3
594	2023-09-27	5	2
595	2021-02-17	4	1
596	2021-09-18	4	1
597	2022-07-01	2	2
598	2021-07-18	4	5
599	2022-07-04	1	1
600	2023-02-04	2	2
601	2023-10-09	3	3
602	2022-05-13	3	4
603	2021-08-19	5	3
604	2021-01-23	3	1
605	2023-04-30	3	2
606	2023-01-31	2	4
607	2023-06-15	4	5
608	2021-07-27	2	3
609	2021-12-21	3	3
610	2022-10-16	1	2
611	2023-03-23	3	3
612	2022-08-23	4	3
613	2021-04-03	1	3
614	2022-07-04	5	3
615	2021-03-28	3	3
616	2023-08-18	1	2
617	2022-09-25	4	1
618	2022-07-03	1	1
619	2021-11-04	4	1
620	2021-04-24	1	5
621	2021-11-21	4	1
622	2022-04-06	5	2
623	2021-02-08	1	2
624	2022-11-01	5	3
625	2023-09-08	2	2
626	2022-05-07	3	2
627	2022-06-25	4	4
628	2023-01-04	5	1
629	2023-08-05	4	2
630	2023-07-11	4	1
631	2022-08-28	1	1
632	2023-02-15	1	5
633	2021-04-10	4	4
634	2022-01-01	4	4
635	2022-06-02	2	1
636	2022-10-31	1	2
637	2022-08-22	1	1
638	2022-05-28	3	5
639	2022-05-29	4	3
640	2021-06-09	2	5
641	2023-08-05	2	5
642	2021-12-18	3	1
643	2022-05-23	2	2
644	2022-09-01	2	1
645	2022-07-03	3	5
646	2022-08-31	4	3
647	2023-07-09	3	4
648	2023-05-26	5	1
649	2023-02-02	4	2
650	2022-09-03	2	5
651	2021-07-28	1	1
652	2023-07-01	3	2
653	2021-05-06	2	4
654	2021-05-29	5	1
655	2021-07-11	5	3
656	2021-04-15	3	4
657	2023-09-08	1	2
658	2021-05-23	3	2
659	2022-05-08	5	4
660	2022-06-09	2	5
661	2021-03-11	5	5
662	2022-07-13	4	5
663	2023-01-30	5	2
664	2022-01-29	2	1
665	2022-06-05	1	3
666	2023-07-04	2	3
667	2023-09-03	2	1
668	2021-05-31	4	5
669	2022-12-14	5	4
670	2021-09-19	5	3
671	2023-01-09	5	4
672	2022-12-26	2	1
673	2022-01-13	3	2
674	2022-03-17	1	5
675	2021-10-16	2	4
676	2022-03-18	1	1
677	2021-04-02	2	4
678	2021-06-14	2	5
679	2022-12-11	2	2
680	2021-02-24	3	2
681	2023-03-29	4	3
682	2023-04-08	1	5
683	2022-08-03	4	5
684	2021-09-17	2	4
685	2022-08-23	3	2
686	2023-03-13	5	2
687	2023-07-17	5	4
688	2023-03-11	3	1
689	2022-02-01	1	2
690	2023-01-11	2	2
691	2022-05-14	5	5
692	2023-09-29	4	1
693	2021-01-24	4	3
694	2022-10-09	3	3
695	2021-08-11	3	3
696	2023-05-18	3	4
697	2021-07-16	2	3
698	2022-09-19	2	2
699	2021-10-14	1	5
700	2021-02-20	4	3
701	2021-05-22	5	2
702	2021-09-24	2	3
703	2023-04-16	3	2
704	2022-01-21	4	2
705	2022-11-03	1	2
706	2021-06-25	4	2
707	2021-12-23	1	4
708	2023-01-30	3	4
709	2022-08-03	1	4
710	2021-02-11	1	5
711	2022-04-05	2	5
712	2023-01-12	3	2
713	2023-02-24	2	4
714	2021-08-12	5	3
715	2023-01-13	2	4
716	2023-04-13	2	4
717	2022-08-01	5	4
718	2021-05-05	3	1
719	2022-02-09	2	4
720	2022-09-24	1	2
721	2022-08-25	2	1
722	2022-09-22	3	5
723	2022-03-06	1	4
724	2022-02-10	2	5
725	2022-11-11	3	1
726	2021-08-28	2	5
727	2022-02-11	2	5
728	2023-07-14	5	5
729	2022-12-27	1	2
730	2022-01-31	2	1
731	2022-07-06	2	3
732	2023-09-13	1	5
733	2021-08-01	4	3
734	2023-03-08	2	1
735	2022-10-25	1	4
736	2022-12-15	4	1
737	2022-05-17	5	1
738	2021-05-11	4	4
739	2023-07-30	1	2
740	2022-10-13	1	2
741	2021-12-27	4	1
742	2021-10-21	3	4
743	2022-06-18	2	2
744	2023-08-04	3	5
745	2021-03-06	2	4
746	2022-12-11	1	5
747	2022-10-07	5	5
748	2023-02-10	2	1
749	2021-11-05	1	4
750	2021-04-22	1	4
751	2022-07-19	2	2
752	2022-06-27	2	4
753	2022-03-03	2	3
754	2022-12-01	1	3
755	2022-10-20	5	5
756	2023-07-19	2	1
757	2021-11-24	1	1
758	2022-11-04	3	2
759	2023-07-03	4	3
760	2021-04-24	1	5
761	2023-09-21	2	2
762	2021-03-21	1	2
763	2022-11-20	4	5
764	2022-08-19	2	3
765	2022-11-24	4	3
766	2022-10-16	2	1
767	2022-11-14	3	1
768	2021-07-02	2	5
769	2022-03-26	2	3
770	2022-01-20	3	4
771	2022-08-23	1	4
772	2023-01-14	3	3
773	2021-08-02	1	3
774	2022-12-08	3	2
775	2022-03-31	2	4
776	2023-02-13	5	5
777	2023-10-11	2	2
778	2022-11-18	4	3
779	2022-05-15	4	5
780	2021-10-19	5	4
781	2023-08-23	5	4
782	2021-10-10	2	1
783	2022-02-20	4	5
784	2023-02-14	4	5
785	2022-09-16	3	5
786	2021-11-19	3	1
787	2021-04-08	1	2
788	2021-04-28	5	5
789	2021-05-11	3	1
790	2021-05-05	1	1
791	2021-02-21	3	4
792	2023-03-23	3	4
793	2021-02-03	2	1
794	2023-04-13	1	5
795	2021-11-06	2	2
796	2022-08-11	1	3
797	2021-04-26	1	4
798	2023-04-18	5	2
799	2023-06-11	2	3
800	2023-08-24	2	4
801	2022-07-22	1	5
802	2022-01-12	4	4
803	2021-12-27	4	4
804	2021-05-15	3	4
805	2022-02-05	3	2
806	2022-01-15	1	2
807	2022-10-24	5	4
808	2021-10-21	5	5
809	2022-02-24	1	2
810	2022-06-10	5	1
811	2022-10-10	4	2
812	2023-02-14	1	3
813	2022-05-05	3	2
814	2022-05-20	3	3
815	2022-10-30	1	4
816	2022-07-04	1	3
817	2022-01-14	4	5
818	2022-03-28	1	4
819	2022-06-14	1	2
820	2022-11-06	5	1
821	2021-10-11	5	4
822	2021-01-19	1	5
823	2023-01-19	5	5
824	2023-09-17	1	1
825	2021-07-16	1	4
826	2023-01-01	4	1
827	2022-06-10	4	3
828	2021-01-02	3	4
829	2021-08-03	3	2
830	2022-06-25	4	1
831	2023-04-29	5	4
832	2021-09-29	2	1
833	2021-07-31	3	5
834	2022-03-30	2	3
835	2023-02-08	4	3
836	2022-05-06	5	2
837	2021-07-21	3	5
838	2021-05-27	3	4
839	2022-06-19	2	2
840	2023-02-13	2	3
841	2022-10-26	2	1
842	2021-09-23	4	3
843	2022-10-25	3	3
844	2021-11-03	3	1
845	2022-07-26	2	3
846	2021-09-06	4	4
847	2021-08-11	4	3
848	2021-02-04	5	1
849	2022-01-06	2	1
850	2023-03-11	1	5
851	2021-01-22	4	2
852	2023-09-04	4	3
853	2021-05-26	3	4
854	2023-02-02	3	3
855	2023-09-25	4	3
856	2022-04-12	1	4
857	2023-08-14	3	2
858	2021-12-03	4	2
859	2022-06-18	5	3
860	2022-04-08	3	2
861	2021-12-08	5	4
862	2021-09-18	1	2
863	2021-04-09	2	5
864	2021-02-08	3	4
865	2021-07-06	4	5
866	2022-07-21	1	5
867	2021-09-22	5	4
868	2021-09-23	2	2
869	2021-04-06	3	1
870	2022-08-31	1	5
871	2022-06-04	1	3
872	2023-07-27	5	3
873	2023-06-25	1	1
874	2023-06-20	2	3
875	2022-01-02	5	5
876	2023-07-16	3	2
877	2023-08-21	3	2
878	2022-03-13	1	1
879	2022-09-04	1	4
880	2022-12-15	3	4
881	2022-10-25	5	2
882	2022-01-16	2	2
883	2023-03-21	1	4
884	2021-07-06	1	2
885	2022-06-07	3	2
886	2022-07-05	3	1
887	2023-09-21	4	5
888	2022-09-27	5	3
889	2023-05-11	3	1
890	2022-11-11	2	1
891	2021-06-18	5	2
892	2022-04-18	1	3
893	2023-09-01	2	2
894	2022-03-25	4	5
895	2023-05-10	1	2
896	2022-02-02	3	4
897	2022-05-02	4	3
898	2021-08-17	4	3
899	2021-07-17	4	5
900	2021-07-22	1	5
901	2023-04-17	3	2
902	2022-11-29	5	2
903	2022-12-08	2	3
904	2023-10-17	5	1
905	2022-05-15	1	1
906	2022-01-16	4	4
907	2022-02-25	5	2
908	2023-02-27	1	3
909	2021-03-04	3	3
910	2023-08-22	1	5
911	2022-09-03	4	1
912	2021-01-04	3	1
913	2022-11-24	5	5
914	2022-07-28	1	2
915	2022-12-18	5	5
916	2022-05-05	4	4
917	2021-10-11	3	5
918	2022-01-26	5	2
919	2021-10-03	1	5
920	2022-12-07	2	3
921	2021-01-25	4	2
922	2023-09-03	4	1
923	2022-07-26	5	1
924	2021-02-20	1	5
925	2022-08-05	2	5
926	2022-07-09	5	5
927	2023-01-28	1	3
928	2022-08-12	4	2
929	2022-03-04	5	3
930	2021-11-22	1	3
931	2022-10-23	2	5
932	2022-05-28	2	4
933	2023-03-17	3	1
934	2022-10-25	1	2
935	2021-11-13	1	1
936	2023-06-14	2	2
937	2021-03-01	4	4
938	2023-10-10	1	2
939	2021-10-19	4	4
940	2023-02-05	1	2
941	2021-04-22	1	1
942	2023-06-11	2	4
943	2022-04-06	4	4
944	2021-11-10	4	3
945	2022-09-15	1	5
946	2023-08-07	5	2
947	2023-10-14	3	5
948	2023-07-23	1	2
949	2022-10-14	5	1
950	2022-03-26	2	2
951	2021-03-27	3	5
952	2022-06-12	3	1
953	2022-05-07	4	2
954	2022-03-26	3	2
955	2022-08-30	5	5
956	2021-01-24	1	1
957	2021-01-30	3	3
958	2022-12-10	3	5
959	2021-11-11	5	3
960	2022-09-27	3	1
961	2021-12-27	4	3
962	2021-03-02	1	5
963	2021-11-16	1	1
964	2021-05-16	5	2
965	2021-01-10	2	5
966	2023-09-07	2	2
967	2022-11-26	4	5
968	2022-06-09	5	2
969	2021-07-28	1	1
970	2023-06-10	4	2
971	2023-02-07	1	3
972	2022-01-18	2	5
973	2022-01-18	5	5
974	2021-10-03	2	1
975	2022-12-13	3	5
976	2023-10-18	3	1
977	2021-10-24	2	2
978	2022-07-23	3	2
979	2021-12-24	2	1
980	2021-12-13	2	3
981	2023-09-03	5	5
982	2022-05-04	2	5
983	2022-10-31	3	5
984	2021-03-09	4	5
985	2021-09-05	1	3
986	2021-01-22	4	1
987	2021-11-08	4	2
988	2021-05-27	3	1
989	2023-09-25	1	1
990	2021-03-14	2	3
991	2023-02-17	2	2
992	2022-07-04	3	1
993	2021-01-03	3	5
994	2021-05-11	3	3
995	2021-02-28	3	3
996	2021-02-10	1	3
997	2022-01-13	1	2
998	2022-01-11	2	3
999	2021-04-12	2	4
1000	2021-10-06	1	1
1001	2022-05-26	3	2
1002	2023-09-12	5	1
1003	2022-03-09	5	2
1004	2021-08-20	3	3
1005	2023-07-13	75	5
1006	2023-11-11	5	5
1007	2021-07-13	75	2
1008	2023-07-16	6	3
1009	2021-01-06	7	3
1010	2023-11-13	2	4
1011	2022-10-05	1	2
1012	2021-07-11	2	5
1013	2022-12-08	2	3
1014	2021-05-21	2	5
1015	2023-01-29	7	2
1016	2022-08-20	6	5
1017	2023-04-20	3	1
1018	2023-08-01	5	4
1019	2021-03-31	75	1
1020	2023-06-16	6	5
1021	2022-12-24	75	4
1022	2022-09-10	5	3
1023	2022-06-06	1	3
1024	2023-05-01	3	2
1025	2022-03-19	5	3
1026	2021-09-10	3	4
1027	2022-04-28	3	5
1028	2023-08-09	5	1
1029	2022-11-04	2	4
1030	2022-12-07	1	4
1031	2022-04-07	1	1
1032	2023-07-31	6	5
1033	2022-05-12	7	4
1034	2021-09-19	6	1
1035	2021-08-23	5	4
1036	2022-02-06	1	3
1037	2021-09-16	7	5
1038	2023-04-25	1	5
1039	2023-09-21	4	3
1040	2022-06-21	3	4
1041	2021-01-18	7	3
1042	2021-01-17	1	2
1043	2022-12-15	3	2
1044	2023-01-09	4	3
1045	2022-07-15	3	2
1046	2021-03-09	75	5
1047	2021-11-19	3	4
1048	2023-04-11	7	2
1049	2021-08-10	1	1
1050	2022-11-01	6	2
1051	2022-05-20	2	4
1052	2023-11-01	2	2
1053	2022-06-17	6	3
1054	2022-12-15	5	1
1055	2023-05-01	75	4
1056	2023-03-05	7	4
1057	2023-01-07	3	3
1058	2023-03-26	7	3
1059	2023-12-07	3	1
1060	2022-02-22	5	5
1061	2022-07-05	2	5
1062	2021-12-23	2	1
1063	2023-04-29	2	1
1064	2022-11-25	4	5
1065	2023-10-02	75	5
1066	2021-08-10	1	5
1067	2023-09-18	4	5
1068	2023-06-12	6	3
1069	2023-05-30	5	3
1070	2022-07-24	1	4
1071	2022-07-16	6	1
1072	2021-09-09	3	5
1073	2022-08-02	4	3
1074	2021-11-30	2	3
1075	2021-02-01	1	1
1076	2022-07-07	75	5
1077	2022-12-14	2	3
1078	2023-08-19	1	1
1079	2023-06-07	2	4
1080	2022-07-30	1	5
1081	2021-04-14	4	3
1082	2022-05-18	1	3
1083	2021-11-22	1	3
1084	2021-12-07	7	5
1085	2022-07-27	2	3
1086	2022-07-06	3	5
1087	2022-06-28	7	2
1088	2022-06-12	2	1
1089	2022-03-22	75	2
1090	2023-12-07	75	3
1091	2021-10-15	6	1
1092	2022-10-14	7	4
1093	2022-03-28	2	5
1094	2022-06-07	75	5
1095	2022-03-12	5	3
1096	2022-01-08	1	4
1097	2022-08-02	5	3
1098	2022-12-07	5	3
1099	2023-03-16	6	1
1100	2022-05-23	5	1
1101	2021-07-05	7	2
1102	2022-01-18	7	4
1103	2022-10-21	4	2
1104	2021-07-20	6	2
1105	2021-10-03	5	2
1106	2023-09-26	3	2
1107	2021-12-18	4	2
1108	2022-06-26	5	1
1109	2022-05-13	2	5
1110	2023-09-05	7	2
1111	2022-10-11	7	5
1112	2021-03-07	3	4
1113	2023-03-27	75	5
1114	2022-04-29	4	4
1115	2021-02-25	5	4
1116	2023-09-25	7	4
1117	2023-09-08	4	1
1118	2021-09-05	4	5
1119	2022-02-16	4	3
1120	2021-03-17	1	1
1121	2023-08-04	2	1
1122	2022-03-19	1	4
1123	2023-11-30	1	1
1124	2021-01-20	75	1
1125	2021-09-07	6	4
1126	2023-10-23	75	1
1127	2021-04-01	75	3
1128	2023-02-06	6	2
1129	2021-03-30	75	2
1130	2023-01-21	6	5
1131	2022-06-12	1	1
1132	2022-02-15	3	5
1133	2023-07-17	5	1
1134	2023-08-15	4	4
1135	2022-09-11	7	3
1136	2023-05-20	2	3
1137	2023-05-16	4	4
1138	2021-06-05	5	5
1139	2023-04-29	2	4
1140	2022-11-23	6	2
1141	2023-07-14	2	4
1142	2023-06-04	6	3
1143	2022-07-05	2	4
1144	2021-01-29	2	2
1145	2022-07-13	3	1
1146	2022-12-26	5	2
1147	2022-10-19	2	2
1148	2022-11-22	5	3
1149	2021-10-26	2	1
1150	2022-06-15	5	4
1151	2021-04-16	1	4
1152	2021-10-22	6	5
1153	2023-03-14	3	2
1154	2022-05-01	3	4
1155	2021-04-12	2	4
1156	2022-01-10	6	3
1157	2023-05-30	3	4
1158	2021-03-29	6	4
1159	2021-02-21	3	3
1160	2023-06-21	2	4
1161	2021-07-15	5	1
1162	2023-11-30	1	4
1163	2022-10-03	75	2
1164	2021-03-22	7	4
1165	2021-08-23	7	5
1166	2021-12-18	5	2
1167	2021-11-09	75	3
1168	2021-05-25	1	3
1169	2021-09-30	7	1
1170	2022-08-09	75	5
1171	2023-03-13	6	4
1172	2022-10-27	6	2
1173	2022-07-04	6	3
1174	2023-10-26	4	4
1175	2022-03-30	1	5
1176	2022-07-21	1	1
1177	2022-07-22	1	3
1178	2023-05-11	6	3
1179	2021-10-26	5	5
1180	2022-08-19	75	2
1181	2022-08-10	75	4
1182	2022-08-01	6	3
1183	2022-07-06	75	4
1184	2021-08-31	2	3
1185	2022-07-07	2	5
1186	2023-03-02	3	4
1187	2022-08-15	5	4
1188	2022-11-29	7	5
1189	2021-02-03	75	5
1190	2022-03-16	75	4
1191	2022-05-18	5	5
1192	2021-12-09	6	2
1193	2022-05-22	4	3
1194	2022-10-18	1	4
1195	2022-01-23	6	2
1196	2021-04-28	3	4
1197	2021-08-04	2	1
1198	2021-10-18	3	2
1199	2021-02-17	4	4
1200	2021-09-24	5	1
1201	2022-11-04	7	2
1202	2023-03-26	4	5
1203	2022-02-10	3	4
1204	2022-03-02	2	1
1205	2021-06-09	4	4
1206	2022-11-01	5	3
1207	2022-11-29	1	1
1208	2023-08-10	3	2
1209	2023-01-27	2	5
1210	2023-04-29	4	2
1211	2022-07-02	5	4
1212	2021-07-15	1	3
1213	2021-12-10	1	3
1214	2023-11-17	2	1
1215	2021-02-04	3	3
1216	2021-02-28	75	4
1217	2023-04-22	2	3
1218	2021-12-01	2	4
1219	2022-07-19	75	3
1220	2023-02-06	6	2
1221	2022-10-31	4	5
1222	2021-04-15	7	3
1223	2022-12-21	75	2
1224	2023-06-02	2	5
1225	2023-02-09	7	5
1226	2022-02-15	3	1
1227	2023-06-21	5	4
1228	2023-03-21	2	3
1229	2021-09-28	1	5
1230	2022-09-05	5	1
1231	2023-04-26	6	2
1232	2022-01-14	4	1
1233	2022-11-26	75	1
1234	2022-10-16	5	2
1235	2023-05-26	3	3
1236	2022-04-25	5	1
1237	2022-05-11	4	3
1238	2023-08-22	7	4
1239	2022-11-30	7	3
1240	2022-08-05	1	5
1241	2022-09-21	6	4
1242	2022-02-22	4	4
1243	2022-08-25	75	4
1244	2023-11-27	5	1
1245	2023-02-18	7	5
1246	2022-11-14	4	5
1247	2022-07-22	2	2
1248	2021-08-12	4	4
1249	2023-08-31	3	3
1250	2021-09-09	1	1
1251	2023-10-22	6	4
1252	2022-06-22	6	5
1253	2023-07-06	75	4
1254	2022-08-24	3	1
1255	2023-10-05	75	5
1256	2021-04-04	1	3
1257	2021-09-04	5	4
1258	2021-09-01	5	2
1259	2021-01-12	2	1
1260	2022-05-05	1	3
1261	2021-01-14	7	3
1262	2021-10-17	75	4
1263	2022-10-15	75	3
1264	2023-04-30	1	1
1265	2023-01-16	6	4
1266	2022-12-07	6	1
1267	2023-02-08	3	3
1268	2021-08-21	2	2
1269	2021-07-02	75	2
1270	2021-11-22	2	3
1271	2023-11-02	5	3
1272	2023-04-26	2	1
1273	2022-07-24	5	5
1274	2022-12-16	75	5
1275	2023-12-03	75	5
1276	2022-09-24	7	3
1277	2023-06-16	1	2
1278	2021-11-28	1	1
1279	2022-06-10	3	5
1280	2021-07-24	5	1
1281	2023-01-18	75	5
1282	2022-03-10	75	1
1283	2023-05-08	1	1
1284	2023-08-10	3	2
1285	2021-11-17	7	5
1286	2021-05-20	5	3
1287	2022-06-11	2	2
1288	2022-10-08	7	2
1289	2023-11-11	1	1
1290	2023-01-14	6	1
1291	2021-07-01	2	2
1292	2023-11-12	2	1
1293	2021-09-15	3	1
1294	2021-10-23	5	3
1295	2021-12-30	4	5
1296	2023-11-05	7	1
1297	2022-10-17	3	4
1298	2022-04-21	6	2
1299	2021-06-29	3	1
1300	2023-10-11	3	2
1301	2021-05-15	2	4
1302	2022-09-21	5	4
1303	2022-06-02	5	2
1304	2021-03-07	1	3
1305	2021-03-15	7	4
1306	2023-09-09	4	1
1307	2021-08-23	5	1
1308	2021-09-03	5	2
1309	2022-11-27	4	4
1310	2021-03-11	7	5
1311	2021-06-05	7	5
1312	2022-10-19	3	1
1313	2022-06-29	3	2
1314	2023-05-11	3	2
1315	2022-03-08	2	2
1316	2023-05-13	5	4
1317	2023-06-24	6	3
1318	2021-09-29	6	5
1319	2022-07-20	7	3
1320	2022-11-12	5	1
1321	2021-01-18	3	1
1322	2022-11-10	3	2
1323	2022-11-12	2	5
1324	2023-04-07	2	4
1325	2023-09-01	1	4
1326	2021-01-06	5	5
1327	2023-12-01	6	3
1328	2021-08-10	3	5
1329	2021-06-25	75	3
1330	2022-05-23	5	1
1331	2022-08-28	3	5
1332	2021-05-28	1	3
1333	2022-02-06	6	1
1334	2023-04-03	75	5
1335	2023-12-08	75	4
1336	2021-10-29	7	2
1337	2023-08-11	7	2
1338	2023-05-14	7	1
1339	2023-07-25	2	3
1340	2022-10-11	1	1
1341	2022-11-02	7	1
1342	2021-02-27	7	3
1343	2023-06-28	2	4
1344	2021-08-17	5	3
1345	2022-07-09	3	3
1346	2022-01-24	7	4
1347	2021-09-20	4	1
1348	2021-01-04	4	5
1349	2023-10-10	6	3
1350	2022-05-26	4	1
1351	2022-01-24	7	3
1352	2021-10-25	5	4
1353	2023-06-23	7	1
1354	2022-03-02	1	4
1355	2021-02-13	7	3
1356	2021-02-20	7	5
1357	2022-07-17	5	5
1358	2022-01-27	6	3
1359	2023-03-03	2	4
1360	2022-05-17	6	5
1361	2021-04-16	7	5
1362	2023-01-04	5	3
1363	2023-11-30	1	2
1364	2022-01-15	75	5
1365	2023-08-04	3	5
1366	2023-06-28	75	3
1367	2022-01-04	6	1
1368	2022-01-21	75	5
1369	2023-06-24	3	3
1370	2021-02-24	7	5
1371	2022-09-17	1	5
1372	2021-05-17	2	4
1373	2022-10-20	7	5
1374	2023-10-15	75	4
1375	2023-07-02	75	4
1376	2023-08-06	1	5
1377	2021-06-20	3	4
1378	2022-04-18	6	3
1379	2021-08-25	1	1
1380	2022-05-30	4	3
1381	2022-05-20	7	2
1382	2022-03-03	6	4
1383	2023-03-05	75	5
1384	2022-08-23	6	2
1385	2021-09-24	2	3
1386	2022-10-27	1	3
1387	2022-09-22	3	5
1388	2021-05-28	2	4
1389	2022-06-03	3	2
1390	2021-12-25	7	4
1391	2023-08-08	4	4
1392	2021-05-23	4	4
1393	2022-03-19	5	1
1394	2021-09-20	2	5
1395	2022-02-27	1	5
1396	2021-10-26	5	2
1397	2023-06-18	4	2
1398	2021-10-13	5	1
1399	2022-06-27	3	5
1400	2022-06-13	1	5
1401	2023-02-10	3	2
1402	2021-08-06	4	3
1403	2022-03-29	5	4
1404	2022-10-05	3	2
1405	2023-04-27	3	5
1406	2021-04-03	7	3
1407	2021-09-19	6	3
1408	2022-09-18	3	5
1409	2022-02-01	3	4
1410	2022-07-21	2	4
1411	2022-07-14	3	5
1412	2021-05-23	5	1
1413	2022-09-03	1	1
1414	2022-03-15	5	3
1415	2021-07-28	2	4
1416	2023-05-28	3	4
1417	2023-11-02	4	3
1418	2022-02-16	3	4
1419	2022-03-24	3	4
1420	2022-08-10	6	5
1421	2021-04-29	1	1
1422	2022-08-04	5	3
1423	2021-10-29	3	2
1424	2022-05-06	6	5
1425	2022-10-30	2	2
1426	2022-09-17	6	5
1427	2023-03-06	3	2
1428	2021-10-21	6	1
1429	2022-09-23	3	3
1430	2021-05-02	1	2
1431	2023-01-09	75	2
1432	2021-07-08	5	4
1433	2023-10-10	2	1
1434	2022-10-31	2	1
1435	2022-06-22	2	1
1436	2022-03-17	2	5
1437	2023-10-26	6	3
1438	2023-12-05	75	5
1439	2023-11-18	3	4
1440	2022-08-17	3	3
1441	2023-08-21	5	4
1442	2023-07-12	5	3
1443	2022-12-14	75	3
1444	2022-10-26	1	5
1445	2021-10-09	75	2
1446	2022-12-17	6	3
1447	2022-02-28	6	1
1448	2023-06-22	75	3
1449	2022-11-03	3	4
1450	2022-04-14	75	4
1451	2022-10-20	2	2
1452	2021-04-13	7	4
1453	2022-07-16	3	3
1454	2021-06-22	2	1
1455	2022-07-29	2	3
1456	2021-02-26	6	5
1457	2022-09-25	75	1
1458	2022-09-08	1	3
1459	2021-02-21	6	2
1460	2021-05-18	1	3
1461	2021-08-15	7	1
1462	2023-08-26	75	1
1463	2021-10-18	5	4
1464	2021-10-20	6	5
1465	2021-03-25	5	3
1466	2023-09-27	1	4
1467	2021-01-27	2	3
1468	2022-09-04	1	1
1469	2023-03-01	3	3
1470	2022-09-27	2	4
1471	2021-10-20	2	5
1472	2022-06-10	1	5
1473	2023-08-04	3	3
1474	2021-02-24	75	4
1475	2023-03-30	1	5
1476	2022-09-14	1	5
1477	2022-08-27	75	5
1478	2023-03-05	7	4
1479	2021-03-04	3	5
1480	2023-06-11	3	4
1481	2022-07-16	75	4
1482	2023-11-07	4	2
1483	2021-09-23	1	3
1484	2023-12-05	1	1
1485	2022-05-19	1	4
1486	2021-04-28	75	4
1487	2022-02-12	7	4
1488	2022-05-16	2	2
1489	2022-02-28	4	3
1490	2022-01-10	6	2
1491	2022-06-15	4	2
1492	2021-02-04	7	1
1493	2021-08-13	5	4
1494	2022-11-16	7	2
1495	2022-09-25	4	3
1496	2023-10-23	4	3
1497	2022-12-01	5	5
1498	2023-01-05	6	4
1499	2023-09-01	7	5
1500	2023-07-12	6	2
1501	2023-06-24	2	5
1502	2023-05-21	2	5
1503	2022-11-28	4	2
1504	2022-05-26	2	3
1505	2023-03-13	1	4
1506	2021-09-22	75	1
1507	2022-12-18	75	1
1508	2022-07-22	3	3
1509	2022-07-21	5	3
1510	2023-03-01	75	2
1511	2022-12-23	7	2
1512	2021-07-11	4	3
1513	2023-07-21	3	5
1514	2023-09-02	3	3
1515	2021-02-13	4	1
1516	2023-05-23	2	4
1517	2021-07-28	7	5
1518	2023-08-25	5	3
1519	2021-05-11	2	2
1520	2023-10-10	4	2
1521	2023-07-28	3	3
1522	2022-04-19	3	4
1523	2022-05-06	7	1
1524	2021-11-28	75	3
1525	2022-12-07	2	2
1526	2021-04-28	3	4
1527	2022-03-31	2	5
1528	2023-09-11	1	5
1529	2021-04-28	1	1
1530	2023-04-09	3	5
1531	2022-01-16	1	1
1532	2023-10-09	7	3
1533	2022-10-12	1	2
1534	2022-07-26	2	2
1535	2023-03-06	1	4
1536	2021-08-09	2	1
1537	2022-07-03	7	4
1538	2021-05-17	3	5
1539	2023-06-12	3	4
1540	2021-07-06	3	5
1541	2022-07-01	6	3
1542	2021-07-30	6	3
1543	2023-04-09	1	1
1544	2022-01-15	4	4
1545	2021-04-08	3	4
1546	2022-02-25	7	4
1547	2021-01-29	2	3
1548	2022-09-15	5	3
1549	2022-02-03	3	3
1550	2022-11-14	3	2
1551	2023-01-02	2	3
1552	2023-01-18	6	4
1553	2021-01-15	1	4
1554	2023-03-23	7	5
1555	2021-07-29	1	2
1556	2023-05-15	1	4
1557	2022-08-23	4	4
1558	2023-10-04	3	1
1559	2023-03-09	5	5
1560	2021-07-16	3	4
1561	2022-10-28	7	4
1562	2021-01-21	4	4
1563	2022-05-26	6	3
1564	2022-06-25	2	1
1565	2023-06-15	75	4
1566	2021-03-05	6	4
1567	2023-07-08	3	2
1568	2021-08-31	6	3
1569	2023-05-29	1	2
1570	2021-03-27	1	5
1571	2022-05-18	1	5
1572	2021-08-14	1	5
1573	2023-10-26	2	5
1574	2021-12-18	2	3
1575	2022-07-22	75	2
1576	2023-07-06	7	2
1577	2022-11-07	3	3
1578	2023-07-15	7	2
1579	2022-08-31	75	1
1580	2021-04-12	3	2
1581	2023-03-17	5	1
1582	2021-10-26	2	4
1583	2021-05-05	7	5
1584	2023-08-28	6	1
1585	2021-09-05	7	5
1586	2023-07-13	7	2
1587	2022-06-06	1	3
1588	2021-05-14	7	4
1589	2023-10-21	75	5
1590	2023-09-12	4	5
1591	2022-08-09	6	2
1592	2022-06-04	3	5
1593	2022-08-05	75	5
1594	2022-09-12	4	4
1595	2023-05-29	2	2
1596	2021-05-30	2	5
1597	2023-02-04	6	1
1598	2023-01-11	2	5
1599	2022-08-06	6	5
1600	2023-12-08	6	2
1601	2021-06-08	75	5
1602	2021-08-01	5	3
1603	2023-06-17	4	3
1604	2021-11-11	2	1
1605	2022-06-12	3	3
1606	2021-12-05	2	1
1607	2022-03-14	2	2
1608	2021-09-16	75	3
1609	2021-04-12	1	4
1610	2023-08-29	5	1
1611	2022-10-15	6	1
1612	2021-07-10	7	5
1613	2023-11-24	1	5
1614	2022-01-24	2	2
1615	2021-07-16	2	3
1616	2022-04-08	4	3
1617	2022-11-13	75	1
1618	2021-06-14	5	2
1619	2022-04-27	1	4
1620	2022-07-29	7	2
1621	2023-05-24	3	4
1622	2023-07-03	5	3
1623	2023-05-16	6	3
1624	2023-08-04	6	1
1625	2022-01-14	3	4
1626	2023-08-30	6	4
1627	2023-05-30	5	2
1628	2022-05-19	1	1
1629	2022-06-12	75	2
1630	2022-03-12	1	4
1631	2023-02-10	5	4
1632	2021-05-14	2	5
1633	2023-08-27	5	3
1634	2023-10-05	1	4
1635	2023-08-26	6	5
1636	2021-10-10	5	4
1637	2022-12-21	1	3
1638	2021-04-12	7	1
1639	2021-04-03	1	5
1640	2021-10-14	1	2
1641	2022-01-29	4	3
1642	2022-12-15	7	4
1643	2022-08-11	5	4
1644	2021-02-24	2	2
1645	2021-05-25	75	4
1646	2021-06-27	2	4
1647	2022-04-27	6	1
1648	2021-04-04	75	4
1649	2022-02-09	3	2
1650	2021-08-08	4	4
1651	2022-01-19	6	1
1652	2023-03-14	7	5
1653	2023-08-31	4	1
1654	2021-08-25	1	4
1655	2021-10-14	3	5
1656	2023-10-11	2	1
1657	2023-05-24	6	5
1658	2022-02-07	6	4
1659	2022-12-22	4	4
1660	2021-10-27	3	3
1661	2023-01-22	4	2
1662	2021-02-16	4	1
1663	2021-04-03	2	3
1664	2022-11-20	7	4
1665	2023-02-07	3	2
1666	2023-10-01	3	5
1667	2023-05-08	5	3
1668	2021-06-06	1	4
1669	2023-08-14	6	5
1670	2023-08-09	3	2
1671	2023-09-12	1	2
1672	2022-06-16	2	1
1673	2023-03-05	3	4
1674	2022-10-16	6	1
1675	2023-02-18	2	4
1676	2023-02-01	5	2
1677	2021-03-24	2	2
1678	2023-07-11	7	5
1679	2023-03-08	1	2
1680	2023-05-09	6	1
1681	2022-09-28	4	2
1682	2022-07-20	1	5
1683	2023-10-26	3	1
1684	2022-12-19	3	2
1685	2023-03-13	3	2
1686	2023-09-29	4	4
1687	2022-07-15	4	3
1688	2021-12-24	3	4
1689	2022-01-17	4	3
1690	2021-03-25	4	1
1691	2022-08-30	2	2
1692	2021-01-17	5	3
1693	2022-10-16	6	5
1694	2022-07-28	6	4
1695	2021-11-23	6	3
1696	2021-09-30	1	4
1697	2023-12-04	4	4
1698	2022-04-13	7	4
1699	2021-01-29	1	1
1700	2022-06-08	3	3
1701	2023-11-04	3	2
1702	2022-12-14	1	1
1703	2023-06-22	2	5
1704	2022-08-25	75	2
1705	2022-12-05	2	5
1706	2022-07-29	5	4
1707	2023-11-30	3	2
1708	2021-02-01	1	2
1709	2022-10-16	3	4
1710	2021-10-06	4	3
1711	2021-07-04	4	4
1712	2023-11-28	3	4
1713	2021-10-10	1	5
1714	2021-05-08	7	4
1715	2022-06-08	1	5
1716	2023-04-24	3	1
1717	2021-02-23	4	1
1718	2023-02-08	4	3
1719	2022-02-01	3	2
1720	2023-07-14	6	5
1721	2021-01-30	6	5
1722	2022-07-16	7	4
1723	2023-07-24	75	2
1724	2023-03-18	3	1
1725	2021-12-13	6	2
1726	2022-10-12	2	3
1727	2021-10-24	3	3
1728	2021-02-05	4	4
1729	2022-04-28	2	1
1730	2021-08-27	6	2
1731	2021-09-15	2	3
1732	2021-09-10	3	4
1733	2022-01-25	4	4
1734	2023-05-17	4	4
1735	2023-10-08	2	3
1736	2022-09-13	5	3
1737	2021-09-21	4	3
1738	2023-01-07	1	4
1739	2022-08-07	1	1
1740	2021-06-13	4	4
1741	2022-06-07	7	1
1742	2022-03-10	5	5
1743	2021-09-03	3	1
1744	2023-12-07	1	2
1745	2023-04-12	4	3
1746	2023-05-13	75	1
1747	2022-12-01	75	5
1748	2023-03-07	5	3
1749	2023-04-23	75	5
1750	2022-02-14	4	3
1751	2022-03-03	7	2
1752	2021-08-17	5	2
1753	2023-01-03	3	1
1754	2022-11-02	1	1
1755	2023-07-18	5	4
1756	2023-05-31	1	4
1757	2023-10-12	4	4
1758	2022-10-17	4	2
1759	2022-08-26	1	5
1760	2023-05-18	4	4
1761	2023-07-16	6	2
1762	2022-11-22	4	2
1763	2023-07-04	1	3
1764	2022-09-06	1	1
1765	2022-06-13	75	4
1766	2021-06-06	3	1
1767	2023-03-16	6	3
1768	2022-04-09	4	3
1769	2022-06-30	1	1
1770	2022-07-01	4	3
1771	2022-02-22	1	4
1772	2021-11-16	7	4
1773	2023-04-14	6	3
1774	2023-09-20	4	2
1775	2022-10-18	4	1
1776	2023-06-10	7	1
1777	2023-03-02	3	3
1778	2021-09-03	3	1
1779	2023-03-18	7	2
1780	2022-08-10	5	3
1781	2023-11-25	4	3
1782	2021-07-17	3	2
1783	2022-06-21	5	5
1784	2021-03-11	3	2
1785	2022-07-05	75	3
1786	2023-10-31	5	4
1787	2023-02-15	75	4
1788	2021-08-02	6	5
1789	2023-09-10	1	2
1790	2022-03-20	2	3
1791	2021-03-13	6	4
1792	2023-06-16	5	1
1793	2022-12-11	3	5
1794	2023-07-02	4	1
1795	2022-01-20	1	3
1796	2022-03-05	5	4
1797	2022-04-06	3	2
1798	2021-06-02	6	1
1799	2021-12-19	6	5
1800	2021-10-26	6	2
1801	2021-10-10	2	1
1802	2023-01-25	75	5
1803	2022-02-18	75	3
1804	2021-08-25	1	4
1805	2022-09-14	4	4
1806	2021-05-17	3	4
1807	2021-02-15	4	5
1808	2021-02-05	75	5
1809	2021-09-18	3	4
1810	2021-08-15	4	1
1811	2023-01-12	4	1
1812	2021-03-04	4	1
1813	2023-08-28	6	4
1814	2023-02-06	2	1
1815	2023-10-20	6	4
1816	2022-04-05	7	1
1817	2021-10-14	75	1
1818	2023-03-26	4	1
1819	2022-02-17	5	3
1820	2022-10-30	7	3
1821	2021-06-10	1	1
1822	2022-01-15	2	3
1823	2023-10-15	7	2
1824	2023-02-04	7	5
1825	2022-12-08	7	4
1826	2023-10-10	3	2
1827	2023-08-27	1	1
1828	2023-04-22	6	1
1829	2023-02-26	3	5
1830	2023-04-08	3	1
1831	2023-11-22	3	5
1832	2022-07-16	3	4
1833	2022-07-14	3	3
1834	2021-02-21	1	1
1835	2022-07-23	75	3
1836	2023-10-07	3	1
1837	2021-09-28	7	5
1838	2022-05-29	3	3
1839	2021-01-04	2	2
1840	2021-05-12	2	2
1841	2022-01-12	5	1
1842	2023-05-01	5	5
1843	2022-09-11	5	2
1844	2022-09-02	7	2
1845	2022-12-31	1	5
1846	2022-07-28	75	3
1847	2021-03-15	4	2
1848	2023-08-10	75	3
1849	2021-07-22	2	1
1850	2021-07-06	2	4
1851	2023-06-18	2	1
1852	2022-12-03	3	2
1853	2022-10-19	2	5
1854	2023-11-27	4	2
1855	2022-12-09	5	2
1856	2023-06-27	4	4
1857	2021-06-07	6	4
1858	2022-05-01	5	2
1859	2021-04-01	2	5
1860	2021-08-29	2	5
1861	2021-02-13	2	1
1862	2023-07-31	1	3
1863	2021-04-07	5	3
1864	2022-06-18	4	3
1865	2021-08-07	75	2
1866	2022-07-13	75	5
1867	2023-10-27	3	4
1868	2023-03-20	75	3
1869	2022-02-20	2	1
1870	2022-04-17	75	2
1871	2021-02-12	6	1
1872	2021-06-26	6	5
1873	2021-01-14	75	3
1874	2022-05-04	4	4
1875	2022-10-19	6	5
1876	2022-02-08	4	3
1877	2021-04-10	75	3
1878	2023-06-07	1	5
1879	2022-10-23	4	4
1880	2023-04-03	75	5
1881	2023-01-02	75	4
1882	2021-04-27	1	1
1883	2021-05-10	75	1
1884	2023-01-04	4	3
1885	2023-02-12	6	2
1886	2023-03-25	3	3
1887	2022-10-19	3	4
1888	2022-07-16	1	2
1889	2021-03-14	6	5
1890	2023-01-18	6	3
1891	2022-08-22	4	2
1892	2021-12-26	3	5
1893	2023-09-29	75	3
1894	2022-06-11	75	1
1895	2023-08-05	7	1
1896	2022-05-01	7	1
1897	2023-01-06	75	2
1898	2021-11-24	1	2
1899	2023-08-03	75	5
1900	2023-05-19	1	2
1901	2022-05-31	75	1
1902	2023-01-16	7	5
1903	2022-09-16	75	4
1904	2023-11-19	5	1
1905	2021-12-16	4	5
1906	2023-10-11	6	1
1907	2021-09-26	6	1
1908	2021-09-17	6	3
1909	2022-08-10	7	1
1910	2023-11-28	1	2
1911	2021-04-01	7	1
1912	2023-07-04	3	3
1913	2022-10-08	7	3
1914	2022-03-14	6	1
1915	2022-05-16	4	5
1916	2021-08-12	5	4
1917	2023-09-14	4	3
1918	2022-03-04	6	4
1919	2022-07-29	6	3
1920	2023-11-21	4	5
1921	2023-10-29	2	4
1922	2021-10-23	4	1
1923	2022-02-26	5	2
1924	2023-10-20	5	4
1925	2023-09-23	75	5
1926	2021-03-29	5	2
1927	2022-01-16	3	3
1928	2021-08-18	2	2
1929	2023-03-31	3	3
1930	2022-05-24	4	5
1931	2022-07-30	2	4
1932	2021-12-28	6	3
1933	2021-12-24	6	2
1934	2023-07-13	1	4
1935	2023-05-15	2	3
1936	2023-02-28	7	2
1937	2022-09-01	3	1
1938	2021-07-26	4	4
1939	2023-04-29	3	5
1940	2022-02-18	6	1
1941	2022-03-08	3	1
1942	2021-12-04	75	5
1943	2023-07-27	1	4
1944	2023-06-08	4	4
1945	2022-07-12	4	1
1946	2022-01-15	4	2
1947	2023-06-09	1	1
1948	2021-07-13	1	5
1949	2022-08-29	6	3
1950	2021-02-16	2	1
1951	2022-01-20	1	2
1952	2023-07-18	5	4
1953	2023-03-15	7	1
1954	2022-08-13	6	1
1955	2023-11-09	6	1
1956	2022-02-23	6	2
1957	2021-11-19	2	2
1958	2021-09-22	2	1
1959	2022-05-09	75	2
1960	2023-02-05	75	4
1961	2022-05-12	2	3
1962	2023-04-12	3	1
1963	2022-05-26	75	2
1964	2023-10-14	75	2
1965	2023-07-23	3	3
1966	2021-12-09	2	5
1967	2023-11-18	4	1
1968	2021-06-05	3	4
1969	2022-04-29	4	1
1970	2022-08-01	5	2
1971	2022-02-07	2	5
1972	2023-10-18	1	2
1973	2021-04-10	75	2
1974	2023-04-06	4	5
1975	2022-04-11	3	3
1976	2023-09-25	75	3
1977	2022-11-18	5	2
1978	2021-08-07	3	1
1979	2023-09-10	3	1
1980	2023-10-17	1	2
1981	2023-07-16	5	2
1982	2021-02-27	7	5
1983	2022-05-22	1	4
1984	2022-05-07	3	2
1985	2022-01-22	3	2
1986	2021-02-01	3	1
1987	2022-12-25	6	4
1988	2022-04-18	4	3
1989	2023-06-22	4	3
1990	2022-05-30	75	3
1991	2021-08-28	1	2
1992	2023-03-08	75	2
1993	2022-06-22	2	4
1994	2023-02-17	7	3
1995	2022-05-17	75	3
1996	2021-08-16	75	1
1997	2021-02-21	2	4
1998	2023-09-17	6	2
1999	2023-06-15	5	4
2000	2021-09-29	2	3
2001	2021-06-01	91	5
2002	2022-11-26	3	3
2003	2023-09-16	1	3
2004	2023-04-04	7	4
2005	2021-05-08	75	2
2006	2023-09-13	2	2
2007	2023-09-20	2	2
2008	2022-08-18	82	3
2009	2023-10-15	90	4
2010	2022-03-03	1	3
2011	2021-06-22	4	2
2012	2023-10-03	2	5
2013	2022-02-26	90	4
2014	2023-02-02	3	1
2015	2021-01-16	82	1
2016	2022-02-11	3	5
2017	2023-04-30	90	3
2018	2022-09-12	3	1
2019	2023-02-26	4	2
2020	2021-08-30	82	5
2021	2022-03-24	3	4
2022	2021-06-23	90	3
2023	2021-12-21	91	2
2024	2022-09-30	6	2
2025	2022-04-28	90	2
2026	2022-01-24	1	3
2027	2022-10-03	7	3
2028	2022-09-21	75	4
2029	2022-01-14	7	2
2030	2022-02-08	7	2
2031	2023-03-14	7	1
2032	2021-09-27	5	3
2033	2021-09-20	82	4
2034	2023-02-01	4	2
2035	2023-06-05	3	4
2036	2023-05-29	3	2
2037	2021-06-18	2	1
2038	2021-12-13	5	2
2039	2021-09-22	91	3
2040	2022-02-07	75	5
2041	2022-10-04	90	5
2042	2022-03-28	75	3
2043	2022-11-14	75	5
2044	2023-05-24	1	2
2045	2021-05-28	5	5
2046	2022-10-10	82	4
2047	2023-09-25	82	4
2048	2023-05-03	3	4
2049	2022-02-14	6	1
2050	2021-09-06	90	1
2051	2023-06-03	1	5
2052	2022-11-28	6	2
2053	2021-10-12	91	5
2054	2021-05-01	1	2
2055	2022-02-11	91	3
2056	2022-01-18	82	3
2057	2023-08-13	2	2
2058	2022-12-28	82	5
2059	2022-11-27	1	3
2060	2021-04-07	1	1
2061	2022-12-08	4	1
2062	2022-08-23	2	3
2063	2021-10-02	82	1
2064	2021-07-19	6	1
2065	2021-12-30	4	4
2066	2023-01-18	5	2
2067	2023-04-15	90	2
2068	2022-03-25	90	2
2069	2021-03-10	90	2
2070	2023-06-07	90	2
2071	2023-05-06	6	2
2072	2023-06-22	4	2
2073	2021-06-02	4	4
2074	2023-07-26	3	3
2075	2023-06-06	6	2
2076	2022-03-25	6	4
2077	2022-02-13	7	3
2078	2021-11-05	3	3
2079	2021-06-05	75	5
2080	2021-06-30	7	3
2081	2023-01-10	4	5
2082	2021-02-03	5	4
2083	2022-08-13	4	2
2084	2022-07-19	7	4
2085	2021-04-20	82	5
2086	2022-10-06	5	2
2087	2021-09-19	82	4
2088	2021-05-09	3	3
2089	2022-02-06	5	1
2090	2022-03-03	1	5
2091	2022-07-11	75	4
2092	2023-06-12	90	3
2093	2023-10-03	4	4
2094	2021-02-10	5	2
2095	2023-01-14	2	5
2096	2023-10-18	4	1
2097	2023-02-25	91	1
2098	2021-06-11	6	5
2099	2021-11-09	4	2
2100	2022-01-22	7	1
2101	2021-03-03	1	3
2102	2022-04-23	5	2
2103	2022-10-05	6	2
2104	2022-11-10	91	3
2105	2021-02-04	3	4
2106	2022-09-24	2	4
2107	2023-10-06	4	4
2108	2021-04-10	82	1
2109	2023-03-27	7	5
2110	2022-06-22	5	1
2111	2023-10-10	1	4
2112	2022-01-05	75	2
2113	2023-09-24	2	5
2114	2021-04-10	75	1
2115	2022-06-05	82	5
2116	2021-03-26	90	2
2117	2023-09-02	82	4
2118	2023-05-11	3	5
2119	2021-08-25	82	3
2120	2022-11-12	75	4
2121	2022-05-24	4	4
2122	2023-09-11	1	1
2123	2022-10-07	7	5
2124	2022-06-30	90	1
2125	2021-08-26	91	5
2126	2022-09-14	1	3
2127	2022-02-02	82	5
2128	2022-11-14	90	3
2129	2022-10-19	2	4
2130	2021-12-03	82	3
2131	2021-06-15	6	5
2132	2023-08-23	82	2
2133	2023-05-30	6	5
2134	2023-09-19	75	5
2135	2021-11-17	7	1
2136	2022-10-14	5	1
2137	2021-03-18	5	1
2138	2023-09-01	7	3
2139	2022-12-25	1	4
2140	2022-03-17	91	1
2141	2022-09-18	82	1
2142	2021-09-26	90	4
2143	2023-05-18	5	5
2144	2021-09-27	4	5
2145	2023-06-17	7	4
2146	2023-09-22	90	4
2147	2023-10-13	82	2
2148	2022-10-06	4	3
2149	2022-11-05	82	3
2150	2021-06-22	5	2
2151	2022-09-27	1	2
2152	2022-03-21	4	4
2153	2021-07-18	7	4
2154	2022-06-24	7	3
2155	2023-06-05	7	3
2156	2021-05-04	4	1
2157	2022-07-28	90	5
2158	2021-04-23	82	2
2159	2021-07-11	90	3
2160	2023-05-17	1	3
2161	2022-12-25	2	4
2162	2022-08-04	1	3
2163	2021-12-18	91	4
2164	2021-11-18	91	4
2165	2023-10-19	90	1
2166	2022-06-09	75	5
2167	2022-12-17	82	4
2168	2022-04-30	1	5
2169	2021-06-04	6	1
2170	2022-09-28	5	5
2171	2022-06-07	4	4
2172	2022-09-15	91	3
2173	2022-05-02	2	5
2174	2023-03-19	91	3
2175	2021-05-14	7	4
2176	2022-12-31	82	1
2177	2022-09-14	91	5
2178	2022-09-20	5	4
2179	2021-11-17	90	3
2180	2023-06-25	1	1
2181	2022-02-20	7	2
2182	2021-10-18	7	1
2183	2021-12-10	82	4
2184	2022-02-08	5	3
2185	2022-11-02	82	3
2186	2023-06-16	4	3
2187	2021-01-24	3	5
2188	2022-05-20	82	2
2189	2021-10-25	90	1
2190	2021-07-10	3	4
2191	2022-08-01	1	4
2192	2023-10-14	7	1
2193	2022-09-12	4	3
2194	2021-03-21	2	4
2195	2021-03-06	4	5
2196	2022-12-09	2	5
2197	2022-07-07	91	5
2198	2023-05-07	5	5
2199	2023-09-12	4	4
2200	2021-01-26	5	1
2201	2021-02-01	82	3
2202	2022-09-04	90	4
2203	2023-10-12	82	3
2204	2022-03-11	6	5
2205	2022-06-09	82	4
2206	2021-09-09	7	3
2207	2021-04-01	75	5
2208	2022-07-05	75	2
2209	2022-02-05	2	2
2210	2022-11-01	1	2
2211	2023-06-17	7	4
2212	2021-02-12	2	1
2213	2021-03-11	7	4
2214	2022-10-22	7	5
2215	2023-08-24	82	2
2216	2021-09-27	6	1
2217	2021-05-21	4	5
2218	2021-09-10	2	5
2219	2022-01-28	4	5
2220	2022-08-06	3	4
2221	2022-06-22	3	2
2222	2023-03-21	3	5
2223	2023-08-26	6	1
2224	2023-04-01	82	2
2225	2022-04-02	6	1
2226	2022-07-09	91	1
2227	2022-05-17	2	3
2228	2022-04-10	5	2
2229	2023-01-31	91	2
2230	2023-03-30	6	5
2231	2022-06-25	4	4
2232	2022-04-24	7	5
2233	2021-03-29	90	3
2234	2022-04-16	2	2
2235	2021-05-21	2	4
2236	2022-05-15	7	3
2237	2022-07-22	75	5
2238	2021-10-24	75	2
2239	2022-11-22	75	4
2240	2021-10-16	75	4
2241	2022-03-05	90	3
2242	2022-08-24	2	4
2243	2021-12-01	3	5
2244	2021-02-11	91	4
2245	2021-08-26	6	2
2246	2023-07-06	7	1
2247	2023-05-10	91	4
2248	2022-10-15	90	3
2249	2022-04-16	2	4
2250	2021-12-25	2	4
2251	2021-05-20	2	3
2252	2021-06-09	90	1
2253	2022-12-30	3	5
2254	2021-11-26	1	5
2255	2022-12-11	4	1
2256	2022-04-15	90	3
2257	2023-05-07	2	5
2258	2021-12-03	82	5
2259	2022-09-13	2	2
2260	2023-09-02	91	3
2261	2023-04-05	7	4
2262	2021-12-07	7	5
2263	2022-08-09	7	2
2264	2022-01-01	7	3
2265	2022-02-21	5	1
2266	2022-11-27	4	4
2267	2021-01-29	91	1
2268	2022-09-12	5	3
2269	2022-09-30	91	1
2270	2023-01-25	7	1
2271	2023-05-03	75	1
2272	2023-06-22	91	4
2273	2021-12-22	3	4
2274	2021-01-27	6	3
2275	2021-10-22	4	3
2276	2022-02-01	82	4
2277	2021-10-12	5	2
2278	2023-08-29	5	3
2279	2022-10-12	4	5
2280	2023-02-07	5	4
2281	2022-04-13	91	5
2282	2022-10-22	2	3
2283	2023-09-07	91	4
2284	2021-01-29	4	1
2285	2021-05-05	6	3
2286	2022-02-18	2	2
2287	2021-02-14	7	5
2288	2022-04-29	90	5
2289	2022-12-17	91	4
2290	2022-01-07	90	3
2291	2021-01-29	1	2
2292	2023-08-16	91	4
2293	2023-05-11	7	2
2294	2022-03-21	91	1
2295	2021-02-05	75	3
2296	2022-06-12	90	1
2297	2023-09-12	4	3
2298	2021-04-27	90	3
2299	2022-05-05	4	5
2300	2021-04-13	1	3
2301	2021-12-13	90	1
2302	2022-08-07	4	3
2303	2021-08-07	91	1
2304	2022-11-04	2	1
2305	2021-06-30	90	1
2306	2021-08-15	2	1
2307	2021-12-30	90	4
2308	2022-11-13	4	1
2309	2023-01-29	1	2
2310	2022-11-21	82	1
2311	2021-09-15	6	3
2312	2021-10-07	7	5
2313	2021-10-20	91	5
2314	2022-06-06	1	5
2315	2021-09-03	1	5
2316	2021-03-22	90	3
2317	2021-09-22	82	1
2318	2023-04-10	6	4
2319	2021-05-21	4	3
2320	2022-03-19	2	4
2321	2023-01-24	90	5
2322	2023-06-21	6	1
2323	2021-09-03	91	5
2324	2023-01-13	7	5
2325	2021-02-05	90	2
2326	2021-05-19	90	5
2327	2021-08-18	4	5
2328	2022-01-20	7	5
2329	2023-06-18	1	4
2330	2021-08-25	4	3
2331	2023-08-22	1	2
2332	2021-02-16	82	1
2333	2022-07-12	75	3
2334	2021-05-16	5	3
2335	2022-04-27	6	4
2336	2023-09-10	3	5
2337	2022-07-06	90	1
2338	2023-04-06	2	1
2339	2023-09-13	82	5
2340	2022-11-22	1	5
2341	2021-02-12	4	4
2342	2021-01-30	3	4
2343	2022-01-12	90	3
2344	2023-06-20	7	2
2345	2022-03-14	91	4
2346	2022-11-23	7	2
2347	2023-06-26	4	5
2348	2021-10-17	4	4
2349	2021-11-13	5	1
2350	2021-02-15	2	2
2351	2021-04-25	91	4
2352	2021-02-02	75	1
2353	2022-08-26	75	1
2354	2023-08-18	75	4
2355	2022-10-05	91	2
2356	2022-11-06	90	2
2357	2023-09-04	90	1
2358	2021-04-03	1	1
2359	2022-09-06	82	4
2360	2021-09-21	7	5
2361	2021-04-10	75	3
2362	2022-06-30	2	2
2363	2023-05-04	2	1
2364	2021-03-15	90	2
2365	2023-03-30	6	4
2366	2022-10-09	90	4
2367	2021-11-18	75	2
2368	2023-01-01	2	2
2369	2023-01-13	7	5
2370	2022-04-26	82	4
2371	2023-09-11	90	2
2372	2021-11-12	91	2
2373	2021-03-28	82	2
2374	2021-03-25	5	1
2375	2021-01-17	1	4
2376	2022-09-11	91	5
2377	2021-01-24	2	2
2378	2022-06-25	2	1
2379	2021-12-06	7	1
2380	2022-06-04	3	3
2381	2023-04-30	75	5
2382	2021-03-23	82	1
2383	2021-08-01	2	2
2384	2021-09-18	4	4
2385	2022-03-02	4	3
2386	2022-01-10	91	3
2387	2022-02-14	3	4
2388	2023-02-17	2	1
2389	2023-03-02	5	4
2390	2022-09-12	1	2
2391	2022-05-16	5	3
2392	2022-06-01	7	3
2393	2023-06-14	4	2
2394	2022-05-05	82	3
2395	2022-09-15	4	1
2396	2022-07-15	82	3
2397	2021-12-09	75	3
2398	2021-06-30	7	1
2399	2021-12-13	2	1
2400	2023-05-03	1	5
2401	2022-12-19	91	1
2402	2022-05-30	6	1
2403	2021-08-06	91	1
2404	2021-02-17	91	3
2405	2021-07-27	90	5
2406	2021-02-03	3	3
2407	2022-12-17	2	2
2408	2023-06-15	1	2
2409	2023-04-24	2	1
2410	2021-09-25	5	5
2411	2021-06-11	82	4
2412	2021-11-04	6	1
2413	2022-06-12	6	1
2414	2022-07-22	7	5
2415	2021-01-30	4	4
2416	2023-08-23	75	3
2417	2022-04-19	82	5
2418	2022-03-26	82	5
2419	2021-11-10	1	2
2420	2021-09-06	75	3
2421	2021-07-22	5	3
2422	2022-04-17	5	5
2423	2021-06-28	3	5
2424	2023-05-16	4	1
2425	2022-11-21	7	1
2426	2021-06-27	3	5
2427	2022-11-18	4	2
2428	2023-03-05	5	5
2429	2023-08-11	1	5
2430	2021-04-22	4	5
2431	2021-01-28	4	1
2432	2023-08-19	5	3
2433	2023-08-16	7	2
2434	2021-08-09	90	4
2435	2023-04-28	75	1
2436	2021-03-10	75	3
2437	2023-06-18	75	5
2438	2022-07-27	75	2
2439	2023-02-03	90	5
2440	2021-08-03	91	1
2441	2023-01-16	1	1
2442	2022-05-07	4	2
2443	2023-01-21	82	2
2444	2023-01-06	5	4
2445	2022-05-08	90	2
2446	2023-01-16	75	3
2447	2021-06-14	7	1
2448	2023-02-11	4	2
2449	2022-05-10	91	4
2450	2023-02-20	82	2
2451	2022-06-22	6	5
2452	2022-04-10	7	4
2453	2021-12-25	75	3
2454	2022-12-03	2	5
2455	2023-05-04	2	3
2456	2021-04-03	1	5
2457	2023-01-28	90	4
2458	2023-09-07	1	1
2459	2021-11-08	82	1
2460	2023-08-11	75	5
2461	2022-04-26	1	3
2462	2021-02-05	3	4
2463	2022-02-25	4	1
2464	2022-06-14	4	3
2465	2023-06-14	1	1
2466	2021-11-22	7	1
2467	2021-09-11	90	5
2468	2021-09-25	7	5
2469	2022-12-20	91	5
2470	2022-12-17	4	3
2471	2022-09-23	75	3
2472	2022-03-11	5	2
2473	2022-12-10	90	5
2474	2021-08-24	4	3
2475	2021-01-08	82	4
2476	2021-04-28	1	1
2477	2022-10-21	82	5
2478	2023-02-08	4	4
2479	2022-08-16	90	2
2480	2022-05-17	2	1
2481	2021-07-04	4	3
2482	2021-12-21	5	4
2483	2021-08-03	7	4
2484	2023-02-10	82	2
2485	2023-07-21	4	5
2486	2023-05-27	5	5
2487	2023-01-10	4	2
2488	2021-08-20	82	4
2489	2023-06-15	4	2
2490	2022-01-07	3	3
2491	2022-09-19	1	3
2492	2022-11-05	7	3
2493	2022-10-19	75	5
2494	2022-06-06	2	5
2495	2021-01-09	4	1
2496	2021-08-26	4	5
2497	2022-01-26	2	4
2498	2022-08-14	91	5
2499	2023-05-02	3	1
2500	2021-12-14	82	2
2501	2023-12-07	1	3
2502	2023-12-04	6	3
2503	2023-12-04	6	\N
2504	2023-12-04	6	\N
2505	2023-12-04	1	\N
\.


--
-- Data for Name: review; Type: TABLE DATA; Schema: public; Owner: codebras
--

COPY public.review (id, item_id, customer_id, review_date, review_text, rating) FROM stdin;
1	29	4	2023-03-09	I am reviewing the product. It looked like an item and worked like one too	3
2	34	1	2022-10-13	I am reviewing the product. It looked like an item and worked like one too	5
3	5	3	2022-01-31	I am reviewing the product. It looked like an item and worked like one too	1
4	2	4	2021-12-01	I am reviewing the product. It looked like an item and worked like one too	3
5	21	3	2022-11-27	I am reviewing the product. It looked like an item and worked like one too	4
6	49	3	2022-12-11	I am reviewing the product. It looked like an item and worked like one too	1
7	6	4	2023-03-18	I am reviewing the product. It looked like an item and worked like one too	4
8	33	1	2022-11-24	I am reviewing the product. It looked like an item and worked like one too	5
9	13	3	2021-10-27	I am reviewing the product. It looked like an item and worked like one too	1
10	33	1	2022-07-12	I am reviewing the product. It looked like an item and worked like one too	2
11	50	3	2021-06-14	I am reviewing the product. It looked like an item and worked like one too	5
12	29	4	2022-07-23	I am reviewing the product. It looked like an item and worked like one too	4
13	44	2	2021-07-23	I am reviewing the product. It looked like an item and worked like one too	2
14	8	5	2021-06-22	I am reviewing the product. It looked like an item and worked like one too	2
15	23	5	2022-07-12	I am reviewing the product. It looked like an item and worked like one too	2
16	23	2	2022-03-20	I am reviewing the product. It looked like an item and worked like one too	5
17	6	5	2021-04-08	I am reviewing the product. It looked like an item and worked like one too	5
18	13	4	2023-02-20	I am reviewing the product. It looked like an item and worked like one too	5
19	44	1	2023-06-19	I am reviewing the product. It looked like an item and worked like one too	5
20	34	3	2023-05-09	I am reviewing the product. It looked like an item and worked like one too	5
21	31	2	2023-03-04	I am reviewing the product. It looked like an item and worked like one too	5
22	23	1	2021-12-17	I am reviewing the product. It looked like an item and worked like one too	4
23	5	4	2022-01-22	I am reviewing the product. It looked like an item and worked like one too	4
24	21	4	2021-04-24	I am reviewing the product. It looked like an item and worked like one too	2
25	4	4	2023-09-25	I am reviewing the product. It looked like an item and worked like one too	4
26	8	4	2021-10-30	I am reviewing the product. It looked like an item and worked like one too	1
27	35	5	2023-05-24	I am reviewing the product. It looked like an item and worked like one too	3
28	2	2	2021-03-23	I am reviewing the product. It looked like an item and worked like one too	2
29	5	5	2021-10-01	I am reviewing the product. It looked like an item and worked like one too	5
30	35	4	2021-06-05	I am reviewing the product. It looked like an item and worked like one too	1
31	50	1	2023-04-21	I am reviewing the product. It looked like an item and worked like one too	5
32	50	3	2021-03-10	I am reviewing the product. It looked like an item and worked like one too	1
33	31	4	2021-03-26	I am reviewing the product. It looked like an item and worked like one too	3
34	29	5	2022-02-08	I am reviewing the product. It looked like an item and worked like one too	2
35	2	5	2023-07-31	I am reviewing the product. It looked like an item and worked like one too	3
36	29	1	2023-09-25	I am reviewing the product. It looked like an item and worked like one too	3
37	44	4	2023-07-14	I am reviewing the product. It looked like an item and worked like one too	2
38	2	4	2022-08-03	I am reviewing the product. It looked like an item and worked like one too	3
39	35	2	2022-09-22	I am reviewing the product. It looked like an item and worked like one too	4
40	31	4	2023-05-28	I am reviewing the product. It looked like an item and worked like one too	1
41	8	3	2022-01-02	I am reviewing the product. It looked like an item and worked like one too	1
42	33	5	2021-07-26	I am reviewing the product. It looked like an item and worked like one too	1
43	3	5	2023-03-19	I am reviewing the product. It looked like an item and worked like one too	1
44	50	5	2023-07-31	I am reviewing the product. It looked like an item and worked like one too	1
45	46	5	2022-01-10	I am reviewing the product. It looked like an item and worked like one too	4
46	13	2	2023-07-23	I am reviewing the product. It looked like an item and worked like one too	5
47	34	3	2023-07-16	I am reviewing the product. It looked like an item and worked like one too	5
48	33	3	2023-07-19	I am reviewing the product. It looked like an item and worked like one too	5
50	23	3	2022-01-01	I am reviewing the product. It looked like an item and worked like one too	5
51	35	2	2022-08-12	I am reviewing the product. It looked like an item and worked like one too	3
52	36	4	2022-02-16	I am reviewing the product. It looked like an item and worked like one too	2
53	19	5	2022-02-08	I am reviewing the product. It looked like an item and worked like one too	4
54	45	4	2022-05-03	I am reviewing the product. It looked like an item and worked like one too	4
55	21	1	2021-04-26	I am reviewing the product. It looked like an item and worked like one too	2
56	21	2	2021-02-27	I am reviewing the product. It looked like an item and worked like one too	4
57	21	1	2021-11-10	I am reviewing the product. It looked like an item and worked like one too	1
58	5	4	2022-02-22	I am reviewing the product. It looked like an item and worked like one too	4
59	44	2	2022-08-14	I am reviewing the product. It looked like an item and worked like one too	3
60	45	3	2022-12-13	I am reviewing the product. It looked like an item and worked like one too	5
61	6	5	2023-10-09	I am reviewing the product. It looked like an item and worked like one too	5
62	44	5	2022-03-01	I am reviewing the product. It looked like an item and worked like one too	2
63	6	5	2022-06-12	I am reviewing the product. It looked like an item and worked like one too	4
64	2	1	2021-10-21	I am reviewing the product. It looked like an item and worked like one too	5
65	4	4	2022-06-28	I am reviewing the product. It looked like an item and worked like one too	2
66	3	4	2023-03-18	I am reviewing the product. It looked like an item and worked like one too	3
67	2	1	2023-04-23	I am reviewing the product. It looked like an item and worked like one too	3
68	50	2	2022-07-10	I am reviewing the product. It looked like an item and worked like one too	1
69	8	1	2021-12-15	I am reviewing the product. It looked like an item and worked like one too	1
70	44	2	2022-06-19	I am reviewing the product. It looked like an item and worked like one too	2
71	6	5	2022-09-08	I am reviewing the product. It looked like an item and worked like one too	3
72	23	5	2022-06-09	I am reviewing the product. It looked like an item and worked like one too	3
73	35	4	2021-06-05	I am reviewing the product. It looked like an item and worked like one too	5
74	21	4	2022-01-21	I am reviewing the product. It looked like an item and worked like one too	2
75	35	5	2022-01-10	I am reviewing the product. It looked like an item and worked like one too	5
76	28	1	2023-04-23	I am reviewing the product. It looked like an item and worked like one too	2
77	2	3	2023-08-17	I am reviewing the product. It looked like an item and worked like one too	5
78	33	4	2022-08-12	I am reviewing the product. It looked like an item and worked like one too	5
79	35	2	2023-10-07	I am reviewing the product. It looked like an item and worked like one too	2
80	40	2	2023-10-16	I am reviewing the product. It looked like an item and worked like one too	3
81	30	1	2022-09-07	I am reviewing the product. It looked like an item and worked like one too	5
82	29	2	2023-10-08	I am reviewing the product. It looked like an item and worked like one too	4
83	13	5	2023-07-23	I am reviewing the product. It looked like an item and worked like one too	5
84	13	2	2021-10-30	I am reviewing the product. It looked like an item and worked like one too	5
85	4	2	2022-02-16	I am reviewing the product. It looked like an item and worked like one too	1
86	34	4	2021-06-16	I am reviewing the product. It looked like an item and worked like one too	3
87	44	4	2022-02-16	I am reviewing the product. It looked like an item and worked like one too	4
88	19	4	2021-04-15	I am reviewing the product. It looked like an item and worked like one too	5
89	15	4	2022-07-06	I am reviewing the product. It looked like an item and worked like one too	5
90	14	2	2022-11-07	I am reviewing the product. It looked like an item and worked like one too	5
91	34	2	2021-05-20	I am reviewing the product. It looked like an item and worked like one too	3
92	50	3	2021-02-06	I am reviewing the product. It looked like an item and worked like one too	1
93	33	5	2021-07-26	I am reviewing the product. It looked like an item and worked like one too	4
94	41	4	2021-07-18	I am reviewing the product. It looked like an item and worked like one too	5
95	33	1	2023-05-11	I am reviewing the product. It looked like an item and worked like one too	2
96	21	4	2023-01-16	I am reviewing the product. It looked like an item and worked like one too	3
97	50	5	2023-08-08	I am reviewing the product. It looked like an item and worked like one too	1
98	3	2	2022-11-07	I am reviewing the product. It looked like an item and worked like one too	5
99	14	1	2022-01-30	I am reviewing the product. It looked like an item and worked like one too	1
100	8	2	2021-04-01	I am reviewing the product. It looked like an item and worked like one too	1
101	44	4	2022-04-16	I am reviewing the product. It looked like an item and worked like one too	1
102	34	1	2022-10-13	I am reviewing the product. It looked like an item and worked like one too	1
103	30	3	2023-07-15	I am reviewing the product. It looked like an item and worked like one too	1
104	15	4	2023-09-22	I am reviewing the product. It looked like an item and worked like one too	2
105	14	3	2022-07-15	I am reviewing the product. It looked like an item and worked like one too	1
106	14	4	2021-03-26	I am reviewing the product. It looked like an item and worked like one too	1
107	3	5	2022-06-25	I am reviewing the product. It looked like an item and worked like one too	4
108	45	3	2022-01-31	I am reviewing the product. It looked like an item and worked like one too	3
109	23	2	2021-12-19	I am reviewing the product. It looked like an item and worked like one too	4
110	23	1	2021-08-12	I am reviewing the product. It looked like an item and worked like one too	4
111	9	4	2021-10-30	I am reviewing the product. It looked like an item and worked like one too	1
112	49	4	2022-08-11	I am reviewing the product. It looked like an item and worked like one too	1
113	33	3	2022-05-10	I am reviewing the product. It looked like an item and worked like one too	1
115	21	3	2022-05-10	I am reviewing the product. It looked like an item and worked like one too	5
116	3	5	2022-01-08	I am reviewing the product. It looked like an item and worked like one too	1
117	3	5	2021-02-05	I am reviewing the product. It looked like an item and worked like one too	3
118	50	3	2023-10-07	I am reviewing the product. It looked like an item and worked like one too	1
119	30	3	2021-05-17	I am reviewing the product. It looked like an item and worked like one too	3
120	2	4	2022-09-22	I am reviewing the product. It looked like an item and worked like one too	4
121	14	2	2022-11-07	I am reviewing the product. It looked like an item and worked like one too	5
122	31	2	2023-07-11	I am reviewing the product. It looked like an item and worked like one too	5
123	3	3	2023-04-28	I am reviewing the product. It looked like an item and worked like one too	1
124	8	4	2021-03-29	I am reviewing the product. It looked like an item and worked like one too	2
125	33	1	2022-03-06	I am reviewing the product. It looked like an item and worked like one too	5
126	21	3	2021-08-16	I am reviewing the product. It looked like an item and worked like one too	4
127	13	3	2022-05-01	I am reviewing the product. It looked like an item and worked like one too	4
128	21	5	2023-07-23	I am reviewing the product. It looked like an item and worked like one too	5
129	21	3	2023-01-14	I am reviewing the product. It looked like an item and worked like one too	2
130	23	5	2023-04-03	I am reviewing the product. It looked like an item and worked like one too	5
131	13	5	2022-02-07	I am reviewing the product. It looked like an item and worked like one too	4
132	33	1	2021-08-22	I am reviewing the product. It looked like an item and worked like one too	5
133	44	5	2021-02-05	I am reviewing the product. It looked like an item and worked like one too	3
134	23	3	2023-03-01	I am reviewing the product. It looked like an item and worked like one too	2
135	44	1	2022-01-30	I am reviewing the product. It looked like an item and worked like one too	1
136	8	3	2023-03-01	I am reviewing the product. It looked like an item and worked like one too	5
137	5	1	2022-12-03	I am reviewing the product. It looked like an item and worked like one too	5
138	2	1	2021-02-01	I am reviewing the product. It looked like an item and worked like one too	1
139	30	5	2022-02-09	I am reviewing the product. It looked like an item and worked like one too	1
140	6	4	2022-03-30	I am reviewing the product. It looked like an item and worked like one too	2
141	46	4	2023-02-20	I am reviewing the product. It looked like an item and worked like one too	3
142	33	4	2022-08-12	I am reviewing the product. It looked like an item and worked like one too	1
143	5	3	2022-07-20	I am reviewing the product. It looked like an item and worked like one too	5
144	44	3	2022-06-22	I am reviewing the product. It looked like an item and worked like one too	4
145	31	4	2022-11-26	I am reviewing the product. It looked like an item and worked like one too	4
146	19	3	2023-05-13	I am reviewing the product. It looked like an item and worked like one too	5
147	46	1	2021-06-02	I am reviewing the product. It looked like an item and worked like one too	5
148	45	1	2021-07-08	I am reviewing the product. It looked like an item and worked like one too	5
149	8	5	2022-02-16	I am reviewing the product. It looked like an item and worked like one too	1
150	34	2	2023-07-02	I am reviewing the product. It looked like an item and worked like one too	4
151	34	4	2023-03-16	I am reviewing the product. It looked like an item and worked like one too	3
152	8	3	2023-04-04	I am reviewing the product. It looked like an item and worked like one too	4
153	13	2	2021-04-19	I am reviewing the product. It looked like an item and worked like one too	4
154	34	5	2022-10-07	I am reviewing the product. It looked like an item and worked like one too	1
155	15	4	2023-02-20	I am reviewing the product. It looked like an item and worked like one too	5
156	19	2	2023-05-05	I am reviewing the product. It looked like an item and worked like one too	4
157	44	4	2023-01-24	I am reviewing the product. It looked like an item and worked like one too	5
158	23	4	2022-11-26	I am reviewing the product. It looked like an item and worked like one too	1
159	13	4	2022-09-14	I am reviewing the product. It looked like an item and worked like one too	3
160	21	3	2023-01-14	I am reviewing the product. It looked like an item and worked like one too	4
161	45	1	2023-10-08	I am reviewing the product. It looked like an item and worked like one too	4
162	33	3	2023-07-16	I am reviewing the product. It looked like an item and worked like one too	1
163	29	2	2023-03-04	I am reviewing the product. It looked like an item and worked like one too	3
164	44	2	2022-07-21	I am reviewing the product. It looked like an item and worked like one too	4
165	31	4	2022-06-24	I am reviewing the product. It looked like an item and worked like one too	2
166	2	4	2021-05-23	I am reviewing the product. It looked like an item and worked like one too	2
167	33	5	2021-06-30	I am reviewing the product. It looked like an item and worked like one too	4
168	5	1	2021-10-08	I am reviewing the product. It looked like an item and worked like one too	2
169	13	2	2021-11-26	I am reviewing the product. It looked like an item and worked like one too	3
170	40	5	2021-01-14	I am reviewing the product. It looked like an item and worked like one too	5
171	2	2	2021-04-01	I am reviewing the product. It looked like an item and worked like one too	1
172	9	3	2021-05-17	I am reviewing the product. It looked like an item and worked like one too	2
173	12	2	2023-04-13	I am reviewing the product. It looked like an item and worked like one too	1
174	19	5	2023-04-12	I am reviewing the product. It looked like an item and worked like one too	3
175	21	5	2022-08-10	I am reviewing the product. It looked like an item and worked like one too	4
176	12	1	2022-08-18	I am reviewing the product. It looked like an item and worked like one too	2
177	3	5	2023-04-05	I am reviewing the product. It looked like an item and worked like one too	3
178	3	2	2021-05-16	I am reviewing the product. It looked like an item and worked like one too	4
179	41	5	2023-04-12	I am reviewing the product. It looked like an item and worked like one too	3
180	34	3	2023-05-25	I am reviewing the product. It looked like an item and worked like one too	2
181	50	5	2022-04-29	I am reviewing the product. It looked like an item and worked like one too	5
182	44	5	2021-04-05	I am reviewing the product. It looked like an item and worked like one too	2
183	31	4	2023-02-19	I am reviewing the product. It looked like an item and worked like one too	4
184	4	2	2023-09-28	I am reviewing the product. It looked like an item and worked like one too	5
185	3	1	2023-03-09	I am reviewing the product. It looked like an item and worked like one too	4
186	14	2	2023-04-13	I am reviewing the product. It looked like an item and worked like one too	5
187	46	4	2023-02-20	I am reviewing the product. It looked like an item and worked like one too	1
188	34	1	2021-05-09	I am reviewing the product. It looked like an item and worked like one too	3
189	3	2	2021-08-27	I am reviewing the product. It looked like an item and worked like one too	1
190	46	4	2021-02-05	I am reviewing the product. It looked like an item and worked like one too	4
191	50	1	2022-09-07	I am reviewing the product. It looked like an item and worked like one too	3
192	41	4	2022-01-22	I am reviewing the product. It looked like an item and worked like one too	1
193	19	2	2021-01-08	I am reviewing the product. It looked like an item and worked like one too	3
194	35	3	2021-03-10	I am reviewing the product. It looked like an item and worked like one too	4
195	36	2	2021-09-02	I am reviewing the product. It looked like an item and worked like one too	2
196	5	1	2023-07-18	I am reviewing the product. It looked like an item and worked like one too	2
197	21	3	2021-10-27	I am reviewing the product. It looked like an item and worked like one too	5
198	33	3	2021-06-12	I am reviewing the product. It looked like an item and worked like one too	3
199	21	2	2022-03-20	I am reviewing the product. It looked like an item and worked like one too	1
200	30	2	2022-04-23	I am reviewing the product. It looked like an item and worked like one too	3
201	50	4	2021-12-01	I am reviewing the product. It looked like an item and worked like one too	5
202	33	2	2023-03-04	I am reviewing the product. It looked like an item and worked like one too	4
203	45	3	2022-01-15	I am reviewing the product. It looked like an item and worked like one too	4
204	34	4	2023-01-16	I am reviewing the product. It looked like an item and worked like one too	2
205	29	1	2021-08-22	I am reviewing the product. It looked like an item and worked like one too	2
206	29	3	2022-04-27	I am reviewing the product. It looked like an item and worked like one too	3
207	44	2	2021-07-01	I am reviewing the product. It looked like an item and worked like one too	2
208	9	5	2021-11-28	I am reviewing the product. It looked like an item and worked like one too	3
209	50	4	2023-01-16	I am reviewing the product. It looked like an item and worked like one too	3
210	23	1	2021-11-23	I am reviewing the product. It looked like an item and worked like one too	2
211	50	5	2023-05-05	I am reviewing the product. It looked like an item and worked like one too	2
212	44	5	2022-01-11	I am reviewing the product. It looked like an item and worked like one too	1
213	19	5	2023-03-21	I am reviewing the product. It looked like an item and worked like one too	4
214	31	4	2023-02-19	I am reviewing the product. It looked like an item and worked like one too	4
215	23	2	2023-10-01	I am reviewing the product. It looked like an item and worked like one too	2
216	3	1	2021-11-29	I am reviewing the product. It looked like an item and worked like one too	5
217	8	1	2022-03-06	I am reviewing the product. It looked like an item and worked like one too	1
218	31	5	2023-08-08	I am reviewing the product. It looked like an item and worked like one too	2
219	23	5	2022-01-11	I am reviewing the product. It looked like an item and worked like one too	3
220	33	2	2021-11-26	I am reviewing the product. It looked like an item and worked like one too	2
221	2	1	2021-11-10	I am reviewing the product. It looked like an item and worked like one too	2
222	46	3	2023-05-25	I am reviewing the product. It looked like an item and worked like one too	2
223	4	2	2023-08-24	I am reviewing the product. It looked like an item and worked like one too	5
224	8	1	2021-11-28	I am reviewing the product. It looked like an item and worked like one too	3
225	44	3	2021-02-26	I am reviewing the product. It looked like an item and worked like one too	3
226	34	3	2021-10-27	I am reviewing the product. It looked like an item and worked like one too	4
227	35	5	2021-08-30	I am reviewing the product. It looked like an item and worked like one too	4
228	40	2	2022-08-02	I am reviewing the product. It looked like an item and worked like one too	4
229	50	3	2023-05-25	I am reviewing the product. It looked like an item and worked like one too	2
230	40	3	2022-06-21	I am reviewing the product. It looked like an item and worked like one too	2
231	5	2	2021-03-23	I am reviewing the product. It looked like an item and worked like one too	5
232	44	5	2021-01-06	I am reviewing the product. It looked like an item and worked like one too	1
233	13	3	2021-07-31	I am reviewing the product. It looked like an item and worked like one too	5
234	23	2	2022-08-04	I am reviewing the product. It looked like an item and worked like one too	3
235	36	5	2023-10-09	I am reviewing the product. It looked like an item and worked like one too	1
236	15	1	2023-09-25	I am reviewing the product. It looked like an item and worked like one too	3
237	35	3	2023-03-05	I am reviewing the product. It looked like an item and worked like one too	1
238	2	1	2023-04-23	I am reviewing the product. It looked like an item and worked like one too	4
239	35	4	2022-06-28	I am reviewing the product. It looked like an item and worked like one too	4
240	14	1	2021-08-11	I am reviewing the product. It looked like an item and worked like one too	4
241	31	5	2023-09-12	I am reviewing the product. It looked like an item and worked like one too	1
242	40	5	2022-03-01	I am reviewing the product. It looked like an item and worked like one too	1
243	6	1	2022-09-07	I am reviewing the product. It looked like an item and worked like one too	2
244	35	5	2022-07-12	I am reviewing the product. It looked like an item and worked like one too	2
245	46	5	2022-01-07	I am reviewing the product. It looked like an item and worked like one too	2
246	50	4	2021-07-13	I am reviewing the product. It looked like an item and worked like one too	3
248	5	1	2021-10-21	I am reviewing the product. It looked like an item and worked like one too	1
249	35	1	2021-06-02	I am reviewing the product. It looked like an item and worked like one too	4
250	8	3	2022-11-27	I am reviewing the product. It looked like an item and worked like one too	2
251	35	2	2022-01-19	I am reviewing the product. It looked like an item and worked like one too	2
252	23	1	2022-05-10	I am reviewing the product. It looked like an item and worked like one too	4
253	33	5	2022-05-13	I am reviewing the product. It looked like an item and worked like one too	5
254	50	1	2022-06-03	I am reviewing the product. It looked like an item and worked like one too	4
255	49	5	2022-06-12	I am reviewing the product. It looked like an item and worked like one too	1
256	30	3	2022-03-08	I am reviewing the product. It looked like an item and worked like one too	4
257	3	1	2023-04-21	I am reviewing the product. It looked like an item and worked like one too	4
258	9	1	2023-04-21	I am reviewing the product. It looked like an item and worked like one too	1
259	33	2	2021-07-01	I am reviewing the product. It looked like an item and worked like one too	3
260	3	1	2023-05-11	I am reviewing the product. It looked like an item and worked like one too	1
261	5	3	2021-03-10	I am reviewing the product. It looked like an item and worked like one too	3
262	29	4	2021-01-10	I am reviewing the product. It looked like an item and worked like one too	4
263	31	3	2021-03-30	I am reviewing the product. It looked like an item and worked like one too	2
264	23	3	2022-04-29	I am reviewing the product. It looked like an item and worked like one too	1
265	3	3	2023-10-07	I am reviewing the product. It looked like an item and worked like one too	3
266	31	4	2023-02-17	I am reviewing the product. It looked like an item and worked like one too	2
267	8	5	2022-01-10	I am reviewing the product. It looked like an item and worked like one too	4
268	3	4	2023-10-16	I am reviewing the product. It looked like an item and worked like one too	1
269	34	3	2023-07-16	I am reviewing the product. It looked like an item and worked like one too	5
270	13	3	2021-07-31	I am reviewing the product. It looked like an item and worked like one too	5
271	35	4	2023-04-07	I am reviewing the product. It looked like an item and worked like one too	1
272	44	2	2023-09-29	I am reviewing the product. It looked like an item and worked like one too	3
273	35	4	2023-10-16	I am reviewing the product. It looked like an item and worked like one too	2
274	36	1	2021-08-12	I am reviewing the product. It looked like an item and worked like one too	1
275	46	3	2021-02-13	I am reviewing the product. It looked like an item and worked like one too	3
276	19	3	2023-05-21	I am reviewing the product. It looked like an item and worked like one too	3
277	23	3	2023-05-25	I am reviewing the product. It looked like an item and worked like one too	2
278	2	4	2023-04-27	I am reviewing the product. It looked like an item and worked like one too	3
279	5	2	2021-03-23	I am reviewing the product. It looked like an item and worked like one too	2
280	49	2	2023-09-28	I am reviewing the product. It looked like an item and worked like one too	4
281	46	5	2022-09-20	I am reviewing the product. It looked like an item and worked like one too	3
282	44	2	2022-08-14	I am reviewing the product. It looked like an item and worked like one too	1
283	50	1	2022-06-03	I am reviewing the product. It looked like an item and worked like one too	4
284	33	5	2021-07-26	I am reviewing the product. It looked like an item and worked like one too	4
285	50	4	2023-02-19	I am reviewing the product. It looked like an item and worked like one too	4
286	3	3	2021-03-15	I am reviewing the product. It looked like an item and worked like one too	3
287	6	1	2022-09-07	I am reviewing the product. It looked like an item and worked like one too	3
288	12	4	2022-04-12	I am reviewing the product. It looked like an item and worked like one too	4
289	8	2	2023-07-02	I am reviewing the product. It looked like an item and worked like one too	5
290	33	1	2021-08-29	I am reviewing the product. It looked like an item and worked like one too	2
291	34	4	2022-02-27	I am reviewing the product. It looked like an item and worked like one too	5
292	34	3	2023-10-07	I am reviewing the product. It looked like an item and worked like one too	4
293	50	3	2021-12-07	I am reviewing the product. It looked like an item and worked like one too	5
294	33	5	2022-04-14	I am reviewing the product. It looked like an item and worked like one too	4
295	33	3	2021-03-15	I am reviewing the product. It looked like an item and worked like one too	4
296	6	4	2023-01-08	I am reviewing the product. It looked like an item and worked like one too	2
297	46	2	2022-03-06	I am reviewing the product. It looked like an item and worked like one too	5
298	29	2	2022-02-06	I am reviewing the product. It looked like an item and worked like one too	1
299	5	2	2022-10-19	I am reviewing the product. It looked like an item and worked like one too	2
300	45	4	2022-05-03	I am reviewing the product. It looked like an item and worked like one too	1
301	5	1	2022-08-26	I am reviewing the product. It looked like an item and worked like one too	5
302	13	1	2023-02-13	I am reviewing the product. It looked like an item and worked like one too	1
303	5	3	2022-04-18	I am reviewing the product. It looked like an item and worked like one too	1
304	3	2	2023-05-15	I am reviewing the product. It looked like an item and worked like one too	4
305	19	2	2023-07-11	I am reviewing the product. It looked like an item and worked like one too	4
306	50	1	2023-10-24	I am reviewing the product. It looked like an item and worked like one too	4
307	19	2	2023-07-23	I am reviewing the product. It looked like an item and worked like one too	3
308	50	2	2023-04-14	I am reviewing the product. It looked like an item and worked like one too	2
309	23	2	2023-07-04	I am reviewing the product. It looked like an item and worked like one too	1
310	21	2	2021-02-27	I am reviewing the product. It looked like an item and worked like one too	1
311	6	2	2023-08-24	I am reviewing the product. It looked like an item and worked like one too	3
312	19	1	2022-11-15	I am reviewing the product. It looked like an item and worked like one too	4
313	23	3	2023-01-14	I am reviewing the product. It looked like an item and worked like one too	5
314	3	1	2023-01-30	I am reviewing the product. It looked like an item and worked like one too	4
315	21	5	2022-06-12	I am reviewing the product. It looked like an item and worked like one too	1
316	8	2	2023-07-02	I am reviewing the product. It looked like an item and worked like one too	5
317	41	1	2021-05-09	I am reviewing the product. It looked like an item and worked like one too	5
318	34	4	2022-05-16	I am reviewing the product. It looked like an item and worked like one too	5
319	41	5	2022-02-16	I am reviewing the product. It looked like an item and worked like one too	1
320	35	4	2021-10-04	I am reviewing the product. It looked like an item and worked like one too	2
321	40	2	2022-10-02	I am reviewing the product. It looked like an item and worked like one too	1
322	21	4	2023-06-16	I am reviewing the product. It looked like an item and worked like one too	4
323	15	3	2023-02-08	I am reviewing the product. It looked like an item and worked like one too	3
324	13	1	2022-06-29	I am reviewing the product. It looked like an item and worked like one too	5
325	8	3	2023-10-07	I am reviewing the product. It looked like an item and worked like one too	5
326	23	2	2022-05-10	I am reviewing the product. It looked like an item and worked like one too	2
327	28	3	2021-12-07	I am reviewing the product. It looked like an item and worked like one too	5
328	19	3	2022-04-29	I am reviewing the product. It looked like an item and worked like one too	4
329	34	5	2021-05-16	I am reviewing the product. It looked like an item and worked like one too	5
330	34	3	2023-07-15	I am reviewing the product. It looked like an item and worked like one too	1
331	44	3	2022-12-15	I am reviewing the product. It looked like an item and worked like one too	2
332	29	2	2022-11-07	I am reviewing the product. It looked like an item and worked like one too	4
333	5	3	2021-02-06	I am reviewing the product. It looked like an item and worked like one too	3
334	23	3	2022-04-10	I am reviewing the product. It looked like an item and worked like one too	4
335	50	1	2021-08-11	I am reviewing the product. It looked like an item and worked like one too	4
336	6	2	2021-12-16	I am reviewing the product. It looked like an item and worked like one too	2
337	2	2	2022-02-06	I am reviewing the product. It looked like an item and worked like one too	2
338	34	5	2023-08-08	I am reviewing the product. It looked like an item and worked like one too	2
339	6	2	2023-08-24	I am reviewing the product. It looked like an item and worked like one too	3
340	23	2	2021-11-04	I am reviewing the product. It looked like an item and worked like one too	2
341	29	3	2022-11-27	I am reviewing the product. It looked like an item and worked like one too	3
342	23	5	2022-07-12	I am reviewing the product. It looked like an item and worked like one too	1
343	2	5	2022-10-02	I am reviewing the product. It looked like an item and worked like one too	3
344	13	4	2022-12-26	I am reviewing the product. It looked like an item and worked like one too	3
345	3	1	2022-05-10	I am reviewing the product. It looked like an item and worked like one too	2
346	31	3	2023-08-13	I am reviewing the product. It looked like an item and worked like one too	1
347	30	3	2022-03-08	I am reviewing the product. It looked like an item and worked like one too	2
348	5	2	2023-10-08	I am reviewing the product. It looked like an item and worked like one too	3
349	45	4	2022-04-22	I am reviewing the product. It looked like an item and worked like one too	3
350	49	2	2023-05-20	I am reviewing the product. It looked like an item and worked like one too	3
351	49	3	2023-08-22	I am reviewing the product. It looked like an item and worked like one too	4
352	8	1	2021-10-21	I am reviewing the product. It looked like an item and worked like one too	4
353	23	5	2023-10-07	I am reviewing the product. It looked like an item and worked like one too	3
354	13	4	2021-03-26	I am reviewing the product. It looked like an item and worked like one too	1
355	44	2	2022-08-04	I am reviewing the product. It looked like an item and worked like one too	2
356	50	2	2023-03-04	I am reviewing the product. It looked like an item and worked like one too	3
357	12	3	2023-04-04	I am reviewing the product. It looked like an item and worked like one too	5
358	35	3	2023-09-22	I am reviewing the product. It looked like an item and worked like one too	4
359	50	1	2022-04-06	I am reviewing the product. It looked like an item and worked like one too	4
360	35	1	2022-12-25	I am reviewing the product. It looked like an item and worked like one too	4
361	33	5	2023-05-05	I am reviewing the product. It looked like an item and worked like one too	1
362	29	1	2022-08-18	I am reviewing the product. It looked like an item and worked like one too	5
363	44	5	2023-03-19	I am reviewing the product. It looked like an item and worked like one too	3
364	33	5	2023-03-19	I am reviewing the product. It looked like an item and worked like one too	1
365	28	4	2021-10-20	I am reviewing the product. It looked like an item and worked like one too	5
366	13	1	2021-09-23	I am reviewing the product. It looked like an item and worked like one too	5
367	3	1	2021-08-22	I am reviewing the product. It looked like an item and worked like one too	5
368	13	3	2023-10-07	I am reviewing the product. It looked like an item and worked like one too	3
369	31	4	2022-11-24	I am reviewing the product. It looked like an item and worked like one too	3
370	40	2	2023-07-02	I am reviewing the product. It looked like an item and worked like one too	5
371	50	2	2023-04-14	I am reviewing the product. It looked like an item and worked like one too	4
372	21	2	2022-01-19	I am reviewing the product. It looked like an item and worked like one too	3
373	13	3	2021-12-01	I am reviewing the product. It looked like an item and worked like one too	2
374	33	4	2023-01-31	I am reviewing the product. It looked like an item and worked like one too	5
375	12	3	2021-01-16	I am reviewing the product. It looked like an item and worked like one too	3
377	21	1	2021-10-08	I am reviewing the product. It looked like an item and worked like one too	2
378	13	4	2023-09-26	I am reviewing the product. It looked like an item and worked like one too	4
379	31	1	2023-07-01	I am reviewing the product. It looked like an item and worked like one too	4
380	35	2	2021-01-14	I am reviewing the product. It looked like an item and worked like one too	1
381	33	3	2023-03-22	I am reviewing the product. It looked like an item and worked like one too	5
382	49	5	2023-05-04	I am reviewing the product. It looked like an item and worked like one too	1
383	40	4	2023-05-26	I am reviewing the product. It looked like an item and worked like one too	5
384	33	4	2021-05-16	I am reviewing the product. It looked like an item and worked like one too	5
385	4	5	2021-10-27	I am reviewing the product. It looked like an item and worked like one too	2
386	33	2	2022-04-10	I am reviewing the product. It looked like an item and worked like one too	1
387	5	3	2022-11-27	I am reviewing the product. It looked like an item and worked like one too	1
388	28	1	2022-05-20	I am reviewing the product. It looked like an item and worked like one too	4
389	3	4	2022-01-26	I am reviewing the product. It looked like an item and worked like one too	4
390	49	5	2021-09-27	I am reviewing the product. It looked like an item and worked like one too	4
391	35	3	2022-02-09	I am reviewing the product. It looked like an item and worked like one too	5
392	23	1	2023-09-09	I am reviewing the product. It looked like an item and worked like one too	3
393	29	3	2022-01-01	I am reviewing the product. It looked like an item and worked like one too	5
394	23	5	2023-01-08	I am reviewing the product. It looked like an item and worked like one too	1
395	3	3	2023-01-27	I am reviewing the product. It looked like an item and worked like one too	3
396	35	1	2023-09-30	I am reviewing the product. It looked like an item and worked like one too	3
397	6	3	2021-11-07	I am reviewing the product. It looked like an item and worked like one too	3
398	33	1	2022-08-16	I am reviewing the product. It looked like an item and worked like one too	4
399	13	2	2022-08-10	I am reviewing the product. It looked like an item and worked like one too	3
400	9	1	2021-11-27	I am reviewing the product. It looked like an item and worked like one too	3
401	5	3	2022-07-20	I am reviewing the product. It looked like an item and worked like one too	1
402	44	2	2022-02-16	I am reviewing the product. It looked like an item and worked like one too	5
403	23	3	2023-07-07	I am reviewing the product. It looked like an item and worked like one too	4
404	30	3	2022-12-20	I am reviewing the product. It looked like an item and worked like one too	4
405	35	2	2023-10-07	I am reviewing the product. It looked like an item and worked like one too	5
406	4	3	2023-04-08	I am reviewing the product. It looked like an item and worked like one too	5
407	12	4	2022-02-10	I am reviewing the product. It looked like an item and worked like one too	5
408	8	5	2023-03-18	I am reviewing the product. It looked like an item and worked like one too	3
409	50	5	2022-06-04	I am reviewing the product. It looked like an item and worked like one too	2
410	44	5	2022-03-02	I am reviewing the product. It looked like an item and worked like one too	3
411	13	3	2023-01-27	I am reviewing the product. It looked like an item and worked like one too	2
412	46	1	2022-12-03	I am reviewing the product. It looked like an item and worked like one too	5
413	5	4	2023-07-16	I am reviewing the product. It looked like an item and worked like one too	2
414	35	3	2023-01-14	I am reviewing the product. It looked like an item and worked like one too	2
415	23	3	2021-12-26	I am reviewing the product. It looked like an item and worked like one too	3
416	34	2	2021-06-03	I am reviewing the product. It looked like an item and worked like one too	1
417	5	2	2021-10-13	I am reviewing the product. It looked like an item and worked like one too	3
418	15	3	2021-07-26	I am reviewing the product. It looked like an item and worked like one too	3
419	36	3	2022-09-10	I am reviewing the product. It looked like an item and worked like one too	5
420	50	2	2021-09-03	I am reviewing the product. It looked like an item and worked like one too	4
421	35	5	2021-08-30	I am reviewing the product. It looked like an item and worked like one too	2
422	31	4	2023-06-27	I am reviewing the product. It looked like an item and worked like one too	3
423	4	3	2021-01-09	I am reviewing the product. It looked like an item and worked like one too	4
424	14	4	2022-01-26	I am reviewing the product. It looked like an item and worked like one too	5
425	31	5	2023-04-03	I am reviewing the product. It looked like an item and worked like one too	2
426	13	2	2022-08-24	I am reviewing the product. It looked like an item and worked like one too	3
427	8	1	2023-04-04	I am reviewing the product. It looked like an item and worked like one too	4
428	6	4	2023-03-18	I am reviewing the product. It looked like an item and worked like one too	1
429	13	5	2023-07-23	I am reviewing the product. It looked like an item and worked like one too	4
430	5	4	2022-06-15	I am reviewing the product. It looked like an item and worked like one too	2
431	13	2	2022-08-02	I am reviewing the product. It looked like an item and worked like one too	2
432	13	3	2021-06-12	I am reviewing the product. It looked like an item and worked like one too	2
433	28	5	2022-05-13	I am reviewing the product. It looked like an item and worked like one too	2
434	6	4	2023-07-16	I am reviewing the product. It looked like an item and worked like one too	4
435	34	2	2023-07-02	I am reviewing the product. It looked like an item and worked like one too	3
436	19	2	2023-10-16	I am reviewing the product. It looked like an item and worked like one too	4
437	8	4	2021-03-29	I am reviewing the product. It looked like an item and worked like one too	2
438	21	4	2021-06-05	I am reviewing the product. It looked like an item and worked like one too	2
439	49	1	2022-09-07	I am reviewing the product. It looked like an item and worked like one too	1
440	23	2	2022-03-31	I am reviewing the product. It looked like an item and worked like one too	1
441	19	1	2022-04-23	I am reviewing the product. It looked like an item and worked like one too	4
442	9	3	2023-10-23	I am reviewing the product. It looked like an item and worked like one too	3
443	13	4	2022-05-10	I am reviewing the product. It looked like an item and worked like one too	2
444	40	1	2023-01-16	I am reviewing the product. It looked like an item and worked like one too	2
445	28	4	2021-10-20	I am reviewing the product. It looked like an item and worked like one too	5
446	15	2	2022-05-16	I am reviewing the product. It looked like an item and worked like one too	2
447	3	2	2021-04-10	I am reviewing the product. It looked like an item and worked like one too	5
448	29	3	2022-12-13	I am reviewing the product. It looked like an item and worked like one too	1
449	15	5	2021-07-26	I am reviewing the product. It looked like an item and worked like one too	1
450	5	5	2021-04-21	I am reviewing the product. It looked like an item and worked like one too	3
451	21	3	2022-04-03	I am reviewing the product. It looked like an item and worked like one too	1
452	23	5	2021-11-30	I am reviewing the product. It looked like an item and worked like one too	1
453	31	1	2021-11-10	I am reviewing the product. It looked like an item and worked like one too	3
455	44	2	2021-02-23	I am reviewing the product. It looked like an item and worked like one too	4
456	3	4	2023-02-19	I am reviewing the product. It looked like an item and worked like one too	1
457	36	2	2021-09-02	I am reviewing the product. It looked like an item and worked like one too	5
458	5	2	2023-10-16	I am reviewing the product. It looked like an item and worked like one too	2
459	44	2	2022-04-05	I am reviewing the product. It looked like an item and worked like one too	2
461	44	2	2021-09-30	I am reviewing the product. It looked like an item and worked like one too	5
462	5	1	2022-09-05	I am reviewing the product. It looked like an item and worked like one too	4
463	19	4	2021-04-15	I am reviewing the product. It looked like an item and worked like one too	5
464	34	3	2023-04-03	I am reviewing the product. It looked like an item and worked like one too	3
465	19	2	2023-03-05	I am reviewing the product. It looked like an item and worked like one too	5
466	40	1	2021-10-21	I am reviewing the product. It looked like an item and worked like one too	2
467	35	5	2022-07-31	I am reviewing the product. It looked like an item and worked like one too	3
468	3	4	2022-08-11	I am reviewing the product. It looked like an item and worked like one too	3
469	15	1	2021-02-13	I am reviewing the product. It looked like an item and worked like one too	5
470	40	2	2022-12-15	I am reviewing the product. It looked like an item and worked like one too	5
471	23	2	2021-01-15	I am reviewing the product. It looked like an item and worked like one too	5
472	30	3	2021-04-11	I am reviewing the product. It looked like an item and worked like one too	1
473	35	5	2023-01-24	I am reviewing the product. It looked like an item and worked like one too	2
474	50	2	2023-09-15	I am reviewing the product. It looked like an item and worked like one too	3
475	8	1	2023-09-22	I am reviewing the product. It looked like an item and worked like one too	2
476	13	5	2022-02-20	I am reviewing the product. It looked like an item and worked like one too	5
477	21	2	2021-02-27	I am reviewing the product. It looked like an item and worked like one too	1
478	3	5	2023-03-19	I am reviewing the product. It looked like an item and worked like one too	5
479	29	3	2022-05-01	I am reviewing the product. It looked like an item and worked like one too	5
480	23	5	2022-01-07	I am reviewing the product. It looked like an item and worked like one too	5
481	5	3	2022-10-02	I am reviewing the product. It looked like an item and worked like one too	4
482	13	3	2022-11-27	I am reviewing the product. It looked like an item and worked like one too	4
483	50	4	2023-02-20	I am reviewing the product. It looked like an item and worked like one too	2
484	28	4	2022-09-16	I am reviewing the product. It looked like an item and worked like one too	4
485	33	1	2022-06-10	I am reviewing the product. It looked like an item and worked like one too	1
486	29	3	2022-04-27	I am reviewing the product. It looked like an item and worked like one too	3
487	35	1	2022-03-15	I am reviewing the product. It looked like an item and worked like one too	2
488	50	4	2023-07-14	I am reviewing the product. It looked like an item and worked like one too	5
490	29	2	2022-12-13	I am reviewing the product. It looked like an item and worked like one too	1
491	40	5	2022-03-01	I am reviewing the product. It looked like an item and worked like one too	1
492	50	1	2022-01-02	I am reviewing the product. It looked like an item and worked like one too	4
493	34	1	2021-10-08	I am reviewing the product. It looked like an item and worked like one too	3
494	3	5	2022-09-04	I am reviewing the product. It looked like an item and worked like one too	4
495	5	1	2023-01-16	I am reviewing the product. It looked like an item and worked like one too	5
496	13	3	2023-08-17	I am reviewing the product. It looked like an item and worked like one too	5
497	50	1	2022-07-08	I am reviewing the product. It looked like an item and worked like one too	3
498	12	1	2022-09-04	I am reviewing the product. It looked like an item and worked like one too	1
499	23	5	2022-08-04	I am reviewing the product. It looked like an item and worked like one too	2
500	40	4	2023-05-26	I am reviewing the product. It looked like an item and worked like one too	4
501	21	5	2022-09-05	I am reviewing the product. It looked like an item and worked like one too	2
502	5	1	2022-09-09	I am reviewing the product. It looked like an item and worked like one too	5
503	50	4	2022-04-12	I am reviewing the product. It looked like an item and worked like one too	5
504	23	1	2022-08-04	I am reviewing the product. It looked like an item and worked like one too	4
505	34	4	2022-11-26	I am reviewing the product. It looked like an item and worked like one too	5
506	30	5	2022-05-13	I am reviewing the product. It looked like an item and worked like one too	2
507	19	2	2023-02-05	I am reviewing the product. It looked like an item and worked like one too	3
508	35	4	2022-11-25	I am reviewing the product. It looked like an item and worked like one too	4
509	33	5	2021-10-16	I am reviewing the product. It looked like an item and worked like one too	1
510	3	2	2022-08-30	I am reviewing the product. It looked like an item and worked like one too	4
512	13	5	2021-10-26	I am reviewing the product. It looked like an item and worked like one too	4
513	31	4	2021-03-26	I am reviewing the product. It looked like an item and worked like one too	3
514	23	5	2022-06-30	I am reviewing the product. It looked like an item and worked like one too	1
515	13	4	2023-05-12	I am reviewing the product. It looked like an item and worked like one too	5
516	34	1	2022-07-27	I am reviewing the product. It looked like an item and worked like one too	4
517	49	4	2022-05-20	I am reviewing the product. It looked like an item and worked like one too	3
518	41	1	2021-10-19	I am reviewing the product. It looked like an item and worked like one too	4
519	50	5	2021-01-06	I am reviewing the product. It looked like an item and worked like one too	3
520	40	1	2022-07-21	I am reviewing the product. It looked like an item and worked like one too	2
521	31	3	2021-06-15	I am reviewing the product. It looked like an item and worked like one too	2
522	35	3	2022-01-25	I am reviewing the product. It looked like an item and worked like one too	2
523	34	1	2022-11-24	I am reviewing the product. It looked like an item and worked like one too	3
524	30	2	2023-07-11	I am reviewing the product. It looked like an item and worked like one too	1
525	13	5	2022-10-12	I am reviewing the product. It looked like an item and worked like one too	3
526	13	1	2021-04-26	I am reviewing the product. It looked like an item and worked like one too	1
527	23	5	2023-10-07	I am reviewing the product. It looked like an item and worked like one too	5
528	3	2	2022-06-14	I am reviewing the product. It looked like an item and worked like one too	1
529	29	3	2023-09-22	I am reviewing the product. It looked like an item and worked like one too	4
530	23	2	2022-09-10	I am reviewing the product. It looked like an item and worked like one too	5
531	2	1	2021-02-01	I am reviewing the product. It looked like an item and worked like one too	3
532	5	3	2023-03-05	I am reviewing the product. It looked like an item and worked like one too	2
533	12	4	2022-04-11	I am reviewing the product. It looked like an item and worked like one too	4
534	45	2	2022-11-07	I am reviewing the product. It looked like an item and worked like one too	4
535	46	2	2023-09-29	I am reviewing the product. It looked like an item and worked like one too	1
536	2	3	2023-06-04	I am reviewing the product. It looked like an item and worked like one too	5
537	50	1	2021-07-08	I am reviewing the product. It looked like an item and worked like one too	3
538	13	5	2022-01-10	I am reviewing the product. It looked like an item and worked like one too	2
539	2	5	2023-07-04	I am reviewing the product. It looked like an item and worked like one too	4
540	31	2	2022-06-11	I am reviewing the product. It looked like an item and worked like one too	2
541	29	2	2023-03-05	I am reviewing the product. It looked like an item and worked like one too	1
542	3	1	2023-01-30	I am reviewing the product. It looked like an item and worked like one too	1
544	36	3	2021-12-01	I am reviewing the product. It looked like an item and worked like one too	1
545	34	3	2021-01-09	I am reviewing the product. It looked like an item and worked like one too	5
546	8	4	2022-06-24	I am reviewing the product. It looked like an item and worked like one too	5
547	23	1	2023-09-18	I am reviewing the product. It looked like an item and worked like one too	5
548	46	4	2022-12-26	I am reviewing the product. It looked like an item and worked like one too	1
549	40	4	2021-09-23	I am reviewing the product. It looked like an item and worked like one too	1
550	41	1	2023-05-27	I am reviewing the product. It looked like an item and worked like one too	2
551	21	5	2023-07-19	I am reviewing the product. It looked like an item and worked like one too	1
552	45	2	2022-02-22	I am reviewing the product. It looked like an item and worked like one too	3
553	23	4	2021-04-15	I am reviewing the product. It looked like an item and worked like one too	5
554	29	2	2021-02-23	I am reviewing the product. It looked like an item and worked like one too	5
555	21	2	2023-06-19	I am reviewing the product. It looked like an item and worked like one too	3
556	49	1	2022-09-07	I am reviewing the product. It looked like an item and worked like one too	4
557	13	4	2022-11-29	I am reviewing the product. It looked like an item and worked like one too	2
558	33	5	2022-05-22	I am reviewing the product. It looked like an item and worked like one too	1
559	8	2	2021-07-31	I am reviewing the product. It looked like an item and worked like one too	5
560	41	5	2021-06-23	I am reviewing the product. It looked like an item and worked like one too	4
561	40	3	2023-07-21	I am reviewing the product. It looked like an item and worked like one too	3
562	40	5	2021-03-16	I am reviewing the product. It looked like an item and worked like one too	5
563	44	2	2022-04-05	I am reviewing the product. It looked like an item and worked like one too	1
564	36	3	2022-03-31	I am reviewing the product. It looked like an item and worked like one too	2
565	44	5	2022-03-02	I am reviewing the product. It looked like an item and worked like one too	1
566	33	4	2023-07-07	I am reviewing the product. It looked like an item and worked like one too	1
567	6	3	2022-07-16	I am reviewing the product. It looked like an item and worked like one too	4
568	2	5	2023-07-31	I am reviewing the product. It looked like an item and worked like one too	1
569	35	3	2023-06-02	I am reviewing the product. It looked like an item and worked like one too	1
570	13	4	2023-09-26	I am reviewing the product. It looked like an item and worked like one too	3
571	9	2	2023-02-05	I am reviewing the product. It looked like an item and worked like one too	1
572	33	1	2021-11-27	I am reviewing the product. It looked like an item and worked like one too	5
573	8	3	2023-05-09	I am reviewing the product. It looked like an item and worked like one too	1
574	8	5	2022-05-19	I am reviewing the product. It looked like an item and worked like one too	1
575	3	2	2021-05-08	I am reviewing the product. It looked like an item and worked like one too	2
576	6	2	2021-02-23	I am reviewing the product. It looked like an item and worked like one too	2
577	31	2	2021-04-19	I am reviewing the product. It looked like an item and worked like one too	5
578	34	2	2022-01-16	I am reviewing the product. It looked like an item and worked like one too	5
579	34	4	2022-08-08	I am reviewing the product. It looked like an item and worked like one too	1
580	33	1	2022-08-03	I am reviewing the product. It looked like an item and worked like one too	1
581	33	5	2022-12-04	I am reviewing the product. It looked like an item and worked like one too	2
582	49	5	2023-03-21	I am reviewing the product. It looked like an item and worked like one too	2
583	8	3	2022-12-18	I am reviewing the product. It looked like an item and worked like one too	5
584	34	2	2023-07-06	I am reviewing the product. It looked like an item and worked like one too	3
585	14	1	2022-12-08	I am reviewing the product. It looked like an item and worked like one too	2
586	23	3	2022-09-02	I am reviewing the product. It looked like an item and worked like one too	3
587	31	2	2023-01-18	I am reviewing the product. It looked like an item and worked like one too	5
588	23	1	2022-06-19	I am reviewing the product. It looked like an item and worked like one too	1
589	44	5	2023-03-19	I am reviewing the product. It looked like an item and worked like one too	3
590	34	2	2023-07-02	I am reviewing the product. It looked like an item and worked like one too	2
591	36	2	2022-02-16	I am reviewing the product. It looked like an item and worked like one too	5
592	3	4	2022-09-30	I am reviewing the product. It looked like an item and worked like one too	5
593	23	4	2023-05-12	I am reviewing the product. It looked like an item and worked like one too	5
594	2	4	2021-06-16	I am reviewing the product. It looked like an item and worked like one too	1
595	44	3	2022-10-14	I am reviewing the product. It looked like an item and worked like one too	4
596	50	3	2022-06-17	I am reviewing the product. It looked like an item and worked like one too	5
597	21	4	2022-08-28	I am reviewing the product. It looked like an item and worked like one too	1
598	23	4	2022-09-05	I am reviewing the product. It looked like an item and worked like one too	5
599	19	4	2022-02-10	I am reviewing the product. It looked like an item and worked like one too	5
600	3	5	2023-03-19	I am reviewing the product. It looked like an item and worked like one too	4
601	8	2	2021-06-19	I am reviewing the product. It looked like an item and worked like one too	1
602	44	3	2022-09-27	I am reviewing the product. It looked like an item and worked like one too	5
603	33	2	2022-08-10	I am reviewing the product. It looked like an item and worked like one too	4
604	44	4	2021-07-13	I am reviewing the product. It looked like an item and worked like one too	4
605	44	4	2023-03-16	I am reviewing the product. It looked like an item and worked like one too	1
606	23	4	2022-06-30	I am reviewing the product. It looked like an item and worked like one too	3
607	13	4	2022-01-17	I am reviewing the product. It looked like an item and worked like one too	1
608	19	5	2023-02-18	I am reviewing the product. It looked like an item and worked like one too	5
609	50	2	2021-09-22	I am reviewing the product. It looked like an item and worked like one too	1
610	23	3	2022-07-22	I am reviewing the product. It looked like an item and worked like one too	2
611	31	2	2021-11-07	I am reviewing the product. It looked like an item and worked like one too	5
612	34	3	2023-02-04	I am reviewing the product. It looked like an item and worked like one too	2
614	41	2	2022-01-16	I am reviewing the product. It looked like an item and worked like one too	3
615	45	5	2022-06-25	I am reviewing the product. It looked like an item and worked like one too	4
616	23	2	2022-05-16	I am reviewing the product. It looked like an item and worked like one too	1
617	23	5	2023-05-31	I am reviewing the product. It looked like an item and worked like one too	1
618	2	1	2022-02-06	I am reviewing the product. It looked like an item and worked like one too	5
619	23	4	2023-05-26	I am reviewing the product. It looked like an item and worked like one too	2
620	28	5	2022-01-07	I am reviewing the product. It looked like an item and worked like one too	2
621	46	4	2022-08-03	I am reviewing the product. It looked like an item and worked like one too	2
622	2	3	2021-10-27	I am reviewing the product. It looked like an item and worked like one too	2
623	44	2	2021-04-14	I am reviewing the product. It looked like an item and worked like one too	4
624	34	4	2022-08-12	I am reviewing the product. It looked like an item and worked like one too	3
625	9	2	2022-06-24	I am reviewing the product. It looked like an item and worked like one too	3
626	29	2	2022-12-13	I am reviewing the product. It looked like an item and worked like one too	3
627	33	1	2022-04-17	I am reviewing the product. It looked like an item and worked like one too	2
628	8	2	2022-05-16	I am reviewing the product. It looked like an item and worked like one too	4
629	12	1	2022-11-15	I am reviewing the product. It looked like an item and worked like one too	1
631	8	3	2023-04-04	I am reviewing the product. It looked like an item and worked like one too	4
632	35	5	2022-07-12	I am reviewing the product. It looked like an item and worked like one too	3
633	34	2	2021-07-31	I am reviewing the product. It looked like an item and worked like one too	5
634	49	1	2022-03-15	I am reviewing the product. It looked like an item and worked like one too	2
635	35	5	2023-02-04	I am reviewing the product. It looked like an item and worked like one too	2
636	4	3	2021-03-15	I am reviewing the product. It looked like an item and worked like one too	4
637	35	4	2022-05-10	I am reviewing the product. It looked like an item and worked like one too	5
638	35	3	2023-10-14	I am reviewing the product. It looked like an item and worked like one too	5
639	23	1	2022-07-08	I am reviewing the product. It looked like an item and worked like one too	5
640	50	1	2021-08-11	I am reviewing the product. It looked like an item and worked like one too	1
641	34	4	2022-11-26	I am reviewing the product. It looked like an item and worked like one too	3
642	29	2	2022-03-06	I am reviewing the product. It looked like an item and worked like one too	4
644	23	2	2021-08-01	I am reviewing the product. It looked like an item and worked like one too	2
645	40	3	2023-10-07	I am reviewing the product. It looked like an item and worked like one too	3
646	29	3	2021-05-17	I am reviewing the product. It looked like an item and worked like one too	1
647	40	2	2022-06-02	I am reviewing the product. It looked like an item and worked like one too	5
648	14	1	2021-08-07	I am reviewing the product. It looked like an item and worked like one too	3
649	30	3	2022-05-11	I am reviewing the product. It looked like an item and worked like one too	4
650	45	3	2022-05-20	I am reviewing the product. It looked like an item and worked like one too	2
651	31	5	2021-02-09	I am reviewing the product. It looked like an item and worked like one too	4
652	23	1	2021-12-17	I am reviewing the product. It looked like an item and worked like one too	2
653	50	3	2021-12-21	I am reviewing the product. It looked like an item and worked like one too	1
654	35	2	2021-06-09	I am reviewing the product. It looked like an item and worked like one too	4
655	23	2	2022-10-02	I am reviewing the product. It looked like an item and worked like one too	3
656	21	3	2022-05-10	I am reviewing the product. It looked like an item and worked like one too	3
657	31	4	2022-04-19	I am reviewing the product. It looked like an item and worked like one too	1
658	8	2	2023-07-02	I am reviewing the product. It looked like an item and worked like one too	5
659	23	1	2023-08-19	I am reviewing the product. It looked like an item and worked like one too	4
660	40	1	2022-07-09	I am reviewing the product. It looked like an item and worked like one too	2
661	29	2	2023-03-05	I am reviewing the product. It looked like an item and worked like one too	3
662	12	3	2023-09-22	I am reviewing the product. It looked like an item and worked like one too	2
663	21	5	2023-04-12	I am reviewing the product. It looked like an item and worked like one too	4
664	34	3	2023-02-04	I am reviewing the product. It looked like an item and worked like one too	4
665	29	3	2022-01-31	I am reviewing the product. It looked like an item and worked like one too	5
666	13	2	2021-10-30	I am reviewing the product. It looked like an item and worked like one too	1
667	21	2	2021-11-11	I am reviewing the product. It looked like an item and worked like one too	3
668	29	4	2022-01-06	I am reviewing the product. It looked like an item and worked like one too	1
669	50	4	2021-08-31	I am reviewing the product. It looked like an item and worked like one too	2
670	21	1	2021-07-08	I am reviewing the product. It looked like an item and worked like one too	5
671	34	1	2021-04-29	I am reviewing the product. It looked like an item and worked like one too	4
672	50	5	2022-06-15	I am reviewing the product. It looked like an item and worked like one too	1
673	15	4	2022-07-06	I am reviewing the product. It looked like an item and worked like one too	5
674	2	2	2023-02-22	I am reviewing the product. It looked like an item and worked like one too	4
675	50	5	2021-11-16	I am reviewing the product. It looked like an item and worked like one too	5
676	29	2	2022-09-24	I am reviewing the product. It looked like an item and worked like one too	1
677	23	2	2022-04-10	I am reviewing the product. It looked like an item and worked like one too	1
678	21	2	2022-07-11	I am reviewing the product. It looked like an item and worked like one too	4
679	6	5	2022-05-23	I am reviewing the product. It looked like an item and worked like one too	1
680	44	5	2022-10-07	I am reviewing the product. It looked like an item and worked like one too	3
681	19	5	2023-08-08	I am reviewing the product. It looked like an item and worked like one too	5
682	41	2	2022-10-31	I am reviewing the product. It looked like an item and worked like one too	3
683	8	2	2023-09-29	I am reviewing the product. It looked like an item and worked like one too	5
684	9	2	2022-08-12	I am reviewing the product. It looked like an item and worked like one too	1
685	34	3	2021-03-10	I am reviewing the product. It looked like an item and worked like one too	5
686	23	1	2021-09-10	I am reviewing the product. It looked like an item and worked like one too	4
687	50	2	2022-01-19	I am reviewing the product. It looked like an item and worked like one too	1
688	21	2	2023-09-13	I am reviewing the product. It looked like an item and worked like one too	4
689	23	2	2022-03-31	I am reviewing the product. It looked like an item and worked like one too	4
690	13	1	2023-10-03	I am reviewing the product. It looked like an item and worked like one too	1
691	45	2	2021-10-08	I am reviewing the product. It looked like an item and worked like one too	5
692	29	1	2023-02-10	I am reviewing the product. It looked like an item and worked like one too	3
693	13	3	2022-12-04	I am reviewing the product. It looked like an item and worked like one too	5
694	31	4	2022-09-09	I am reviewing the product. It looked like an item and worked like one too	5
695	30	5	2021-11-03	I am reviewing the product. It looked like an item and worked like one too	2
696	29	3	2021-10-26	I am reviewing the product. It looked like an item and worked like one too	2
697	13	3	2022-06-17	I am reviewing the product. It looked like an item and worked like one too	2
698	31	2	2021-11-07	I am reviewing the product. It looked like an item and worked like one too	5
699	49	4	2021-06-16	I am reviewing the product. It looked like an item and worked like one too	1
700	44	2	2021-11-04	I am reviewing the product. It looked like an item and worked like one too	4
701	50	5	2022-08-10	I am reviewing the product. It looked like an item and worked like one too	5
702	21	3	2022-05-10	I am reviewing the product. It looked like an item and worked like one too	2
703	5	3	2021-02-04	I am reviewing the product. It looked like an item and worked like one too	1
704	8	1	2023-03-09	I am reviewing the product. It looked like an item and worked like one too	3
705	13	3	2023-01-27	I am reviewing the product. It looked like an item and worked like one too	3
706	45	5	2022-06-25	I am reviewing the product. It looked like an item and worked like one too	5
707	34	2	2023-10-16	I am reviewing the product. It looked like an item and worked like one too	2
708	23	5	2023-06-10	I am reviewing the product. It looked like an item and worked like one too	4
709	50	1	2021-11-28	I am reviewing the product. It looked like an item and worked like one too	4
710	21	5	2021-05-06	I am reviewing the product. It looked like an item and worked like one too	5
711	14	5	2022-06-09	I am reviewing the product. It looked like an item and worked like one too	5
712	5	5	2022-05-11	I am reviewing the product. It looked like an item and worked like one too	1
713	40	1	2021-11-28	I am reviewing the product. It looked like an item and worked like one too	2
714	13	1	2021-10-08	I am reviewing the product. It looked like an item and worked like one too	3
715	23	4	2022-05-07	I am reviewing the product. It looked like an item and worked like one too	5
716	3	3	2023-01-19	I am reviewing the product. It looked like an item and worked like one too	4
717	28	5	2023-04-05	I am reviewing the product. It looked like an item and worked like one too	4
718	21	5	2022-09-10	I am reviewing the product. It looked like an item and worked like one too	1
719	23	2	2022-03-31	I am reviewing the product. It looked like an item and worked like one too	2
720	9	5	2021-06-04	I am reviewing the product. It looked like an item and worked like one too	1
721	29	2	2021-10-18	I am reviewing the product. It looked like an item and worked like one too	4
722	2	4	2022-01-21	I am reviewing the product. It looked like an item and worked like one too	2
723	33	4	2023-06-15	I am reviewing the product. It looked like an item and worked like one too	1
724	41	2	2021-04-10	I am reviewing the product. It looked like an item and worked like one too	5
725	50	2	2022-02-16	I am reviewing the product. It looked like an item and worked like one too	3
726	4	3	2023-02-07	I am reviewing the product. It looked like an item and worked like one too	2
727	50	1	2022-12-08	I am reviewing the product. It looked like an item and worked like one too	2
728	2	4	2022-09-14	I am reviewing the product. It looked like an item and worked like one too	5
729	13	5	2022-03-24	I am reviewing the product. It looked like an item and worked like one too	1
730	9	5	2022-10-12	I am reviewing the product. It looked like an item and worked like one too	5
731	6	1	2021-08-22	I am reviewing the product. It looked like an item and worked like one too	1
732	13	3	2023-04-08	I am reviewing the product. It looked like an item and worked like one too	2
733	44	4	2021-08-16	I am reviewing the product. It looked like an item and worked like one too	5
734	35	2	2022-02-03	I am reviewing the product. It looked like an item and worked like one too	3
735	50	3	2023-05-21	I am reviewing the product. It looked like an item and worked like one too	4
736	46	2	2021-04-01	I am reviewing the product. It looked like an item and worked like one too	2
737	9	1	2023-03-04	I am reviewing the product. It looked like an item and worked like one too	1
738	28	4	2023-01-08	I am reviewing the product. It looked like an item and worked like one too	4
739	6	2	2021-04-19	I am reviewing the product. It looked like an item and worked like one too	2
740	23	2	2021-02-08	I am reviewing the product. It looked like an item and worked like one too	1
741	34	2	2021-06-19	I am reviewing the product. It looked like an item and worked like one too	4
742	33	2	2022-02-15	I am reviewing the product. It looked like an item and worked like one too	5
743	40	3	2023-07-21	I am reviewing the product. It looked like an item and worked like one too	3
744	34	1	2021-05-09	I am reviewing the product. It looked like an item and worked like one too	5
745	6	2	2023-09-15	I am reviewing the product. It looked like an item and worked like one too	5
746	15	1	2022-08-04	I am reviewing the product. It looked like an item and worked like one too	4
747	41	3	2022-10-14	I am reviewing the product. It looked like an item and worked like one too	5
748	35	3	2021-02-26	I am reviewing the product. It looked like an item and worked like one too	5
749	31	2	2023-09-05	I am reviewing the product. It looked like an item and worked like one too	5
750	23	5	2022-10-30	I am reviewing the product. It looked like an item and worked like one too	3
751	44	1	2023-04-23	I am reviewing the product. It looked like an item and worked like one too	2
752	33	2	2023-03-04	I am reviewing the product. It looked like an item and worked like one too	3
10000	1	1	2023-11-28	strang	4
753	1	1	2023-11-27	Dude, he got that on though	5
754	1	1	2023-11-27	Im shad and i think dr pepper is mid and I have poor taste	4
755	4	1	2023-11-27	Test	3
758	3	1	2023-11-27	dusty review	2
761	10	1	2023-11-27	Bruh I literally got scammed wtf	1
765	3	82	2023-11-30	RAHHH this image go crazy	5
766	1	82	2023-11-30	I love Dr P!!! <3	5
767	3	90	2023-12-01	I love this	5
768	3	90	2023-12-01	This is a great product	5
762	62	6	2023-11-27	He looks good, he looks hard!	5
763	62	6	2023-11-27	Unreal how hard he is for his age	5
769	58	90	2023-12-01	test	1
770	2	91	2023-12-01	WoW! I love this	5
771	2	1	2023-12-01	\N	4
772	2	1	2023-12-01	This is a test	5
773	19	7	2023-12-01	This is the best tuba I have ever used! It is amazing!	5
774	19	7	2023-12-01	I got this a year ago and it is still working perfectly.	5
775	19	7	2023-12-01	I bought this for my daughter and she loved it.	5
776	19	7	2023-12-01	Great quality for an affordable price!	5
777	19	7	2023-12-01	\N	5
778	19	7	2023-12-01	\N	5
779	19	7	2023-12-01	\N	5
780	19	7	2023-12-01	\N	5
781	10	6	2023-12-04	Love it	5
\.


--
-- Data for Name: room; Type: TABLE DATA; Schema: public; Owner: codebras
--

COPY public.room (id, room_name, max_capacity, room_type_id) FROM stdin;
1	Single Room 1	4	1
2	Single Room 2	4	1
3	Single Room 3	4	1
4	Single Room 4	4	1
9	Practice Room 1	10	2
10	Practice Room 2	10	2
11	Practice Room 3	10	2
12	Deluxe Room 1	15	3
13	Double Room 1	15	4
14	Double Room 2	25	4
5	Recording Room 1	2	5
6	Recording Room 2	2	5
7	Recording Room 3	2	5
8	Recording Room 4	2	5
\.


--
-- Data for Name: room_rental; Type: TABLE DATA; Schema: public; Owner: codebras
--

COPY public.room_rental (id, rental_id, room_id, actual_price, start_time, end_time) FROM stdin;
221	1001	3	$2.50	2022-05-26 18:00:00	2022-05-26 20:00:00
222	1002	10	$2.50	2023-09-12 18:00:00	2023-09-12 20:00:00
223	1003	3	$2.50	2022-03-09 10:00:00	2022-03-09 12:00:00
224	1004	12	$2.50	2021-08-20 12:00:00	2021-08-20 14:00:00
225	1005	10	$2.50	2023-07-13 16:00:00	2023-07-13 18:00:00
226	1006	10	$2.50	2023-11-11 16:00:00	2023-11-11 18:00:00
227	1007	4	$2.50	2021-07-13 18:00:00	2021-07-13 20:00:00
228	1008	1	$2.50	2023-07-16 12:00:00	2023-07-16 14:00:00
229	1009	9	$2.50	2021-01-06 16:00:00	2021-01-06 18:00:00
230	1010	9	$2.50	2023-11-13 14:00:00	2023-11-13 16:00:00
231	1011	9	$2.50	2022-10-05 16:00:00	2022-10-05 18:00:00
232	1012	9	$2.50	2021-07-11 12:00:00	2021-07-11 14:00:00
233	1013	1	$2.50	2022-12-08 12:00:00	2022-12-08 14:00:00
234	1014	13	$2.50	2021-05-21 16:00:00	2021-05-21 18:00:00
235	1015	10	$2.50	2023-01-29 20:00:00	2023-01-29 22:00:00
236	1016	14	$2.50	2022-08-20 08:00:00	2022-08-20 10:00:00
237	1017	12	$2.50	2023-04-20 08:00:00	2023-04-20 10:00:00
238	1018	6	$2.50	2023-08-01 20:00:00	2023-08-01 22:00:00
239	1019	5	$2.50	2021-03-31 18:00:00	2021-03-31 20:00:00
240	1020	2	$2.50	2023-06-16 08:00:00	2023-06-16 10:00:00
241	1021	13	$2.50	2022-12-24 14:00:00	2022-12-24 16:00:00
242	1022	10	$2.50	2022-09-10 12:00:00	2022-09-10 14:00:00
243	1023	5	$2.50	2022-06-06 10:00:00	2022-06-06 12:00:00
244	1024	5	$2.50	2023-05-01 14:00:00	2023-05-01 16:00:00
245	1025	2	$2.50	2022-03-19 16:00:00	2022-03-19 18:00:00
246	1026	12	$2.50	2021-09-10 14:00:00	2021-09-10 16:00:00
247	1027	12	$2.50	2022-04-28 10:00:00	2022-04-28 12:00:00
248	1028	6	$2.50	2023-08-09 10:00:00	2023-08-09 12:00:00
249	1029	14	$2.50	2022-11-04 10:00:00	2022-11-04 12:00:00
250	1030	9	$2.50	2022-12-07 08:00:00	2022-12-07 10:00:00
251	1031	1	$2.50	2022-04-07 10:00:00	2022-04-07 12:00:00
252	1032	3	$2.50	2023-07-31 16:00:00	2023-07-31 18:00:00
253	1033	7	$2.50	2022-05-12 20:00:00	2022-05-12 22:00:00
254	1034	7	$2.50	2021-09-19 08:00:00	2021-09-19 10:00:00
255	1035	3	$2.50	2021-08-23 10:00:00	2021-08-23 12:00:00
256	1036	10	$2.50	2022-02-06 16:00:00	2022-02-06 18:00:00
257	1037	6	$2.50	2021-09-16 12:00:00	2021-09-16 14:00:00
258	1038	13	$2.50	2023-04-25 08:00:00	2023-04-25 10:00:00
259	1039	11	$2.50	2023-09-21 12:00:00	2023-09-21 14:00:00
260	1040	9	$2.50	2022-06-21 10:00:00	2022-06-21 12:00:00
261	1041	13	$2.50	2021-01-18 12:00:00	2021-01-18 14:00:00
262	1042	3	$2.50	2021-01-17 08:00:00	2021-01-17 10:00:00
263	1043	8	$2.50	2022-12-15 10:00:00	2022-12-15 12:00:00
264	1044	10	$2.50	2023-01-09 18:00:00	2023-01-09 20:00:00
265	1045	1	$2.50	2022-07-15 18:00:00	2022-07-15 20:00:00
266	1046	4	$2.50	2021-03-09 18:00:00	2021-03-09 20:00:00
267	1047	13	$2.50	2021-11-19 18:00:00	2021-11-19 20:00:00
268	1048	8	$2.50	2023-04-11 16:00:00	2023-04-11 18:00:00
269	1049	3	$2.50	2021-08-10 16:00:00	2021-08-10 18:00:00
270	1050	6	$2.50	2022-11-01 08:00:00	2022-11-01 10:00:00
271	1051	10	$2.50	2022-05-20 18:00:00	2022-05-20 20:00:00
272	1052	14	$2.50	2023-11-01 20:00:00	2023-11-01 22:00:00
273	1053	14	$2.50	2022-06-17 12:00:00	2022-06-17 14:00:00
274	1054	5	$2.50	2022-12-15 18:00:00	2022-12-15 20:00:00
275	1055	9	$2.50	2023-05-01 10:00:00	2023-05-01 12:00:00
276	1056	1	$2.50	2023-03-05 16:00:00	2023-03-05 18:00:00
277	1057	11	$2.50	2023-01-07 12:00:00	2023-01-07 14:00:00
278	1058	1	$2.50	2023-03-26 20:00:00	2023-03-26 22:00:00
279	1059	14	$2.50	2023-12-07 18:00:00	2023-12-07 20:00:00
280	1060	10	$2.50	2022-02-22 12:00:00	2022-02-22 14:00:00
281	1061	12	$2.50	2022-07-05 12:00:00	2022-07-05 14:00:00
282	1062	1	$2.50	2021-12-23 12:00:00	2021-12-23 14:00:00
283	1063	6	$2.50	2023-04-29 18:00:00	2023-04-29 20:00:00
284	1064	4	$2.50	2022-11-25 08:00:00	2022-11-25 10:00:00
285	1065	13	$2.50	2023-10-02 16:00:00	2023-10-02 18:00:00
286	1066	6	$2.50	2021-08-10 18:00:00	2021-08-10 20:00:00
287	1067	9	$2.50	2023-09-18 16:00:00	2023-09-18 18:00:00
288	1068	3	$2.50	2023-06-12 08:00:00	2023-06-12 10:00:00
289	1069	14	$2.50	2023-05-30 08:00:00	2023-05-30 10:00:00
290	1070	6	$2.50	2022-07-24 18:00:00	2022-07-24 20:00:00
291	1071	2	$2.50	2022-07-16 12:00:00	2022-07-16 14:00:00
292	1072	1	$2.50	2021-09-09 18:00:00	2021-09-09 20:00:00
293	1073	2	$2.50	2022-08-02 20:00:00	2022-08-02 22:00:00
294	1074	13	$2.50	2021-11-30 18:00:00	2021-11-30 20:00:00
295	1075	4	$2.50	2021-02-01 08:00:00	2021-02-01 10:00:00
296	1076	9	$2.50	2022-07-07 14:00:00	2022-07-07 16:00:00
297	1077	5	$2.50	2022-12-14 14:00:00	2022-12-14 16:00:00
298	1078	14	$2.50	2023-08-19 20:00:00	2023-08-19 22:00:00
299	1079	4	$2.50	2023-06-07 12:00:00	2023-06-07 14:00:00
300	1080	2	$2.50	2022-07-30 08:00:00	2022-07-30 10:00:00
301	1081	9	$2.50	2021-04-14 08:00:00	2021-04-14 10:00:00
302	1082	2	$2.50	2022-05-18 18:00:00	2022-05-18 20:00:00
303	1083	12	$2.50	2021-11-22 18:00:00	2021-11-22 20:00:00
304	1084	13	$2.50	2021-12-07 12:00:00	2021-12-07 14:00:00
305	1085	8	$2.50	2022-07-27 10:00:00	2022-07-27 12:00:00
306	1086	7	$2.50	2022-07-06 20:00:00	2022-07-06 22:00:00
307	1087	6	$2.50	2022-06-28 18:00:00	2022-06-28 20:00:00
308	1088	4	$2.50	2022-06-12 10:00:00	2022-06-12 12:00:00
309	1089	4	$2.50	2022-03-22 14:00:00	2022-03-22 16:00:00
310	1090	12	$2.50	2023-12-07 16:00:00	2023-12-07 18:00:00
311	1091	6	$2.50	2021-10-15 20:00:00	2021-10-15 22:00:00
312	1092	12	$2.50	2022-10-14 10:00:00	2022-10-14 12:00:00
313	1093	7	$2.50	2022-03-28 18:00:00	2022-03-28 20:00:00
314	1094	8	$2.50	2022-06-07 14:00:00	2022-06-07 16:00:00
315	1095	3	$2.50	2022-03-12 08:00:00	2022-03-12 10:00:00
316	1096	10	$2.50	2022-01-08 18:00:00	2022-01-08 20:00:00
317	1097	7	$2.50	2022-08-02 14:00:00	2022-08-02 16:00:00
318	1098	14	$2.50	2022-12-07 16:00:00	2022-12-07 18:00:00
319	1099	14	$2.50	2023-03-16 08:00:00	2023-03-16 10:00:00
320	1100	7	$2.50	2022-05-23 08:00:00	2022-05-23 10:00:00
321	1101	13	$2.50	2021-07-05 08:00:00	2021-07-05 10:00:00
322	1102	14	$2.50	2022-01-18 14:00:00	2022-01-18 16:00:00
323	1103	14	$2.50	2022-10-21 08:00:00	2022-10-21 10:00:00
324	1104	4	$2.50	2021-07-20 14:00:00	2021-07-20 16:00:00
325	1105	8	$2.50	2021-10-03 16:00:00	2021-10-03 18:00:00
326	1106	4	$2.50	2023-09-26 10:00:00	2023-09-26 12:00:00
327	1107	8	$2.50	2021-12-18 12:00:00	2021-12-18 14:00:00
328	1108	9	$2.50	2022-06-26 12:00:00	2022-06-26 14:00:00
329	1109	11	$2.50	2022-05-13 12:00:00	2022-05-13 14:00:00
330	1110	11	$2.50	2023-09-05 18:00:00	2023-09-05 20:00:00
331	1111	4	$2.50	2022-10-11 08:00:00	2022-10-11 10:00:00
332	1112	4	$2.50	2021-03-07 14:00:00	2021-03-07 16:00:00
333	1113	2	$2.50	2023-03-27 16:00:00	2023-03-27 18:00:00
334	1114	2	$2.50	2022-04-29 16:00:00	2022-04-29 18:00:00
335	1115	5	$2.50	2021-02-25 18:00:00	2021-02-25 20:00:00
336	1116	7	$2.50	2023-09-25 10:00:00	2023-09-25 12:00:00
337	1117	7	$2.50	2023-09-08 20:00:00	2023-09-08 22:00:00
338	1118	13	$2.50	2021-09-05 12:00:00	2021-09-05 14:00:00
339	1119	14	$2.50	2022-02-16 12:00:00	2022-02-16 14:00:00
340	1120	12	$2.50	2021-03-17 18:00:00	2021-03-17 20:00:00
341	1121	11	$2.50	2023-08-04 14:00:00	2023-08-04 16:00:00
342	1122	10	$2.50	2022-03-19 20:00:00	2022-03-19 22:00:00
343	1123	5	$2.50	2023-11-30 12:00:00	2023-11-30 14:00:00
344	1124	13	$2.50	2021-01-20 16:00:00	2021-01-20 18:00:00
345	1125	6	$2.50	2021-09-07 12:00:00	2021-09-07 14:00:00
346	1126	2	$2.50	2023-10-23 16:00:00	2023-10-23 18:00:00
347	1127	2	$2.50	2021-04-01 20:00:00	2021-04-01 22:00:00
348	1128	8	$2.50	2023-02-06 14:00:00	2023-02-06 16:00:00
349	1129	8	$2.50	2021-03-30 16:00:00	2021-03-30 18:00:00
350	1130	11	$2.50	2023-01-21 20:00:00	2023-01-21 22:00:00
351	1131	14	$2.50	2022-06-12 12:00:00	2022-06-12 14:00:00
352	1132	4	$2.50	2022-02-15 14:00:00	2022-02-15 16:00:00
353	1133	3	$2.50	2023-07-17 14:00:00	2023-07-17 16:00:00
354	1134	4	$2.50	2023-08-15 16:00:00	2023-08-15 18:00:00
355	1135	9	$2.50	2022-09-11 20:00:00	2022-09-11 22:00:00
356	1136	6	$2.50	2023-05-20 10:00:00	2023-05-20 12:00:00
357	1137	11	$2.50	2023-05-16 16:00:00	2023-05-16 18:00:00
358	1138	12	$2.50	2021-06-05 10:00:00	2021-06-05 12:00:00
359	1139	6	$2.50	2023-04-29 14:00:00	2023-04-29 16:00:00
360	1140	2	$2.50	2022-11-23 16:00:00	2022-11-23 18:00:00
361	1141	4	$2.50	2023-07-14 14:00:00	2023-07-14 16:00:00
362	1142	14	$2.50	2023-06-04 08:00:00	2023-06-04 10:00:00
363	1143	1	$2.50	2022-07-05 10:00:00	2022-07-05 12:00:00
364	1144	10	$2.50	2021-01-29 08:00:00	2021-01-29 10:00:00
365	1145	10	$2.50	2022-07-13 10:00:00	2022-07-13 12:00:00
366	1146	11	$2.50	2022-12-26 08:00:00	2022-12-26 10:00:00
367	1147	2	$2.50	2022-10-19 16:00:00	2022-10-19 18:00:00
368	1148	14	$2.50	2022-11-22 08:00:00	2022-11-22 10:00:00
369	1149	11	$2.50	2021-10-26 08:00:00	2021-10-26 10:00:00
370	1150	6	$2.50	2022-06-15 18:00:00	2022-06-15 20:00:00
371	1151	14	$2.50	2021-04-16 08:00:00	2021-04-16 10:00:00
372	1152	9	$2.50	2021-10-22 18:00:00	2021-10-22 20:00:00
373	1153	7	$2.50	2023-03-14 10:00:00	2023-03-14 12:00:00
374	1154	11	$2.50	2022-05-01 20:00:00	2022-05-01 22:00:00
375	1155	12	$2.50	2021-04-12 18:00:00	2021-04-12 20:00:00
376	1156	4	$2.50	2022-01-10 16:00:00	2022-01-10 18:00:00
377	1157	4	$2.50	2023-05-30 18:00:00	2023-05-30 20:00:00
378	1158	5	$2.50	2021-03-29 10:00:00	2021-03-29 12:00:00
379	1159	9	$2.50	2021-02-21 08:00:00	2021-02-21 10:00:00
380	1160	14	$2.50	2023-06-21 12:00:00	2023-06-21 14:00:00
381	1161	13	$2.50	2021-07-15 16:00:00	2021-07-15 18:00:00
382	1162	4	$2.50	2023-11-30 08:00:00	2023-11-30 10:00:00
383	1163	14	$2.50	2022-10-03 08:00:00	2022-10-03 10:00:00
384	1164	9	$2.50	2021-03-22 12:00:00	2021-03-22 14:00:00
385	1165	12	$2.50	2021-08-23 08:00:00	2021-08-23 10:00:00
386	1166	10	$2.50	2021-12-18 18:00:00	2021-12-18 20:00:00
387	1167	2	$2.50	2021-11-09 08:00:00	2021-11-09 10:00:00
388	1168	4	$2.50	2021-05-25 12:00:00	2021-05-25 14:00:00
389	1169	6	$2.50	2021-09-30 08:00:00	2021-09-30 10:00:00
390	1170	2	$2.50	2022-08-09 16:00:00	2022-08-09 18:00:00
391	1171	6	$2.50	2023-03-13 08:00:00	2023-03-13 10:00:00
392	1172	3	$2.50	2022-10-27 14:00:00	2022-10-27 16:00:00
393	1173	11	$2.50	2022-07-04 18:00:00	2022-07-04 20:00:00
394	1174	11	$2.50	2023-10-26 14:00:00	2023-10-26 16:00:00
395	1175	1	$2.50	2022-03-30 14:00:00	2022-03-30 16:00:00
396	1176	1	$2.50	2022-07-21 10:00:00	2022-07-21 12:00:00
397	1177	6	$2.50	2022-07-22 10:00:00	2022-07-22 12:00:00
398	1178	4	$2.50	2023-05-11 10:00:00	2023-05-11 12:00:00
399	1179	10	$2.50	2021-10-26 12:00:00	2021-10-26 14:00:00
400	1180	13	$2.50	2022-08-19 12:00:00	2022-08-19 14:00:00
401	1181	11	$2.50	2022-08-10 08:00:00	2022-08-10 10:00:00
402	1182	5	$2.50	2022-08-01 14:00:00	2022-08-01 16:00:00
403	1183	11	$2.50	2022-07-06 18:00:00	2022-07-06 20:00:00
404	1184	12	$2.50	2021-08-31 14:00:00	2021-08-31 16:00:00
405	1185	3	$2.50	2022-07-07 12:00:00	2022-07-07 14:00:00
406	1186	7	$2.50	2023-03-02 14:00:00	2023-03-02 16:00:00
407	1187	9	$2.50	2022-08-15 14:00:00	2022-08-15 16:00:00
408	1188	2	$2.50	2022-11-29 08:00:00	2022-11-29 10:00:00
409	1189	10	$2.50	2021-02-03 14:00:00	2021-02-03 16:00:00
410	1190	12	$2.50	2022-03-16 08:00:00	2022-03-16 10:00:00
411	1191	12	$2.50	2022-05-18 10:00:00	2022-05-18 12:00:00
412	1192	9	$2.50	2021-12-09 08:00:00	2021-12-09 10:00:00
413	1193	5	$2.50	2022-05-22 10:00:00	2022-05-22 12:00:00
414	1194	3	$2.50	2022-10-18 12:00:00	2022-10-18 14:00:00
415	1195	10	$2.50	2022-01-23 10:00:00	2022-01-23 12:00:00
416	1196	12	$2.50	2021-04-28 20:00:00	2021-04-28 22:00:00
417	1197	7	$2.50	2021-08-04 20:00:00	2021-08-04 22:00:00
418	1198	3	$2.50	2021-10-18 20:00:00	2021-10-18 22:00:00
419	1199	13	$2.50	2021-02-17 14:00:00	2021-02-17 16:00:00
420	1200	7	$2.50	2021-09-24 12:00:00	2021-09-24 14:00:00
421	1201	4	$2.50	2022-11-04 08:00:00	2022-11-04 10:00:00
422	1202	11	$2.50	2023-03-26 12:00:00	2023-03-26 14:00:00
423	1203	13	$2.50	2022-02-10 16:00:00	2022-02-10 18:00:00
424	1204	7	$2.50	2022-03-02 16:00:00	2022-03-02 18:00:00
425	1205	4	$2.50	2021-06-09 12:00:00	2021-06-09 14:00:00
426	1206	14	$2.50	2022-11-01 14:00:00	2022-11-01 16:00:00
427	1207	13	$2.50	2022-11-29 14:00:00	2022-11-29 16:00:00
428	1208	14	$2.50	2023-08-10 08:00:00	2023-08-10 10:00:00
429	1209	7	$2.50	2023-01-27 14:00:00	2023-01-27 16:00:00
430	1210	10	$2.50	2023-04-29 16:00:00	2023-04-29 18:00:00
431	1211	11	$2.50	2022-07-02 12:00:00	2022-07-02 14:00:00
432	1212	5	$2.50	2021-07-15 20:00:00	2021-07-15 22:00:00
433	1213	6	$2.50	2021-12-10 14:00:00	2021-12-10 16:00:00
434	1214	2	$2.50	2023-11-17 18:00:00	2023-11-17 20:00:00
435	1215	5	$2.50	2021-02-04 14:00:00	2021-02-04 16:00:00
436	1216	8	$2.50	2021-02-28 10:00:00	2021-02-28 12:00:00
437	1217	9	$2.50	2023-04-22 10:00:00	2023-04-22 12:00:00
438	1218	13	$2.50	2021-12-01 16:00:00	2021-12-01 18:00:00
439	1219	13	$2.50	2022-07-19 12:00:00	2022-07-19 14:00:00
440	1220	1	$2.50	2023-02-06 18:00:00	2023-02-06 20:00:00
441	1221	11	$2.50	2022-10-31 20:00:00	2022-10-31 22:00:00
442	1222	12	$2.50	2021-04-15 08:00:00	2021-04-15 10:00:00
443	1223	9	$2.50	2022-12-21 12:00:00	2022-12-21 14:00:00
444	1224	13	$2.50	2023-06-02 16:00:00	2023-06-02 18:00:00
445	1225	9	$2.50	2023-02-09 18:00:00	2023-02-09 20:00:00
446	1226	3	$2.50	2022-02-15 16:00:00	2022-02-15 18:00:00
447	1227	8	$2.50	2023-06-21 16:00:00	2023-06-21 18:00:00
448	1228	7	$2.50	2023-03-21 08:00:00	2023-03-21 10:00:00
449	1229	10	$2.50	2021-09-28 12:00:00	2021-09-28 14:00:00
450	1230	14	$2.50	2022-09-05 16:00:00	2022-09-05 18:00:00
451	1231	14	$2.50	2023-04-26 08:00:00	2023-04-26 10:00:00
452	1232	1	$2.50	2022-01-14 12:00:00	2022-01-14 14:00:00
453	1233	13	$2.50	2022-11-26 18:00:00	2022-11-26 20:00:00
454	1234	13	$2.50	2022-10-16 12:00:00	2022-10-16 14:00:00
455	1235	12	$2.50	2023-05-26 08:00:00	2023-05-26 10:00:00
456	1236	12	$2.50	2022-04-25 10:00:00	2022-04-25 12:00:00
457	1237	3	$2.50	2022-05-11 10:00:00	2022-05-11 12:00:00
458	1238	10	$2.50	2023-08-22 10:00:00	2023-08-22 12:00:00
459	1239	5	$2.50	2022-11-30 18:00:00	2022-11-30 20:00:00
460	1240	13	$2.50	2022-08-05 20:00:00	2022-08-05 22:00:00
461	1241	7	$2.50	2022-09-21 12:00:00	2022-09-21 14:00:00
462	1242	6	$2.50	2022-02-22 20:00:00	2022-02-22 22:00:00
463	1243	1	$2.50	2022-08-25 16:00:00	2022-08-25 18:00:00
464	1244	3	$2.50	2023-11-27 18:00:00	2023-11-27 20:00:00
465	1245	2	$2.50	2023-02-18 08:00:00	2023-02-18 10:00:00
466	1246	8	$2.50	2022-11-14 14:00:00	2022-11-14 16:00:00
467	1247	11	$2.50	2022-07-22 18:00:00	2022-07-22 20:00:00
468	1248	10	$2.50	2021-08-12 14:00:00	2021-08-12 16:00:00
469	1249	11	$2.50	2023-08-31 08:00:00	2023-08-31 10:00:00
470	1250	5	$2.50	2021-09-09 10:00:00	2021-09-09 12:00:00
471	1251	12	$2.50	2023-10-22 20:00:00	2023-10-22 22:00:00
472	1252	8	$2.50	2022-06-22 08:00:00	2022-06-22 10:00:00
473	1253	5	$2.50	2023-07-06 10:00:00	2023-07-06 12:00:00
474	1254	5	$2.50	2022-08-24 18:00:00	2022-08-24 20:00:00
475	1255	14	$2.50	2023-10-05 08:00:00	2023-10-05 10:00:00
476	1256	9	$2.50	2021-04-04 16:00:00	2021-04-04 18:00:00
477	1257	13	$2.50	2021-09-04 20:00:00	2021-09-04 22:00:00
478	1258	1	$2.50	2021-09-01 08:00:00	2021-09-01 10:00:00
479	1259	2	$2.50	2021-01-12 16:00:00	2021-01-12 18:00:00
480	1260	11	$2.50	2022-05-05 20:00:00	2022-05-05 22:00:00
481	1261	4	$2.50	2021-01-14 08:00:00	2021-01-14 10:00:00
482	1262	13	$2.50	2021-10-17 20:00:00	2021-10-17 22:00:00
483	1263	5	$2.50	2022-10-15 18:00:00	2022-10-15 20:00:00
484	1264	4	$2.50	2023-04-30 08:00:00	2023-04-30 10:00:00
485	1265	1	$2.50	2023-01-16 20:00:00	2023-01-16 22:00:00
486	1266	4	$2.50	2022-12-07 18:00:00	2022-12-07 20:00:00
487	1267	3	$2.50	2023-02-08 12:00:00	2023-02-08 14:00:00
488	1268	12	$2.50	2021-08-21 20:00:00	2021-08-21 22:00:00
489	1269	7	$2.50	2021-07-02 12:00:00	2021-07-02 14:00:00
490	1270	13	$2.50	2021-11-22 14:00:00	2021-11-22 16:00:00
491	1271	10	$2.50	2023-11-02 12:00:00	2023-11-02 14:00:00
492	1272	8	$2.50	2023-04-26 08:00:00	2023-04-26 10:00:00
493	1273	7	$2.50	2022-07-24 12:00:00	2022-07-24 14:00:00
494	1274	8	$2.50	2022-12-16 08:00:00	2022-12-16 10:00:00
495	1275	14	$2.50	2023-12-03 10:00:00	2023-12-03 12:00:00
496	1276	3	$2.50	2022-09-24 16:00:00	2022-09-24 18:00:00
497	1277	2	$2.50	2023-06-16 18:00:00	2023-06-16 20:00:00
498	1278	6	$2.50	2021-11-28 10:00:00	2021-11-28 12:00:00
499	1279	13	$2.50	2022-06-10 14:00:00	2022-06-10 16:00:00
500	1280	2	$2.50	2021-07-24 12:00:00	2021-07-24 14:00:00
501	1281	6	$2.50	2023-01-18 10:00:00	2023-01-18 12:00:00
502	1282	3	$2.50	2022-03-10 10:00:00	2022-03-10 12:00:00
503	1283	12	$2.50	2023-05-08 16:00:00	2023-05-08 18:00:00
504	1284	1	$2.50	2023-08-10 14:00:00	2023-08-10 16:00:00
505	1285	11	$2.50	2021-11-17 18:00:00	2021-11-17 20:00:00
506	1286	8	$2.50	2021-05-20 18:00:00	2021-05-20 20:00:00
507	1287	8	$2.50	2022-06-11 08:00:00	2022-06-11 10:00:00
508	1288	10	$2.50	2022-10-08 14:00:00	2022-10-08 16:00:00
509	1289	9	$2.50	2023-11-11 08:00:00	2023-11-11 10:00:00
510	1290	1	$2.50	2023-01-14 18:00:00	2023-01-14 20:00:00
511	1291	14	$2.50	2021-07-01 10:00:00	2021-07-01 12:00:00
512	1292	3	$2.50	2023-11-12 16:00:00	2023-11-12 18:00:00
513	1293	2	$2.50	2021-09-15 10:00:00	2021-09-15 12:00:00
514	1294	6	$2.50	2021-10-23 12:00:00	2021-10-23 14:00:00
515	1295	14	$2.50	2021-12-30 10:00:00	2021-12-30 12:00:00
516	1296	13	$2.50	2023-11-05 08:00:00	2023-11-05 10:00:00
517	1297	9	$2.50	2022-10-17 20:00:00	2022-10-17 22:00:00
518	1298	10	$2.50	2022-04-21 08:00:00	2022-04-21 10:00:00
519	1299	5	$2.50	2021-06-29 12:00:00	2021-06-29 14:00:00
520	1300	8	$2.50	2023-10-11 14:00:00	2023-10-11 16:00:00
521	1301	11	$2.50	2021-05-15 12:00:00	2021-05-15 14:00:00
522	1302	4	$2.50	2022-09-21 18:00:00	2022-09-21 20:00:00
523	1303	10	$2.50	2022-06-02 18:00:00	2022-06-02 20:00:00
524	1304	2	$2.50	2021-03-07 14:00:00	2021-03-07 16:00:00
525	1305	12	$2.50	2021-03-15 16:00:00	2021-03-15 18:00:00
526	1306	1	$2.50	2023-09-09 18:00:00	2023-09-09 20:00:00
527	1307	3	$2.50	2021-08-23 14:00:00	2021-08-23 16:00:00
528	1308	12	$2.50	2021-09-03 18:00:00	2021-09-03 20:00:00
529	1309	13	$2.50	2022-11-27 16:00:00	2022-11-27 18:00:00
530	1310	14	$2.50	2021-03-11 20:00:00	2021-03-11 22:00:00
531	1311	7	$2.50	2021-06-05 08:00:00	2021-06-05 10:00:00
532	1312	4	$2.50	2022-10-19 16:00:00	2022-10-19 18:00:00
533	1313	11	$2.50	2022-06-29 12:00:00	2022-06-29 14:00:00
534	1314	11	$2.50	2023-05-11 20:00:00	2023-05-11 22:00:00
535	1315	3	$2.50	2022-03-08 14:00:00	2022-03-08 16:00:00
536	1316	2	$2.50	2023-05-13 14:00:00	2023-05-13 16:00:00
537	1317	4	$2.50	2023-06-24 16:00:00	2023-06-24 18:00:00
538	1318	5	$2.50	2021-09-29 18:00:00	2021-09-29 20:00:00
539	1319	9	$2.50	2022-07-20 16:00:00	2022-07-20 18:00:00
540	1320	2	$2.50	2022-11-12 10:00:00	2022-11-12 12:00:00
541	1321	10	$2.50	2021-01-18 18:00:00	2021-01-18 20:00:00
542	1322	8	$2.50	2022-11-10 16:00:00	2022-11-10 18:00:00
543	1323	5	$2.50	2022-11-12 14:00:00	2022-11-12 16:00:00
544	1324	3	$2.50	2023-04-07 12:00:00	2023-04-07 14:00:00
545	1325	6	$2.50	2023-09-01 20:00:00	2023-09-01 22:00:00
546	1326	3	$2.50	2021-01-06 16:00:00	2021-01-06 18:00:00
547	1327	3	$2.50	2023-12-01 16:00:00	2023-12-01 18:00:00
548	1328	2	$2.50	2021-08-10 12:00:00	2021-08-10 14:00:00
549	1329	1	$2.50	2021-06-25 16:00:00	2021-06-25 18:00:00
550	1330	9	$2.50	2022-05-23 16:00:00	2022-05-23 18:00:00
551	1331	4	$2.50	2022-08-28 14:00:00	2022-08-28 16:00:00
552	1332	12	$2.50	2021-05-28 08:00:00	2021-05-28 10:00:00
553	1333	6	$2.50	2022-02-06 12:00:00	2022-02-06 14:00:00
554	1334	3	$2.50	2023-04-03 08:00:00	2023-04-03 10:00:00
555	1335	5	$2.50	2023-12-08 18:00:00	2023-12-08 20:00:00
556	1336	12	$2.50	2021-10-29 16:00:00	2021-10-29 18:00:00
557	1337	9	$2.50	2023-08-11 18:00:00	2023-08-11 20:00:00
558	1338	11	$2.50	2023-05-14 14:00:00	2023-05-14 16:00:00
559	1339	12	$2.50	2023-07-25 20:00:00	2023-07-25 22:00:00
560	1340	13	$2.50	2022-10-11 18:00:00	2022-10-11 20:00:00
561	1341	6	$2.50	2022-11-02 16:00:00	2022-11-02 18:00:00
562	1342	9	$2.50	2021-02-27 14:00:00	2021-02-27 16:00:00
563	1343	4	$2.50	2023-06-28 12:00:00	2023-06-28 14:00:00
564	1344	9	$2.50	2021-08-17 14:00:00	2021-08-17 16:00:00
565	1345	8	$2.50	2022-07-09 10:00:00	2022-07-09 12:00:00
566	1346	14	$2.50	2022-01-24 14:00:00	2022-01-24 16:00:00
567	1347	9	$2.50	2021-09-20 08:00:00	2021-09-20 10:00:00
568	1348	10	$2.50	2021-01-04 14:00:00	2021-01-04 16:00:00
569	1349	12	$2.50	2023-10-10 14:00:00	2023-10-10 16:00:00
570	1350	12	$2.50	2022-05-26 20:00:00	2022-05-26 22:00:00
571	1351	10	$2.50	2022-01-24 10:00:00	2022-01-24 12:00:00
572	1352	10	$2.50	2021-10-25 18:00:00	2021-10-25 20:00:00
573	1353	9	$2.50	2023-06-23 20:00:00	2023-06-23 22:00:00
574	1354	2	$2.50	2022-03-02 14:00:00	2022-03-02 16:00:00
575	1355	9	$2.50	2021-02-13 18:00:00	2021-02-13 20:00:00
576	1356	9	$2.50	2021-02-20 18:00:00	2021-02-20 20:00:00
577	1357	5	$2.50	2022-07-17 10:00:00	2022-07-17 12:00:00
578	1358	1	$2.50	2022-01-27 18:00:00	2022-01-27 20:00:00
579	1359	5	$2.50	2023-03-03 12:00:00	2023-03-03 14:00:00
580	1360	9	$2.50	2022-05-17 08:00:00	2022-05-17 10:00:00
581	1361	8	$2.50	2021-04-16 08:00:00	2021-04-16 10:00:00
582	1362	14	$2.50	2023-01-04 16:00:00	2023-01-04 18:00:00
583	1363	1	$2.50	2023-11-30 12:00:00	2023-11-30 14:00:00
584	1364	13	$2.50	2022-01-15 12:00:00	2022-01-15 14:00:00
585	1365	8	$2.50	2023-08-04 14:00:00	2023-08-04 16:00:00
586	1366	4	$2.50	2023-06-28 12:00:00	2023-06-28 14:00:00
587	1367	4	$2.50	2022-01-04 16:00:00	2022-01-04 18:00:00
588	1368	13	$2.50	2022-01-21 12:00:00	2022-01-21 14:00:00
589	1369	6	$2.50	2023-06-24 16:00:00	2023-06-24 18:00:00
590	1370	2	$2.50	2021-02-24 20:00:00	2021-02-24 22:00:00
591	1371	14	$2.50	2022-09-17 14:00:00	2022-09-17 16:00:00
592	1372	5	$2.50	2021-05-17 18:00:00	2021-05-17 20:00:00
593	1373	10	$2.50	2022-10-20 12:00:00	2022-10-20 14:00:00
594	1374	8	$2.50	2023-10-15 08:00:00	2023-10-15 10:00:00
595	1375	11	$2.50	2023-07-02 08:00:00	2023-07-02 10:00:00
596	1376	8	$2.50	2023-08-06 14:00:00	2023-08-06 16:00:00
597	1377	11	$2.50	2021-06-20 20:00:00	2021-06-20 22:00:00
598	1378	6	$2.50	2022-04-18 18:00:00	2022-04-18 20:00:00
599	1379	11	$2.50	2021-08-25 12:00:00	2021-08-25 14:00:00
600	1380	11	$2.50	2022-05-30 20:00:00	2022-05-30 22:00:00
601	1381	2	$2.50	2022-05-20 12:00:00	2022-05-20 14:00:00
602	1382	8	$2.50	2022-03-03 08:00:00	2022-03-03 10:00:00
603	1383	1	$2.50	2023-03-05 16:00:00	2023-03-05 18:00:00
604	1384	8	$2.50	2022-08-23 12:00:00	2022-08-23 14:00:00
605	1385	5	$2.50	2021-09-24 10:00:00	2021-09-24 12:00:00
606	1386	9	$2.50	2022-10-27 14:00:00	2022-10-27 16:00:00
607	1387	13	$2.50	2022-09-22 12:00:00	2022-09-22 14:00:00
608	1388	10	$2.50	2021-05-28 16:00:00	2021-05-28 18:00:00
609	1389	4	$2.50	2022-06-03 08:00:00	2022-06-03 10:00:00
610	1390	1	$2.50	2021-12-25 14:00:00	2021-12-25 16:00:00
611	1391	9	$2.50	2023-08-08 10:00:00	2023-08-08 12:00:00
612	1392	14	$2.50	2021-05-23 14:00:00	2021-05-23 16:00:00
613	1393	6	$2.50	2022-03-19 20:00:00	2022-03-19 22:00:00
614	1394	4	$2.50	2021-09-20 10:00:00	2021-09-20 12:00:00
615	1395	12	$2.50	2022-02-27 18:00:00	2022-02-27 20:00:00
616	1396	8	$2.50	2021-10-26 14:00:00	2021-10-26 16:00:00
617	1397	12	$2.50	2023-06-18 18:00:00	2023-06-18 20:00:00
618	1398	4	$2.50	2021-10-13 10:00:00	2021-10-13 12:00:00
619	1399	1	$2.50	2022-06-27 18:00:00	2022-06-27 20:00:00
620	1400	9	$2.50	2022-06-13 12:00:00	2022-06-13 14:00:00
621	1401	5	$2.50	2023-02-10 16:00:00	2023-02-10 18:00:00
622	1402	8	$2.50	2021-08-06 10:00:00	2021-08-06 12:00:00
623	1403	1	$2.50	2022-03-29 14:00:00	2022-03-29 16:00:00
624	1404	2	$2.50	2022-10-05 20:00:00	2022-10-05 22:00:00
625	1405	9	$2.50	2023-04-27 20:00:00	2023-04-27 22:00:00
626	1406	14	$2.50	2021-04-03 14:00:00	2021-04-03 16:00:00
627	1407	5	$2.50	2021-09-19 08:00:00	2021-09-19 10:00:00
628	1408	10	$2.50	2022-09-18 12:00:00	2022-09-18 14:00:00
629	1409	3	$2.50	2022-02-01 18:00:00	2022-02-01 20:00:00
630	1410	12	$2.50	2022-07-21 14:00:00	2022-07-21 16:00:00
631	1411	9	$2.50	2022-07-14 20:00:00	2022-07-14 22:00:00
632	1412	9	$2.50	2021-05-23 12:00:00	2021-05-23 14:00:00
633	1413	10	$2.50	2022-09-03 10:00:00	2022-09-03 12:00:00
634	1414	5	$2.50	2022-03-15 20:00:00	2022-03-15 22:00:00
635	1415	7	$2.50	2021-07-28 08:00:00	2021-07-28 10:00:00
636	1416	10	$2.50	2023-05-28 18:00:00	2023-05-28 20:00:00
637	1417	9	$2.50	2023-11-02 08:00:00	2023-11-02 10:00:00
638	1418	14	$2.50	2022-02-16 08:00:00	2022-02-16 10:00:00
639	1419	7	$2.50	2022-03-24 16:00:00	2022-03-24 18:00:00
640	1420	1	$2.50	2022-08-10 08:00:00	2022-08-10 10:00:00
641	1421	10	$2.50	2021-04-29 10:00:00	2021-04-29 12:00:00
642	1422	14	$2.50	2022-08-04 18:00:00	2022-08-04 20:00:00
643	1423	14	$2.50	2021-10-29 16:00:00	2021-10-29 18:00:00
644	1424	4	$2.50	2022-05-06 16:00:00	2022-05-06 18:00:00
645	1425	4	$2.50	2022-10-30 14:00:00	2022-10-30 16:00:00
646	1426	12	$2.50	2022-09-17 16:00:00	2022-09-17 18:00:00
647	1427	9	$2.50	2023-03-06 12:00:00	2023-03-06 14:00:00
648	1428	1	$2.50	2021-10-21 18:00:00	2021-10-21 20:00:00
649	1429	4	$2.50	2022-09-23 10:00:00	2022-09-23 12:00:00
650	1430	8	$2.50	2021-05-02 14:00:00	2021-05-02 16:00:00
651	1431	6	$2.50	2023-01-09 16:00:00	2023-01-09 18:00:00
652	1432	1	$2.50	2021-07-08 14:00:00	2021-07-08 16:00:00
653	1433	8	$2.50	2023-10-10 16:00:00	2023-10-10 18:00:00
654	1434	6	$2.50	2022-10-31 18:00:00	2022-10-31 20:00:00
655	1435	13	$2.50	2022-06-22 18:00:00	2022-06-22 20:00:00
656	1436	5	$2.50	2022-03-17 10:00:00	2022-03-17 12:00:00
657	1437	7	$2.50	2023-10-26 14:00:00	2023-10-26 16:00:00
658	1438	7	$2.50	2023-12-05 14:00:00	2023-12-05 16:00:00
659	1439	14	$2.50	2023-11-18 20:00:00	2023-11-18 22:00:00
660	1440	11	$2.50	2022-08-17 08:00:00	2022-08-17 10:00:00
661	1441	12	$2.50	2023-08-21 12:00:00	2023-08-21 14:00:00
662	1442	13	$2.50	2023-07-12 18:00:00	2023-07-12 20:00:00
663	1443	7	$2.50	2022-12-14 08:00:00	2022-12-14 10:00:00
664	1444	4	$2.50	2022-10-26 12:00:00	2022-10-26 14:00:00
665	1445	1	$2.50	2021-10-09 08:00:00	2021-10-09 10:00:00
666	1446	10	$2.50	2022-12-17 14:00:00	2022-12-17 16:00:00
667	1447	4	$2.50	2022-02-28 16:00:00	2022-02-28 18:00:00
668	1448	5	$2.50	2023-06-22 12:00:00	2023-06-22 14:00:00
669	1449	6	$2.50	2022-11-03 12:00:00	2022-11-03 14:00:00
670	1450	10	$2.50	2022-04-14 08:00:00	2022-04-14 10:00:00
671	1451	13	$2.50	2022-10-20 14:00:00	2022-10-20 16:00:00
672	1452	3	$2.50	2021-04-13 10:00:00	2021-04-13 12:00:00
673	1453	12	$2.50	2022-07-16 08:00:00	2022-07-16 10:00:00
674	1454	3	$2.50	2021-06-22 18:00:00	2021-06-22 20:00:00
675	1455	6	$2.50	2022-07-29 16:00:00	2022-07-29 18:00:00
676	1456	10	$2.50	2021-02-26 18:00:00	2021-02-26 20:00:00
677	1457	9	$2.50	2022-09-25 18:00:00	2022-09-25 20:00:00
678	1458	12	$2.50	2022-09-08 16:00:00	2022-09-08 18:00:00
679	1459	8	$2.50	2021-02-21 14:00:00	2021-02-21 16:00:00
680	1460	10	$2.50	2021-05-18 14:00:00	2021-05-18 16:00:00
681	1461	10	$2.50	2021-08-15 08:00:00	2021-08-15 10:00:00
682	1462	4	$2.50	2023-08-26 16:00:00	2023-08-26 18:00:00
683	1463	8	$2.50	2021-10-18 14:00:00	2021-10-18 16:00:00
684	1464	14	$2.50	2021-10-20 16:00:00	2021-10-20 18:00:00
685	1465	5	$2.50	2021-03-25 16:00:00	2021-03-25 18:00:00
686	1466	8	$2.50	2023-09-27 08:00:00	2023-09-27 10:00:00
687	1467	14	$2.50	2021-01-27 18:00:00	2021-01-27 20:00:00
688	1468	5	$2.50	2022-09-04 18:00:00	2022-09-04 20:00:00
689	1469	3	$2.50	2023-03-01 10:00:00	2023-03-01 12:00:00
690	1470	2	$2.50	2022-09-27 20:00:00	2022-09-27 22:00:00
691	1471	5	$2.50	2021-10-20 08:00:00	2021-10-20 10:00:00
692	1472	14	$2.50	2022-06-10 18:00:00	2022-06-10 20:00:00
693	1473	11	$2.50	2023-08-04 18:00:00	2023-08-04 20:00:00
694	1474	3	$2.50	2021-02-24 16:00:00	2021-02-24 18:00:00
695	1475	3	$2.50	2023-03-30 08:00:00	2023-03-30 10:00:00
696	1476	12	$2.50	2022-09-14 18:00:00	2022-09-14 20:00:00
697	1477	4	$2.50	2022-08-27 16:00:00	2022-08-27 18:00:00
698	1478	4	$2.50	2023-03-05 12:00:00	2023-03-05 14:00:00
699	1479	13	$2.50	2021-03-04 12:00:00	2021-03-04 14:00:00
700	1480	3	$2.50	2023-06-11 18:00:00	2023-06-11 20:00:00
701	1481	12	$2.50	2022-07-16 12:00:00	2022-07-16 14:00:00
702	1482	13	$2.50	2023-11-07 10:00:00	2023-11-07 12:00:00
703	1483	5	$2.50	2021-09-23 10:00:00	2021-09-23 12:00:00
704	1484	3	$2.50	2023-12-05 12:00:00	2023-12-05 14:00:00
705	1485	3	$2.50	2022-05-19 20:00:00	2022-05-19 22:00:00
706	1486	7	$2.50	2021-04-28 10:00:00	2021-04-28 12:00:00
707	1487	8	$2.50	2022-02-12 16:00:00	2022-02-12 18:00:00
708	1488	10	$2.50	2022-05-16 08:00:00	2022-05-16 10:00:00
709	1489	14	$2.50	2022-02-28 20:00:00	2022-02-28 22:00:00
710	1490	7	$2.50	2022-01-10 20:00:00	2022-01-10 22:00:00
711	1491	9	$2.50	2022-06-15 18:00:00	2022-06-15 20:00:00
712	1492	6	$2.50	2021-02-04 14:00:00	2021-02-04 16:00:00
713	1493	1	$2.50	2021-08-13 14:00:00	2021-08-13 16:00:00
714	1494	7	$2.50	2022-11-16 12:00:00	2022-11-16 14:00:00
715	1495	10	$2.50	2022-09-25 20:00:00	2022-09-25 22:00:00
716	1496	5	$2.50	2023-10-23 18:00:00	2023-10-23 20:00:00
717	1497	7	$2.50	2022-12-01 14:00:00	2022-12-01 16:00:00
718	1498	2	$2.50	2023-01-05 14:00:00	2023-01-05 16:00:00
719	1499	10	$2.50	2023-09-01 08:00:00	2023-09-01 10:00:00
720	1500	7	$2.50	2023-07-12 12:00:00	2023-07-12 14:00:00
721	1501	4	$2.50	2023-06-24 08:00:00	2023-06-24 10:00:00
722	1502	2	$2.50	2023-05-21 16:00:00	2023-05-21 18:00:00
723	1503	7	$2.50	2022-11-28 08:00:00	2022-11-28 10:00:00
724	1504	1	$2.50	2022-05-26 16:00:00	2022-05-26 18:00:00
725	1505	14	$2.50	2023-03-13 16:00:00	2023-03-13 18:00:00
726	1506	2	$2.50	2021-09-22 10:00:00	2021-09-22 12:00:00
727	1507	9	$2.50	2022-12-18 14:00:00	2022-12-18 16:00:00
728	1508	1	$2.50	2022-07-22 18:00:00	2022-07-22 20:00:00
729	1509	3	$2.50	2022-07-21 16:00:00	2022-07-21 18:00:00
730	1510	14	$2.50	2023-03-01 14:00:00	2023-03-01 16:00:00
731	1511	1	$2.50	2022-12-23 14:00:00	2022-12-23 16:00:00
732	1512	3	$2.50	2021-07-11 12:00:00	2021-07-11 14:00:00
733	1513	14	$2.50	2023-07-21 20:00:00	2023-07-21 22:00:00
734	1514	11	$2.50	2023-09-02 16:00:00	2023-09-02 18:00:00
735	1515	13	$2.50	2021-02-13 08:00:00	2021-02-13 10:00:00
736	1516	13	$2.50	2023-05-23 20:00:00	2023-05-23 22:00:00
737	1517	2	$2.50	2021-07-28 16:00:00	2021-07-28 18:00:00
738	1518	14	$2.50	2023-08-25 08:00:00	2023-08-25 10:00:00
739	1519	9	$2.50	2021-05-11 20:00:00	2021-05-11 22:00:00
740	1520	5	$2.50	2023-10-10 18:00:00	2023-10-10 20:00:00
741	1521	5	$2.50	2023-07-28 12:00:00	2023-07-28 14:00:00
742	1522	10	$2.50	2022-04-19 08:00:00	2022-04-19 10:00:00
743	1523	7	$2.50	2022-05-06 08:00:00	2022-05-06 10:00:00
744	1524	3	$2.50	2021-11-28 14:00:00	2021-11-28 16:00:00
745	1525	6	$2.50	2022-12-07 12:00:00	2022-12-07 14:00:00
746	1526	1	$2.50	2021-04-28 10:00:00	2021-04-28 12:00:00
747	1527	11	$2.50	2022-03-31 14:00:00	2022-03-31 16:00:00
748	1528	3	$2.50	2023-09-11 08:00:00	2023-09-11 10:00:00
749	1529	14	$2.50	2021-04-28 12:00:00	2021-04-28 14:00:00
750	1530	4	$2.50	2023-04-09 08:00:00	2023-04-09 10:00:00
751	1531	7	$2.50	2022-01-16 18:00:00	2022-01-16 20:00:00
752	1532	1	$2.50	2023-10-09 16:00:00	2023-10-09 18:00:00
753	1533	6	$2.50	2022-10-12 20:00:00	2022-10-12 22:00:00
754	1534	4	$2.50	2022-07-26 12:00:00	2022-07-26 14:00:00
755	1535	8	$2.50	2023-03-06 10:00:00	2023-03-06 12:00:00
756	1536	8	$2.50	2021-08-09 14:00:00	2021-08-09 16:00:00
757	1537	11	$2.50	2022-07-03 12:00:00	2022-07-03 14:00:00
758	1538	6	$2.50	2021-05-17 16:00:00	2021-05-17 18:00:00
759	1539	11	$2.50	2023-06-12 14:00:00	2023-06-12 16:00:00
760	1540	5	$2.50	2021-07-06 14:00:00	2021-07-06 16:00:00
761	1541	1	$2.50	2022-07-01 08:00:00	2022-07-01 10:00:00
762	1542	14	$2.50	2021-07-30 10:00:00	2021-07-30 12:00:00
763	1543	13	$2.50	2023-04-09 14:00:00	2023-04-09 16:00:00
764	1544	6	$2.50	2022-01-15 16:00:00	2022-01-15 18:00:00
765	1545	6	$2.50	2021-04-08 20:00:00	2021-04-08 22:00:00
766	1546	1	$2.50	2022-02-25 08:00:00	2022-02-25 10:00:00
767	1547	10	$2.50	2021-01-29 16:00:00	2021-01-29 18:00:00
768	1548	13	$2.50	2022-09-15 14:00:00	2022-09-15 16:00:00
769	1549	5	$2.50	2022-02-03 16:00:00	2022-02-03 18:00:00
770	1550	2	$2.50	2022-11-14 20:00:00	2022-11-14 22:00:00
771	1551	1	$2.50	2023-01-02 18:00:00	2023-01-02 20:00:00
772	1552	5	$2.50	2023-01-18 18:00:00	2023-01-18 20:00:00
773	1553	3	$2.50	2021-01-15 14:00:00	2021-01-15 16:00:00
774	1554	10	$2.50	2023-03-23 10:00:00	2023-03-23 12:00:00
775	1555	8	$2.50	2021-07-29 16:00:00	2021-07-29 18:00:00
776	1556	8	$2.50	2023-05-15 18:00:00	2023-05-15 20:00:00
777	1557	3	$2.50	2022-08-23 12:00:00	2022-08-23 14:00:00
778	1558	5	$2.50	2023-10-04 16:00:00	2023-10-04 18:00:00
779	1559	3	$2.50	2023-03-09 20:00:00	2023-03-09 22:00:00
780	1560	1	$2.50	2021-07-16 20:00:00	2021-07-16 22:00:00
781	1561	10	$2.50	2022-10-28 20:00:00	2022-10-28 22:00:00
782	1562	14	$2.50	2021-01-21 08:00:00	2021-01-21 10:00:00
783	1563	3	$2.50	2022-05-26 12:00:00	2022-05-26 14:00:00
784	1564	11	$2.50	2022-06-25 18:00:00	2022-06-25 20:00:00
785	1565	6	$2.50	2023-06-15 08:00:00	2023-06-15 10:00:00
786	1566	2	$2.50	2021-03-05 18:00:00	2021-03-05 20:00:00
787	1567	11	$2.50	2023-07-08 14:00:00	2023-07-08 16:00:00
788	1568	12	$2.50	2021-08-31 10:00:00	2021-08-31 12:00:00
789	1569	12	$2.50	2023-05-29 14:00:00	2023-05-29 16:00:00
790	1570	7	$2.50	2021-03-27 12:00:00	2021-03-27 14:00:00
791	1571	8	$2.50	2022-05-18 14:00:00	2022-05-18 16:00:00
792	1572	4	$2.50	2021-08-14 12:00:00	2021-08-14 14:00:00
793	1573	10	$2.50	2023-10-26 20:00:00	2023-10-26 22:00:00
794	1574	8	$2.50	2021-12-18 08:00:00	2021-12-18 10:00:00
795	1575	13	$2.50	2022-07-22 08:00:00	2022-07-22 10:00:00
796	1576	7	$2.50	2023-07-06 14:00:00	2023-07-06 16:00:00
797	1577	11	$2.50	2022-11-07 12:00:00	2022-11-07 14:00:00
798	1578	7	$2.50	2023-07-15 14:00:00	2023-07-15 16:00:00
799	1579	14	$2.50	2022-08-31 08:00:00	2022-08-31 10:00:00
800	1580	14	$2.50	2021-04-12 18:00:00	2021-04-12 20:00:00
801	1581	5	$2.50	2023-03-17 18:00:00	2023-03-17 20:00:00
802	1582	1	$2.50	2021-10-26 18:00:00	2021-10-26 20:00:00
803	1583	13	$2.50	2021-05-05 20:00:00	2021-05-05 22:00:00
804	1584	5	$2.50	2023-08-28 18:00:00	2023-08-28 20:00:00
805	1585	11	$2.50	2021-09-05 12:00:00	2021-09-05 14:00:00
806	1586	1	$2.50	2023-07-13 14:00:00	2023-07-13 16:00:00
807	1587	3	$2.50	2022-06-06 10:00:00	2022-06-06 12:00:00
808	1588	14	$2.50	2021-05-14 12:00:00	2021-05-14 14:00:00
809	1589	6	$2.50	2023-10-21 08:00:00	2023-10-21 10:00:00
810	1590	12	$2.50	2023-09-12 12:00:00	2023-09-12 14:00:00
811	1591	6	$2.50	2022-08-09 12:00:00	2022-08-09 14:00:00
812	1592	4	$2.50	2022-06-04 14:00:00	2022-06-04 16:00:00
813	1593	9	$2.50	2022-08-05 12:00:00	2022-08-05 14:00:00
814	1594	11	$2.50	2022-09-12 08:00:00	2022-09-12 10:00:00
815	1595	4	$2.50	2023-05-29 20:00:00	2023-05-29 22:00:00
816	1596	9	$2.50	2021-05-30 18:00:00	2021-05-30 20:00:00
817	1597	11	$2.50	2023-02-04 16:00:00	2023-02-04 18:00:00
818	1598	5	$2.50	2023-01-11 08:00:00	2023-01-11 10:00:00
819	1599	1	$2.50	2022-08-06 08:00:00	2022-08-06 10:00:00
820	1600	14	$2.50	2023-12-08 20:00:00	2023-12-08 22:00:00
821	1601	1	$2.50	2021-06-08 20:00:00	2021-06-08 22:00:00
822	1602	5	$2.50	2021-08-01 12:00:00	2021-08-01 14:00:00
823	1603	5	$2.50	2023-06-17 08:00:00	2023-06-17 10:00:00
824	1604	7	$2.50	2021-11-11 10:00:00	2021-11-11 12:00:00
825	1605	13	$2.50	2022-06-12 12:00:00	2022-06-12 14:00:00
826	1606	5	$2.50	2021-12-05 08:00:00	2021-12-05 10:00:00
827	1607	6	$2.50	2022-03-14 08:00:00	2022-03-14 10:00:00
828	1608	4	$2.50	2021-09-16 08:00:00	2021-09-16 10:00:00
829	1609	11	$2.50	2021-04-12 10:00:00	2021-04-12 12:00:00
830	1610	9	$2.50	2023-08-29 16:00:00	2023-08-29 18:00:00
831	1611	4	$2.50	2022-10-15 12:00:00	2022-10-15 14:00:00
832	1612	5	$2.50	2021-07-10 12:00:00	2021-07-10 14:00:00
833	1613	5	$2.50	2023-11-24 18:00:00	2023-11-24 20:00:00
834	1614	3	$2.50	2022-01-24 20:00:00	2022-01-24 22:00:00
835	1615	7	$2.50	2021-07-16 20:00:00	2021-07-16 22:00:00
836	1616	4	$2.50	2022-04-08 10:00:00	2022-04-08 12:00:00
837	1617	8	$2.50	2022-11-13 16:00:00	2022-11-13 18:00:00
838	1618	13	$2.50	2021-06-14 18:00:00	2021-06-14 20:00:00
839	1619	9	$2.50	2022-04-27 16:00:00	2022-04-27 18:00:00
840	1620	13	$2.50	2022-07-29 10:00:00	2022-07-29 12:00:00
841	1621	14	$2.50	2023-05-24 08:00:00	2023-05-24 10:00:00
842	1622	14	$2.50	2023-07-03 10:00:00	2023-07-03 12:00:00
843	1623	12	$2.50	2023-05-16 20:00:00	2023-05-16 22:00:00
844	1624	7	$2.50	2023-08-04 20:00:00	2023-08-04 22:00:00
845	1625	4	$2.50	2022-01-14 18:00:00	2022-01-14 20:00:00
846	1626	14	$2.50	2023-08-30 12:00:00	2023-08-30 14:00:00
847	1627	9	$2.50	2023-05-30 12:00:00	2023-05-30 14:00:00
848	1628	4	$2.50	2022-05-19 18:00:00	2022-05-19 20:00:00
849	1629	4	$2.50	2022-06-12 08:00:00	2022-06-12 10:00:00
850	1630	13	$2.50	2022-03-12 12:00:00	2022-03-12 14:00:00
851	1631	14	$2.50	2023-02-10 08:00:00	2023-02-10 10:00:00
852	1632	2	$2.50	2021-05-14 18:00:00	2021-05-14 20:00:00
853	1633	14	$2.50	2023-08-27 10:00:00	2023-08-27 12:00:00
854	1634	10	$2.50	2023-10-05 16:00:00	2023-10-05 18:00:00
855	1635	2	$2.50	2023-08-26 16:00:00	2023-08-26 18:00:00
856	1636	10	$2.50	2021-10-10 08:00:00	2021-10-10 10:00:00
857	1637	6	$2.50	2022-12-21 12:00:00	2022-12-21 14:00:00
858	1638	2	$2.50	2021-04-12 20:00:00	2021-04-12 22:00:00
859	1639	14	$2.50	2021-04-03 14:00:00	2021-04-03 16:00:00
860	1640	5	$2.50	2021-10-14 10:00:00	2021-10-14 12:00:00
861	1641	12	$2.50	2022-01-29 08:00:00	2022-01-29 10:00:00
862	1642	1	$2.50	2022-12-15 20:00:00	2022-12-15 22:00:00
863	1643	11	$2.50	2022-08-11 10:00:00	2022-08-11 12:00:00
864	1644	13	$2.50	2021-02-24 08:00:00	2021-02-24 10:00:00
865	1645	3	$2.50	2021-05-25 20:00:00	2021-05-25 22:00:00
866	1646	14	$2.50	2021-06-27 08:00:00	2021-06-27 10:00:00
867	1647	1	$2.50	2022-04-27 10:00:00	2022-04-27 12:00:00
868	1648	13	$2.50	2021-04-04 16:00:00	2021-04-04 18:00:00
869	1649	6	$2.50	2022-02-09 12:00:00	2022-02-09 14:00:00
870	1650	10	$2.50	2021-08-08 08:00:00	2021-08-08 10:00:00
871	1651	14	$2.50	2022-01-19 14:00:00	2022-01-19 16:00:00
872	1652	1	$2.50	2023-03-14 20:00:00	2023-03-14 22:00:00
873	1653	2	$2.50	2023-08-31 14:00:00	2023-08-31 16:00:00
874	1654	1	$2.50	2021-08-25 18:00:00	2021-08-25 20:00:00
875	1655	9	$2.50	2021-10-14 10:00:00	2021-10-14 12:00:00
876	1656	2	$2.50	2023-10-11 20:00:00	2023-10-11 22:00:00
877	1657	8	$2.50	2023-05-24 20:00:00	2023-05-24 22:00:00
878	1658	1	$2.50	2022-02-07 10:00:00	2022-02-07 12:00:00
879	1659	8	$2.50	2022-12-22 18:00:00	2022-12-22 20:00:00
880	1660	11	$2.50	2021-10-27 12:00:00	2021-10-27 14:00:00
881	1661	11	$2.50	2023-01-22 20:00:00	2023-01-22 22:00:00
882	1662	14	$2.50	2021-02-16 08:00:00	2021-02-16 10:00:00
883	1663	2	$2.50	2021-04-03 18:00:00	2021-04-03 20:00:00
884	1664	7	$2.50	2022-11-20 18:00:00	2022-11-20 20:00:00
885	1665	10	$2.50	2023-02-07 16:00:00	2023-02-07 18:00:00
886	1666	10	$2.50	2023-10-01 16:00:00	2023-10-01 18:00:00
887	1667	8	$2.50	2023-05-08 10:00:00	2023-05-08 12:00:00
888	1668	7	$2.50	2021-06-06 14:00:00	2021-06-06 16:00:00
889	1669	13	$2.50	2023-08-14 20:00:00	2023-08-14 22:00:00
890	1670	11	$2.50	2023-08-09 12:00:00	2023-08-09 14:00:00
891	1671	7	$2.50	2023-09-12 08:00:00	2023-09-12 10:00:00
892	1672	13	$2.50	2022-06-16 20:00:00	2022-06-16 22:00:00
893	1673	14	$2.50	2023-03-05 16:00:00	2023-03-05 18:00:00
894	1674	8	$2.50	2022-10-16 08:00:00	2022-10-16 10:00:00
895	1675	8	$2.50	2023-02-18 14:00:00	2023-02-18 16:00:00
896	1676	1	$2.50	2023-02-01 18:00:00	2023-02-01 20:00:00
897	1677	3	$2.50	2021-03-24 08:00:00	2021-03-24 10:00:00
898	1678	13	$2.50	2023-07-11 12:00:00	2023-07-11 14:00:00
899	1679	8	$2.50	2023-03-08 18:00:00	2023-03-08 20:00:00
900	1680	7	$2.50	2023-05-09 16:00:00	2023-05-09 18:00:00
901	1681	1	$2.50	2022-09-28 18:00:00	2022-09-28 20:00:00
902	1682	11	$2.50	2022-07-20 10:00:00	2022-07-20 12:00:00
903	1683	7	$2.50	2023-10-26 10:00:00	2023-10-26 12:00:00
904	1684	5	$2.50	2022-12-19 08:00:00	2022-12-19 10:00:00
905	1685	6	$2.50	2023-03-13 18:00:00	2023-03-13 20:00:00
906	1686	9	$2.50	2023-09-29 16:00:00	2023-09-29 18:00:00
907	1687	6	$2.50	2022-07-15 16:00:00	2022-07-15 18:00:00
908	1688	10	$2.50	2021-12-24 08:00:00	2021-12-24 10:00:00
909	1689	2	$2.50	2022-01-17 12:00:00	2022-01-17 14:00:00
910	1690	12	$2.50	2021-03-25 16:00:00	2021-03-25 18:00:00
911	1691	14	$2.50	2022-08-30 16:00:00	2022-08-30 18:00:00
912	1692	5	$2.50	2021-01-17 20:00:00	2021-01-17 22:00:00
913	1693	2	$2.50	2022-10-16 20:00:00	2022-10-16 22:00:00
914	1694	3	$2.50	2022-07-28 16:00:00	2022-07-28 18:00:00
915	1695	2	$2.50	2021-11-23 20:00:00	2021-11-23 22:00:00
916	1696	13	$2.50	2021-09-30 14:00:00	2021-09-30 16:00:00
917	1697	9	$2.50	2023-12-04 14:00:00	2023-12-04 16:00:00
918	1698	2	$2.50	2022-04-13 20:00:00	2022-04-13 22:00:00
919	1699	1	$2.50	2021-01-29 12:00:00	2021-01-29 14:00:00
920	1700	7	$2.50	2022-06-08 10:00:00	2022-06-08 12:00:00
921	1701	8	$2.50	2023-11-04 10:00:00	2023-11-04 12:00:00
922	1702	8	$2.50	2022-12-14 12:00:00	2022-12-14 14:00:00
923	1703	11	$2.50	2023-06-22 16:00:00	2023-06-22 18:00:00
924	1704	1	$2.50	2022-08-25 08:00:00	2022-08-25 10:00:00
925	1705	2	$2.50	2022-12-05 10:00:00	2022-12-05 12:00:00
926	1706	3	$2.50	2022-07-29 18:00:00	2022-07-29 20:00:00
927	1707	5	$2.50	2023-11-30 14:00:00	2023-11-30 16:00:00
928	1708	4	$2.50	2021-02-01 14:00:00	2021-02-01 16:00:00
929	1709	4	$2.50	2022-10-16 10:00:00	2022-10-16 12:00:00
930	1710	14	$2.50	2021-10-06 08:00:00	2021-10-06 10:00:00
931	1711	4	$2.50	2021-07-04 14:00:00	2021-07-04 16:00:00
932	1712	2	$2.50	2023-11-28 12:00:00	2023-11-28 14:00:00
933	1713	1	$2.50	2021-10-10 18:00:00	2021-10-10 20:00:00
934	1714	11	$2.50	2021-05-08 18:00:00	2021-05-08 20:00:00
935	1715	4	$2.50	2022-06-08 08:00:00	2022-06-08 10:00:00
936	1716	4	$2.50	2023-04-24 20:00:00	2023-04-24 22:00:00
937	1717	1	$2.50	2021-02-23 14:00:00	2021-02-23 16:00:00
938	1718	5	$2.50	2023-02-08 18:00:00	2023-02-08 20:00:00
939	1719	2	$2.50	2022-02-01 08:00:00	2022-02-01 10:00:00
940	1720	5	$2.50	2023-07-14 20:00:00	2023-07-14 22:00:00
941	1721	13	$2.50	2021-01-30 12:00:00	2021-01-30 14:00:00
942	1722	3	$2.50	2022-07-16 20:00:00	2022-07-16 22:00:00
943	1723	5	$2.50	2023-07-24 20:00:00	2023-07-24 22:00:00
944	1724	12	$2.50	2023-03-18 10:00:00	2023-03-18 12:00:00
945	1725	13	$2.50	2021-12-13 08:00:00	2021-12-13 10:00:00
946	1726	1	$2.50	2022-10-12 08:00:00	2022-10-12 10:00:00
947	1727	7	$2.50	2021-10-24 16:00:00	2021-10-24 18:00:00
948	1728	9	$2.50	2021-02-05 18:00:00	2021-02-05 20:00:00
949	1729	5	$2.50	2022-04-28 16:00:00	2022-04-28 18:00:00
950	1730	14	$2.50	2021-08-27 16:00:00	2021-08-27 18:00:00
951	1731	11	$2.50	2021-09-15 20:00:00	2021-09-15 22:00:00
952	1732	11	$2.50	2021-09-10 08:00:00	2021-09-10 10:00:00
953	1733	7	$2.50	2022-01-25 16:00:00	2022-01-25 18:00:00
954	1734	1	$2.50	2023-05-17 16:00:00	2023-05-17 18:00:00
955	1735	3	$2.50	2023-10-08 14:00:00	2023-10-08 16:00:00
956	1736	11	$2.50	2022-09-13 20:00:00	2022-09-13 22:00:00
957	1737	7	$2.50	2021-09-21 16:00:00	2021-09-21 18:00:00
958	1738	2	$2.50	2023-01-07 10:00:00	2023-01-07 12:00:00
959	1739	3	$2.50	2022-08-07 12:00:00	2022-08-07 14:00:00
960	1740	10	$2.50	2021-06-13 20:00:00	2021-06-13 22:00:00
961	1741	4	$2.50	2022-06-07 20:00:00	2022-06-07 22:00:00
962	1742	11	$2.50	2022-03-10 20:00:00	2022-03-10 22:00:00
963	1743	11	$2.50	2021-09-03 08:00:00	2021-09-03 10:00:00
964	1744	10	$2.50	2023-12-07 08:00:00	2023-12-07 10:00:00
965	1745	12	$2.50	2023-04-12 10:00:00	2023-04-12 12:00:00
966	1746	5	$2.50	2023-05-13 16:00:00	2023-05-13 18:00:00
967	1747	9	$2.50	2022-12-01 20:00:00	2022-12-01 22:00:00
968	1748	1	$2.50	2023-03-07 10:00:00	2023-03-07 12:00:00
969	1749	7	$2.50	2023-04-23 14:00:00	2023-04-23 16:00:00
970	1750	2	$2.50	2022-02-14 20:00:00	2022-02-14 22:00:00
971	1751	14	$2.50	2022-03-03 10:00:00	2022-03-03 12:00:00
972	1752	13	$2.50	2021-08-17 20:00:00	2021-08-17 22:00:00
973	1753	11	$2.50	2023-01-03 14:00:00	2023-01-03 16:00:00
974	1754	5	$2.50	2022-11-02 12:00:00	2022-11-02 14:00:00
975	1755	12	$2.50	2023-07-18 20:00:00	2023-07-18 22:00:00
976	1756	4	$2.50	2023-05-31 20:00:00	2023-05-31 22:00:00
977	1757	10	$2.50	2023-10-12 12:00:00	2023-10-12 14:00:00
978	1758	12	$2.50	2022-10-17 08:00:00	2022-10-17 10:00:00
979	1759	3	$2.50	2022-08-26 12:00:00	2022-08-26 14:00:00
980	1760	1	$2.50	2023-05-18 10:00:00	2023-05-18 12:00:00
981	1761	5	$2.50	2023-07-16 10:00:00	2023-07-16 12:00:00
982	1762	6	$2.50	2022-11-22 08:00:00	2022-11-22 10:00:00
983	1763	7	$2.50	2023-07-04 20:00:00	2023-07-04 22:00:00
984	1764	4	$2.50	2022-09-06 08:00:00	2022-09-06 10:00:00
985	1765	9	$2.50	2022-06-13 14:00:00	2022-06-13 16:00:00
986	1766	1	$2.50	2021-06-06 08:00:00	2021-06-06 10:00:00
987	1767	13	$2.50	2023-03-16 18:00:00	2023-03-16 20:00:00
988	1768	9	$2.50	2022-04-09 08:00:00	2022-04-09 10:00:00
989	1769	5	$2.50	2022-06-30 08:00:00	2022-06-30 10:00:00
990	1770	6	$2.50	2022-07-01 08:00:00	2022-07-01 10:00:00
991	1771	8	$2.50	2022-02-22 08:00:00	2022-02-22 10:00:00
992	1772	4	$2.50	2021-11-16 12:00:00	2021-11-16 14:00:00
993	1773	3	$2.50	2023-04-14 08:00:00	2023-04-14 10:00:00
994	1774	1	$2.50	2023-09-20 10:00:00	2023-09-20 12:00:00
995	1775	4	$2.50	2022-10-18 16:00:00	2022-10-18 18:00:00
996	1776	12	$2.50	2023-06-10 16:00:00	2023-06-10 18:00:00
997	1777	7	$2.50	2023-03-02 08:00:00	2023-03-02 10:00:00
998	1778	4	$2.50	2021-09-03 14:00:00	2021-09-03 16:00:00
999	1779	14	$2.50	2023-03-18 16:00:00	2023-03-18 18:00:00
1000	1780	13	$2.50	2022-08-10 20:00:00	2022-08-10 22:00:00
1001	1781	8	$2.50	2023-11-25 18:00:00	2023-11-25 20:00:00
1002	1782	12	$2.50	2021-07-17 14:00:00	2021-07-17 16:00:00
1003	1783	11	$2.50	2022-06-21 08:00:00	2022-06-21 10:00:00
1004	1784	7	$2.50	2021-03-11 20:00:00	2021-03-11 22:00:00
1005	1785	8	$2.50	2022-07-05 10:00:00	2022-07-05 12:00:00
1006	1786	3	$2.50	2023-10-31 20:00:00	2023-10-31 22:00:00
1007	1787	12	$2.50	2023-02-15 18:00:00	2023-02-15 20:00:00
1008	1788	1	$2.50	2021-08-02 14:00:00	2021-08-02 16:00:00
1009	1789	3	$2.50	2023-09-10 12:00:00	2023-09-10 14:00:00
1010	1790	6	$2.50	2022-03-20 14:00:00	2022-03-20 16:00:00
1011	1791	2	$2.50	2021-03-13 10:00:00	2021-03-13 12:00:00
1012	1792	7	$2.50	2023-06-16 18:00:00	2023-06-16 20:00:00
1013	1793	5	$2.50	2022-12-11 08:00:00	2022-12-11 10:00:00
1014	1794	2	$2.50	2023-07-02 10:00:00	2023-07-02 12:00:00
1015	1795	9	$2.50	2022-01-20 12:00:00	2022-01-20 14:00:00
1016	1796	5	$2.50	2022-03-05 12:00:00	2022-03-05 14:00:00
1017	1797	4	$2.50	2022-04-06 14:00:00	2022-04-06 16:00:00
1018	1798	9	$2.50	2021-06-02 20:00:00	2021-06-02 22:00:00
1019	1799	6	$2.50	2021-12-19 10:00:00	2021-12-19 12:00:00
1020	1800	4	$2.50	2021-10-26 14:00:00	2021-10-26 16:00:00
1021	1801	7	$2.50	2021-10-10 16:00:00	2021-10-10 18:00:00
1022	1802	11	$2.50	2023-01-25 16:00:00	2023-01-25 18:00:00
1023	1803	13	$2.50	2022-02-18 14:00:00	2022-02-18 16:00:00
1024	1804	8	$2.50	2021-08-25 12:00:00	2021-08-25 14:00:00
1025	1805	11	$2.50	2022-09-14 12:00:00	2022-09-14 14:00:00
1026	1806	11	$2.50	2021-05-17 12:00:00	2021-05-17 14:00:00
1027	1807	11	$2.50	2021-02-15 10:00:00	2021-02-15 12:00:00
1028	1808	10	$2.50	2021-02-05 16:00:00	2021-02-05 18:00:00
1029	1809	4	$2.50	2021-09-18 10:00:00	2021-09-18 12:00:00
1030	1810	11	$2.50	2021-08-15 14:00:00	2021-08-15 16:00:00
1031	1811	8	$2.50	2023-01-12 12:00:00	2023-01-12 14:00:00
1032	1812	14	$2.50	2021-03-04 10:00:00	2021-03-04 12:00:00
1033	1813	10	$2.50	2023-08-28 12:00:00	2023-08-28 14:00:00
1034	1814	14	$2.50	2023-02-06 12:00:00	2023-02-06 14:00:00
1035	1815	3	$2.50	2023-10-20 10:00:00	2023-10-20 12:00:00
1036	1816	5	$2.50	2022-04-05 20:00:00	2022-04-05 22:00:00
1037	1817	13	$2.50	2021-10-14 20:00:00	2021-10-14 22:00:00
1038	1818	4	$2.50	2023-03-26 18:00:00	2023-03-26 20:00:00
1039	1819	9	$2.50	2022-02-17 14:00:00	2022-02-17 16:00:00
1040	1820	5	$2.50	2022-10-30 16:00:00	2022-10-30 18:00:00
1041	1821	7	$2.50	2021-06-10 18:00:00	2021-06-10 20:00:00
1042	1822	7	$2.50	2022-01-15 16:00:00	2022-01-15 18:00:00
1043	1823	4	$2.50	2023-10-15 14:00:00	2023-10-15 16:00:00
1044	1824	9	$2.50	2023-02-04 18:00:00	2023-02-04 20:00:00
1045	1825	9	$2.50	2022-12-08 08:00:00	2022-12-08 10:00:00
1046	1826	13	$2.50	2023-10-10 08:00:00	2023-10-10 10:00:00
1047	1827	10	$2.50	2023-08-27 10:00:00	2023-08-27 12:00:00
1048	1828	1	$2.50	2023-04-22 16:00:00	2023-04-22 18:00:00
1049	1829	7	$2.50	2023-02-26 18:00:00	2023-02-26 20:00:00
1050	1830	1	$2.50	2023-04-08 18:00:00	2023-04-08 20:00:00
1051	1831	1	$2.50	2023-11-22 12:00:00	2023-11-22 14:00:00
1052	1832	7	$2.50	2022-07-16 20:00:00	2022-07-16 22:00:00
1053	1833	7	$2.50	2022-07-14 16:00:00	2022-07-14 18:00:00
1054	1834	14	$2.50	2021-02-21 16:00:00	2021-02-21 18:00:00
1055	1835	10	$2.50	2022-07-23 20:00:00	2022-07-23 22:00:00
1056	1836	14	$2.50	2023-10-07 08:00:00	2023-10-07 10:00:00
1057	1837	6	$2.50	2021-09-28 08:00:00	2021-09-28 10:00:00
1058	1838	6	$2.50	2022-05-29 16:00:00	2022-05-29 18:00:00
1059	1839	3	$2.50	2021-01-04 08:00:00	2021-01-04 10:00:00
1060	1840	3	$2.50	2021-05-12 16:00:00	2021-05-12 18:00:00
1061	1841	8	$2.50	2022-01-12 16:00:00	2022-01-12 18:00:00
1062	1842	3	$2.50	2023-05-01 20:00:00	2023-05-01 22:00:00
1063	1843	7	$2.50	2022-09-11 10:00:00	2022-09-11 12:00:00
1064	1844	7	$2.50	2022-09-02 08:00:00	2022-09-02 10:00:00
1065	1845	11	$2.50	2022-12-31 18:00:00	2022-12-31 20:00:00
1066	1846	12	$2.50	2022-07-28 16:00:00	2022-07-28 18:00:00
1067	1847	14	$2.50	2021-03-15 12:00:00	2021-03-15 14:00:00
1068	1848	1	$2.50	2023-08-10 10:00:00	2023-08-10 12:00:00
1069	1849	8	$2.50	2021-07-22 20:00:00	2021-07-22 22:00:00
1070	1850	8	$2.50	2021-07-06 12:00:00	2021-07-06 14:00:00
1071	1851	12	$2.50	2023-06-18 16:00:00	2023-06-18 18:00:00
1072	1852	13	$2.50	2022-12-03 18:00:00	2022-12-03 20:00:00
1073	1853	4	$2.50	2022-10-19 10:00:00	2022-10-19 12:00:00
1074	1854	7	$2.50	2023-11-27 14:00:00	2023-11-27 16:00:00
1075	1855	8	$2.50	2022-12-09 08:00:00	2022-12-09 10:00:00
1076	1856	8	$2.50	2023-06-27 18:00:00	2023-06-27 20:00:00
1077	1857	11	$2.50	2021-06-07 16:00:00	2021-06-07 18:00:00
1078	1858	5	$2.50	2022-05-01 08:00:00	2022-05-01 10:00:00
1079	1859	11	$2.50	2021-04-01 12:00:00	2021-04-01 14:00:00
1080	1860	13	$2.50	2021-08-29 18:00:00	2021-08-29 20:00:00
1081	1861	2	$2.50	2021-02-13 18:00:00	2021-02-13 20:00:00
1082	1862	10	$2.50	2023-07-31 14:00:00	2023-07-31 16:00:00
1083	1863	2	$2.50	2021-04-07 14:00:00	2021-04-07 16:00:00
1084	1864	14	$2.50	2022-06-18 12:00:00	2022-06-18 14:00:00
1085	1865	4	$2.50	2021-08-07 10:00:00	2021-08-07 12:00:00
1086	1866	8	$2.50	2022-07-13 08:00:00	2022-07-13 10:00:00
1087	1867	7	$2.50	2023-10-27 10:00:00	2023-10-27 12:00:00
1088	1868	11	$2.50	2023-03-20 10:00:00	2023-03-20 12:00:00
1089	1869	4	$2.50	2022-02-20 14:00:00	2022-02-20 16:00:00
1090	1870	14	$2.50	2022-04-17 20:00:00	2022-04-17 22:00:00
1091	1871	13	$2.50	2021-02-12 12:00:00	2021-02-12 14:00:00
1092	1872	11	$2.50	2021-06-26 08:00:00	2021-06-26 10:00:00
1093	1873	14	$2.50	2021-01-14 18:00:00	2021-01-14 20:00:00
1094	1874	2	$2.50	2022-05-04 16:00:00	2022-05-04 18:00:00
1095	1875	3	$2.50	2022-10-19 10:00:00	2022-10-19 12:00:00
1096	1876	4	$2.50	2022-02-08 16:00:00	2022-02-08 18:00:00
1097	1877	8	$2.50	2021-04-10 16:00:00	2021-04-10 18:00:00
1098	1878	2	$2.50	2023-06-07 18:00:00	2023-06-07 20:00:00
1099	1879	1	$2.50	2022-10-23 20:00:00	2022-10-23 22:00:00
1100	1880	3	$2.50	2023-04-03 12:00:00	2023-04-03 14:00:00
1101	1881	3	$2.50	2023-01-02 12:00:00	2023-01-02 14:00:00
1102	1882	8	$2.50	2021-04-27 20:00:00	2021-04-27 22:00:00
1103	1883	13	$2.50	2021-05-10 14:00:00	2021-05-10 16:00:00
1104	1884	3	$2.50	2023-01-04 20:00:00	2023-01-04 22:00:00
1105	1885	8	$2.50	2023-02-12 12:00:00	2023-02-12 14:00:00
1106	1886	12	$2.50	2023-03-25 14:00:00	2023-03-25 16:00:00
1107	1887	5	$2.50	2022-10-19 20:00:00	2022-10-19 22:00:00
1108	1888	9	$2.50	2022-07-16 08:00:00	2022-07-16 10:00:00
1109	1889	10	$2.50	2021-03-14 20:00:00	2021-03-14 22:00:00
1110	1890	12	$2.50	2023-01-18 12:00:00	2023-01-18 14:00:00
1111	1891	6	$2.50	2022-08-22 10:00:00	2022-08-22 12:00:00
1112	1892	12	$2.50	2021-12-26 20:00:00	2021-12-26 22:00:00
1113	1893	7	$2.50	2023-09-29 18:00:00	2023-09-29 20:00:00
1114	1894	10	$2.50	2022-06-11 14:00:00	2022-06-11 16:00:00
1115	1895	2	$2.50	2023-08-05 10:00:00	2023-08-05 12:00:00
1116	1896	4	$2.50	2022-05-01 08:00:00	2022-05-01 10:00:00
1117	1897	6	$2.50	2023-01-06 08:00:00	2023-01-06 10:00:00
1118	1898	4	$2.50	2021-11-24 12:00:00	2021-11-24 14:00:00
1119	1899	11	$2.50	2023-08-03 10:00:00	2023-08-03 12:00:00
1120	1900	10	$2.50	2023-05-19 20:00:00	2023-05-19 22:00:00
1121	1901	7	$2.50	2022-05-31 18:00:00	2022-05-31 20:00:00
1122	1902	9	$2.50	2023-01-16 08:00:00	2023-01-16 10:00:00
1123	1903	2	$2.50	2022-09-16 12:00:00	2022-09-16 14:00:00
1124	1904	9	$2.50	2023-11-19 10:00:00	2023-11-19 12:00:00
1125	1905	11	$2.50	2021-12-16 14:00:00	2021-12-16 16:00:00
1126	1906	4	$2.50	2023-10-11 18:00:00	2023-10-11 20:00:00
1127	1907	13	$2.50	2021-09-26 16:00:00	2021-09-26 18:00:00
1128	1908	13	$2.50	2021-09-17 08:00:00	2021-09-17 10:00:00
1129	1909	9	$2.50	2022-08-10 12:00:00	2022-08-10 14:00:00
1130	1910	9	$2.50	2023-11-28 08:00:00	2023-11-28 10:00:00
1131	1911	3	$2.50	2021-04-01 10:00:00	2021-04-01 12:00:00
1132	1912	3	$2.50	2023-07-04 14:00:00	2023-07-04 16:00:00
1133	1913	5	$2.50	2022-10-08 14:00:00	2022-10-08 16:00:00
1134	1914	13	$2.50	2022-03-14 16:00:00	2022-03-14 18:00:00
1135	1915	6	$2.50	2022-05-16 10:00:00	2022-05-16 12:00:00
1136	1916	7	$2.50	2021-08-12 20:00:00	2021-08-12 22:00:00
1137	1917	6	$2.50	2023-09-14 08:00:00	2023-09-14 10:00:00
1138	1918	11	$2.50	2022-03-04 18:00:00	2022-03-04 20:00:00
1139	1919	11	$2.50	2022-07-29 08:00:00	2022-07-29 10:00:00
1140	1920	3	$2.50	2023-11-21 18:00:00	2023-11-21 20:00:00
1141	1921	2	$2.50	2023-10-29 14:00:00	2023-10-29 16:00:00
1142	1922	5	$2.50	2021-10-23 18:00:00	2021-10-23 20:00:00
1143	1923	12	$2.50	2022-02-26 12:00:00	2022-02-26 14:00:00
1144	1924	3	$2.50	2023-10-20 08:00:00	2023-10-20 10:00:00
1145	1925	10	$2.50	2023-09-23 18:00:00	2023-09-23 20:00:00
1146	1926	13	$2.50	2021-03-29 18:00:00	2021-03-29 20:00:00
1147	1927	5	$2.50	2022-01-16 20:00:00	2022-01-16 22:00:00
1148	1928	10	$2.50	2021-08-18 20:00:00	2021-08-18 22:00:00
1149	1929	1	$2.50	2023-03-31 14:00:00	2023-03-31 16:00:00
1150	1930	2	$2.50	2022-05-24 18:00:00	2022-05-24 20:00:00
1151	1931	2	$2.50	2022-07-30 08:00:00	2022-07-30 10:00:00
1152	1932	8	$2.50	2021-12-28 16:00:00	2021-12-28 18:00:00
1153	1933	14	$2.50	2021-12-24 16:00:00	2021-12-24 18:00:00
1154	1934	9	$2.50	2023-07-13 12:00:00	2023-07-13 14:00:00
1155	1935	9	$2.50	2023-05-15 16:00:00	2023-05-15 18:00:00
1156	1936	3	$2.50	2023-02-28 18:00:00	2023-02-28 20:00:00
1157	1937	13	$2.50	2022-09-01 08:00:00	2022-09-01 10:00:00
1158	1938	3	$2.50	2021-07-26 10:00:00	2021-07-26 12:00:00
1159	1939	2	$2.50	2023-04-29 12:00:00	2023-04-29 14:00:00
1160	1940	14	$2.50	2022-02-18 18:00:00	2022-02-18 20:00:00
1161	1941	2	$2.50	2022-03-08 18:00:00	2022-03-08 20:00:00
1162	1942	6	$2.50	2021-12-04 16:00:00	2021-12-04 18:00:00
1163	1943	10	$2.50	2023-07-27 18:00:00	2023-07-27 20:00:00
1164	1944	2	$2.50	2023-06-08 10:00:00	2023-06-08 12:00:00
1165	1945	14	$2.50	2022-07-12 14:00:00	2022-07-12 16:00:00
1166	1946	5	$2.50	2022-01-15 20:00:00	2022-01-15 22:00:00
1167	1947	5	$2.50	2023-06-09 16:00:00	2023-06-09 18:00:00
1168	1948	5	$2.50	2021-07-13 12:00:00	2021-07-13 14:00:00
1169	1949	12	$2.50	2022-08-29 12:00:00	2022-08-29 14:00:00
1170	1950	5	$2.50	2021-02-16 16:00:00	2021-02-16 18:00:00
1171	1951	14	$2.50	2022-01-20 20:00:00	2022-01-20 22:00:00
1172	1952	12	$2.50	2023-07-18 20:00:00	2023-07-18 22:00:00
1173	1953	6	$2.50	2023-03-15 10:00:00	2023-03-15 12:00:00
1174	1954	11	$2.50	2022-08-13 20:00:00	2022-08-13 22:00:00
1175	1955	8	$2.50	2023-11-09 08:00:00	2023-11-09 10:00:00
1176	1956	4	$2.50	2022-02-23 18:00:00	2022-02-23 20:00:00
1177	1957	4	$2.50	2021-11-19 14:00:00	2021-11-19 16:00:00
1178	1958	7	$2.50	2021-09-22 16:00:00	2021-09-22 18:00:00
1179	1959	3	$2.50	2022-05-09 08:00:00	2022-05-09 10:00:00
1180	1960	9	$2.50	2023-02-05 20:00:00	2023-02-05 22:00:00
1181	1961	9	$2.50	2022-05-12 10:00:00	2022-05-12 12:00:00
1182	1962	3	$2.50	2023-04-12 12:00:00	2023-04-12 14:00:00
1183	1963	8	$2.50	2022-05-26 20:00:00	2022-05-26 22:00:00
1184	1964	13	$2.50	2023-10-14 10:00:00	2023-10-14 12:00:00
1185	1965	6	$2.50	2023-07-23 16:00:00	2023-07-23 18:00:00
1186	1966	11	$2.50	2021-12-09 20:00:00	2021-12-09 22:00:00
1187	1967	10	$2.50	2023-11-18 18:00:00	2023-11-18 20:00:00
1188	1968	13	$2.50	2021-06-05 12:00:00	2021-06-05 14:00:00
1189	1969	12	$2.50	2022-04-29 10:00:00	2022-04-29 12:00:00
1190	1970	1	$2.50	2022-08-01 18:00:00	2022-08-01 20:00:00
1191	1971	2	$2.50	2022-02-07 12:00:00	2022-02-07 14:00:00
1192	1972	5	$2.50	2023-10-18 20:00:00	2023-10-18 22:00:00
1193	1973	6	$2.50	2021-04-10 14:00:00	2021-04-10 16:00:00
1194	1974	3	$2.50	2023-04-06 16:00:00	2023-04-06 18:00:00
1195	1975	10	$2.50	2022-04-11 12:00:00	2022-04-11 14:00:00
1196	1976	3	$2.50	2023-09-25 08:00:00	2023-09-25 10:00:00
1197	1977	8	$2.50	2022-11-18 08:00:00	2022-11-18 10:00:00
1198	1978	3	$2.50	2021-08-07 18:00:00	2021-08-07 20:00:00
1199	1979	13	$2.50	2023-09-10 14:00:00	2023-09-10 16:00:00
1200	1980	3	$2.50	2023-10-17 08:00:00	2023-10-17 10:00:00
1201	1981	9	$2.50	2023-07-16 18:00:00	2023-07-16 20:00:00
1202	1982	11	$2.50	2021-02-27 16:00:00	2021-02-27 18:00:00
1203	1983	9	$2.50	2022-05-22 12:00:00	2022-05-22 14:00:00
1204	1984	10	$2.50	2022-05-07 12:00:00	2022-05-07 14:00:00
1205	1985	8	$2.50	2022-01-22 10:00:00	2022-01-22 12:00:00
1206	1986	1	$2.50	2021-02-01 12:00:00	2021-02-01 14:00:00
1207	1987	3	$2.50	2022-12-25 12:00:00	2022-12-25 14:00:00
1208	1988	4	$2.50	2022-04-18 14:00:00	2022-04-18 16:00:00
1209	1989	9	$2.50	2023-06-22 16:00:00	2023-06-22 18:00:00
1210	1990	4	$2.50	2022-05-30 10:00:00	2022-05-30 12:00:00
1211	1991	6	$2.50	2021-08-28 16:00:00	2021-08-28 18:00:00
1212	1992	7	$2.50	2023-03-08 12:00:00	2023-03-08 14:00:00
1213	1993	3	$2.50	2022-06-22 16:00:00	2022-06-22 18:00:00
1214	1994	1	$2.50	2023-02-17 10:00:00	2023-02-17 12:00:00
1215	1995	9	$2.50	2022-05-17 16:00:00	2022-05-17 18:00:00
1216	1996	2	$2.50	2021-08-16 14:00:00	2021-08-16 16:00:00
1217	1997	6	$2.50	2021-02-21 12:00:00	2021-02-21 14:00:00
1218	1998	12	$2.50	2023-09-17 14:00:00	2023-09-17 16:00:00
1219	1999	3	$2.50	2023-06-15 18:00:00	2023-06-15 20:00:00
1220	2000	7	$2.50	2021-09-29 20:00:00	2021-09-29 22:00:00
1221	2501	1	$123.50	2023-12-07 20:00:00	2023-12-07 22:00:00
1223	2502	5	$2.50	2023-12-07 08:00:00	2023-12-07 10:00:00
1224	2503	5	$2.50	2023-12-07 10:00:00	2023-12-07 12:00:00
1225	2504	5	$2.50	2023-12-07 20:00:00	2023-12-07 22:00:00
1226	2505	7	$2.50	2023-12-20 14:00:00	2023-12-20 16:00:00
\.


--
-- Data for Name: room_type; Type: TABLE DATA; Schema: public; Owner: codebras
--

COPY public.room_type (id, room_type_name, base_price) FROM stdin;
1	Single	$2.50
2	Practice	$2.50
3	Deluxe	$2.50
4	Double	$2.50
5	Recording	$2.50
\.


--
-- Data for Name: status; Type: TABLE DATA; Schema: public; Owner: codebras
--

COPY public.status (id, status_name) FROM stdin;
1	Like New
2	Very Good
3	Good
5	New
4	Acceptable
\.


--
-- Name: AspNetRoleClaims_Id_seq; Type: SEQUENCE SET; Schema: public; Owner: codebras
--

SELECT pg_catalog.setval('public."AspNetRoleClaims_Id_seq"', 1, false);


--
-- Name: AspNetUserClaims_Id_seq; Type: SEQUENCE SET; Schema: public; Owner: codebras
--

SELECT pg_catalog.setval('public."AspNetUserClaims_Id_seq"', 1, false);


--
-- Name: brand_id_seq; Type: SEQUENCE SET; Schema: public; Owner: codebras
--

SELECT pg_catalog.setval('public.brand_id_seq', 1, false);


--
-- Name: cart_items_id_seq; Type: SEQUENCE SET; Schema: public; Owner: codebras
--

SELECT pg_catalog.setval('public.cart_items_id_seq', 63, true);


--
-- Name: category_id_seq; Type: SEQUENCE SET; Schema: public; Owner: codebras
--

SELECT pg_catalog.setval('public.category_id_seq', 1, false);


--
-- Name: customer_id_seq; Type: SEQUENCE SET; Schema: public; Owner: codebras
--

SELECT pg_catalog.setval('public.customer_id_seq', 92, true);


--
-- Name: employee_id_seq; Type: SEQUENCE SET; Schema: public; Owner: codebras
--

SELECT pg_catalog.setval('public.employee_id_seq', 1, false);


--
-- Name: item_category_id_seq; Type: SEQUENCE SET; Schema: public; Owner: codebras
--

SELECT pg_catalog.setval('public.item_category_id_seq', 99, true);


--
-- Name: item_id_seq; Type: SEQUENCE SET; Schema: public; Owner: codebras
--

SELECT pg_catalog.setval('public.item_id_seq', 63, true);


--
-- Name: item_image_id_seq; Type: SEQUENCE SET; Schema: public; Owner: codebras
--

SELECT pg_catalog.setval('public.item_image_id_seq', 54, true);


--
-- Name: item_rental_id_seq; Type: SEQUENCE SET; Schema: public; Owner: codebras
--

SELECT pg_catalog.setval('public.item_rental_id_seq', 6528, true);


--
-- Name: item_status_id_seq; Type: SEQUENCE SET; Schema: public; Owner: codebras
--

SELECT pg_catalog.setval('public.item_status_id_seq', 819, true);


--
-- Name: purchase_id_seq; Type: SEQUENCE SET; Schema: public; Owner: codebras
--

SELECT pg_catalog.setval('public.purchase_id_seq', 200320, true);


--
-- Name: purchase_item_id_seq; Type: SEQUENCE SET; Schema: public; Owner: codebras
--

SELECT pg_catalog.setval('public.purchase_item_id_seq', 503445, true);


--
-- Name: rental_id_seq; Type: SEQUENCE SET; Schema: public; Owner: codebras
--

SELECT pg_catalog.setval('public.rental_id_seq', 2505, true);


--
-- Name: review_id_seq; Type: SEQUENCE SET; Schema: public; Owner: codebras
--

SELECT pg_catalog.setval('public.review_id_seq', 781, true);


--
-- Name: room_id_seq; Type: SEQUENCE SET; Schema: public; Owner: codebras
--

SELECT pg_catalog.setval('public.room_id_seq', 1, false);


--
-- Name: room_rental_id_seq; Type: SEQUENCE SET; Schema: public; Owner: codebras
--

SELECT pg_catalog.setval('public.room_rental_id_seq', 1226, true);


--
-- Name: room_type_id_seq; Type: SEQUENCE SET; Schema: public; Owner: codebras
--

SELECT pg_catalog.setval('public.room_type_id_seq', 1, false);


--
-- Name: status_id_seq; Type: SEQUENCE SET; Schema: public; Owner: codebras
--

SELECT pg_catalog.setval('public.status_id_seq', 1, false);


--
-- Name: AspNetRoleClaims PK_AspNetRoleClaims; Type: CONSTRAINT; Schema: public; Owner: codebras
--

ALTER TABLE ONLY public."AspNetRoleClaims"
    ADD CONSTRAINT "PK_AspNetRoleClaims" PRIMARY KEY ("Id");


--
-- Name: AspNetRoles PK_AspNetRoles; Type: CONSTRAINT; Schema: public; Owner: codebras
--

ALTER TABLE ONLY public."AspNetRoles"
    ADD CONSTRAINT "PK_AspNetRoles" PRIMARY KEY ("Id");


--
-- Name: AspNetUserClaims PK_AspNetUserClaims; Type: CONSTRAINT; Schema: public; Owner: codebras
--

ALTER TABLE ONLY public."AspNetUserClaims"
    ADD CONSTRAINT "PK_AspNetUserClaims" PRIMARY KEY ("Id");


--
-- Name: AspNetUserLogins PK_AspNetUserLogins; Type: CONSTRAINT; Schema: public; Owner: codebras
--

ALTER TABLE ONLY public."AspNetUserLogins"
    ADD CONSTRAINT "PK_AspNetUserLogins" PRIMARY KEY ("LoginProvider", "ProviderKey");


--
-- Name: AspNetUserRoles PK_AspNetUserRoles; Type: CONSTRAINT; Schema: public; Owner: codebras
--

ALTER TABLE ONLY public."AspNetUserRoles"
    ADD CONSTRAINT "PK_AspNetUserRoles" PRIMARY KEY ("UserId", "RoleId");


--
-- Name: AspNetUserTokens PK_AspNetUserTokens; Type: CONSTRAINT; Schema: public; Owner: codebras
--

ALTER TABLE ONLY public."AspNetUserTokens"
    ADD CONSTRAINT "PK_AspNetUserTokens" PRIMARY KEY ("UserId", "LoginProvider", "Name");


--
-- Name: AspNetUsers PK_AspNetUsers; Type: CONSTRAINT; Schema: public; Owner: codebras
--

ALTER TABLE ONLY public."AspNetUsers"
    ADD CONSTRAINT "PK_AspNetUsers" PRIMARY KEY ("Id");


--
-- Name: __EFMigrationsHistory PK___EFMigrationsHistory; Type: CONSTRAINT; Schema: public; Owner: codebras
--

ALTER TABLE ONLY public."__EFMigrationsHistory"
    ADD CONSTRAINT "PK___EFMigrationsHistory" PRIMARY KEY ("MigrationId");


--
-- Name: brand brand_pkey; Type: CONSTRAINT; Schema: public; Owner: codebras
--

ALTER TABLE ONLY public.brand
    ADD CONSTRAINT brand_pkey PRIMARY KEY (id);


--
-- Name: cart_items cart_items_inventory_id_key; Type: CONSTRAINT; Schema: public; Owner: codebras
--

ALTER TABLE ONLY public.cart_items
    ADD CONSTRAINT cart_items_inventory_id_key UNIQUE (inventory_id);


--
-- Name: cart_items cart_items_pkey; Type: CONSTRAINT; Schema: public; Owner: codebras
--

ALTER TABLE ONLY public.cart_items
    ADD CONSTRAINT cart_items_pkey PRIMARY KEY (id);


--
-- Name: category category_pkey; Type: CONSTRAINT; Schema: public; Owner: codebras
--

ALTER TABLE ONLY public.category
    ADD CONSTRAINT category_pkey PRIMARY KEY (id);


--
-- Name: customer customer_pkey; Type: CONSTRAINT; Schema: public; Owner: codebras
--

ALTER TABLE ONLY public.customer
    ADD CONSTRAINT customer_pkey PRIMARY KEY (id);


--
-- Name: employee employee_pkey; Type: CONSTRAINT; Schema: public; Owner: codebras
--

ALTER TABLE ONLY public.employee
    ADD CONSTRAINT employee_pkey PRIMARY KEY (id);


--
-- Name: item_category item_category_pkey; Type: CONSTRAINT; Schema: public; Owner: codebras
--

ALTER TABLE ONLY public.item_category
    ADD CONSTRAINT item_category_pkey PRIMARY KEY (id);


--
-- Name: item_image item_image_pkey; Type: CONSTRAINT; Schema: public; Owner: codebras
--

ALTER TABLE ONLY public.item_image
    ADD CONSTRAINT item_image_pkey PRIMARY KEY (id);


--
-- Name: item item_pkey; Type: CONSTRAINT; Schema: public; Owner: codebras
--

ALTER TABLE ONLY public.item
    ADD CONSTRAINT item_pkey PRIMARY KEY (id);


--
-- Name: item_rental item_rental_pkey; Type: CONSTRAINT; Schema: public; Owner: codebras
--

ALTER TABLE ONLY public.item_rental
    ADD CONSTRAINT item_rental_pkey PRIMARY KEY (id);


--
-- Name: inventory item_status_pkey; Type: CONSTRAINT; Schema: public; Owner: codebras
--

ALTER TABLE ONLY public.inventory
    ADD CONSTRAINT item_status_pkey PRIMARY KEY (id);


--
-- Name: purchase_item purchase_item_pkey; Type: CONSTRAINT; Schema: public; Owner: codebras
--

ALTER TABLE ONLY public.purchase_item
    ADD CONSTRAINT purchase_item_pkey PRIMARY KEY (id);


--
-- Name: purchase purchase_pkey; Type: CONSTRAINT; Schema: public; Owner: codebras
--

ALTER TABLE ONLY public.purchase
    ADD CONSTRAINT purchase_pkey PRIMARY KEY (id);


--
-- Name: rental rental_pkey; Type: CONSTRAINT; Schema: public; Owner: codebras
--

ALTER TABLE ONLY public.rental
    ADD CONSTRAINT rental_pkey PRIMARY KEY (id);


--
-- Name: review review_pkey; Type: CONSTRAINT; Schema: public; Owner: codebras
--

ALTER TABLE ONLY public.review
    ADD CONSTRAINT review_pkey PRIMARY KEY (id);


--
-- Name: room room_pkey; Type: CONSTRAINT; Schema: public; Owner: codebras
--

ALTER TABLE ONLY public.room
    ADD CONSTRAINT room_pkey PRIMARY KEY (id);


--
-- Name: room_rental room_rental_pkey; Type: CONSTRAINT; Schema: public; Owner: codebras
--

ALTER TABLE ONLY public.room_rental
    ADD CONSTRAINT room_rental_pkey PRIMARY KEY (id);


--
-- Name: room_type room_type_pkey; Type: CONSTRAINT; Schema: public; Owner: codebras
--

ALTER TABLE ONLY public.room_type
    ADD CONSTRAINT room_type_pkey PRIMARY KEY (id);


--
-- Name: status status_pkey; Type: CONSTRAINT; Schema: public; Owner: codebras
--

ALTER TABLE ONLY public.status
    ADD CONSTRAINT status_pkey PRIMARY KEY (id);


--
-- Name: EmailIndex; Type: INDEX; Schema: public; Owner: codebras
--

CREATE INDEX "EmailIndex" ON public."AspNetUsers" USING btree ("NormalizedEmail");


--
-- Name: IX_AspNetRoleClaims_RoleId; Type: INDEX; Schema: public; Owner: codebras
--

CREATE INDEX "IX_AspNetRoleClaims_RoleId" ON public."AspNetRoleClaims" USING btree ("RoleId");


--
-- Name: IX_AspNetUserClaims_UserId; Type: INDEX; Schema: public; Owner: codebras
--

CREATE INDEX "IX_AspNetUserClaims_UserId" ON public."AspNetUserClaims" USING btree ("UserId");


--
-- Name: IX_AspNetUserLogins_UserId; Type: INDEX; Schema: public; Owner: codebras
--

CREATE INDEX "IX_AspNetUserLogins_UserId" ON public."AspNetUserLogins" USING btree ("UserId");


--
-- Name: IX_AspNetUserRoles_RoleId; Type: INDEX; Schema: public; Owner: codebras
--

CREATE INDEX "IX_AspNetUserRoles_RoleId" ON public."AspNetUserRoles" USING btree ("RoleId");


--
-- Name: IX_employee_manager_id; Type: INDEX; Schema: public; Owner: codebras
--

CREATE INDEX "IX_employee_manager_id" ON public.employee USING btree (manager_id);


--
-- Name: IX_item_brand_id; Type: INDEX; Schema: public; Owner: codebras
--

CREATE INDEX "IX_item_brand_id" ON public.item USING btree (brand_id);


--
-- Name: IX_item_category_category_id; Type: INDEX; Schema: public; Owner: codebras
--

CREATE INDEX "IX_item_category_category_id" ON public.item_category USING btree (category_id);


--
-- Name: IX_item_category_item_id; Type: INDEX; Schema: public; Owner: codebras
--

CREATE INDEX "IX_item_category_item_id" ON public.item_category USING btree (item_id);


--
-- Name: IX_item_image_item_id; Type: INDEX; Schema: public; Owner: codebras
--

CREATE INDEX "IX_item_image_item_id" ON public.item_image USING btree (item_id);


--
-- Name: IX_item_rental_item_id; Type: INDEX; Schema: public; Owner: codebras
--

CREATE INDEX "IX_item_rental_item_id" ON public.item_rental USING btree (inventory_id);


--
-- Name: IX_item_rental_rental_id; Type: INDEX; Schema: public; Owner: codebras
--

CREATE INDEX "IX_item_rental_rental_id" ON public.item_rental USING btree (rental_id);


--
-- Name: IX_item_status_item_id; Type: INDEX; Schema: public; Owner: codebras
--

CREATE INDEX "IX_item_status_item_id" ON public.inventory USING btree (item_id);


--
-- Name: IX_item_status_status_id; Type: INDEX; Schema: public; Owner: codebras
--

CREATE INDEX "IX_item_status_status_id" ON public.inventory USING btree (status_id);


--
-- Name: IX_purchase_customer_id; Type: INDEX; Schema: public; Owner: codebras
--

CREATE INDEX "IX_purchase_customer_id" ON public.purchase USING btree (customer_id);


--
-- Name: IX_purchase_employee_id; Type: INDEX; Schema: public; Owner: codebras
--

CREATE INDEX "IX_purchase_employee_id" ON public.purchase USING btree (employee_id);


--
-- Name: IX_purchase_item_item_id; Type: INDEX; Schema: public; Owner: codebras
--

CREATE INDEX "IX_purchase_item_item_id" ON public.purchase_item USING btree (inventory_id);


--
-- Name: IX_purchase_item_purchase_id; Type: INDEX; Schema: public; Owner: codebras
--

CREATE INDEX "IX_purchase_item_purchase_id" ON public.purchase_item USING btree (purchase_id);


--
-- Name: IX_rental_customer_id; Type: INDEX; Schema: public; Owner: codebras
--

CREATE INDEX "IX_rental_customer_id" ON public.rental USING btree (customer_id);


--
-- Name: IX_rental_employee_id; Type: INDEX; Schema: public; Owner: codebras
--

CREATE INDEX "IX_rental_employee_id" ON public.rental USING btree (employee_id);


--
-- Name: IX_review_customer_id; Type: INDEX; Schema: public; Owner: codebras
--

CREATE INDEX "IX_review_customer_id" ON public.review USING btree (customer_id);


--
-- Name: IX_review_item_id; Type: INDEX; Schema: public; Owner: codebras
--

CREATE INDEX "IX_review_item_id" ON public.review USING btree (item_id);


--
-- Name: IX_room_rental_rental_id; Type: INDEX; Schema: public; Owner: codebras
--

CREATE INDEX "IX_room_rental_rental_id" ON public.room_rental USING btree (rental_id);


--
-- Name: IX_room_rental_room_id; Type: INDEX; Schema: public; Owner: codebras
--

CREATE INDEX "IX_room_rental_room_id" ON public.room_rental USING btree (room_id);


--
-- Name: IX_room_room_type_id; Type: INDEX; Schema: public; Owner: codebras
--

CREATE INDEX "IX_room_room_type_id" ON public.room USING btree (room_type_id);


--
-- Name: RoleNameIndex; Type: INDEX; Schema: public; Owner: codebras
--

CREATE UNIQUE INDEX "RoleNameIndex" ON public."AspNetRoles" USING btree ("NormalizedName");


--
-- Name: UserNameIndex; Type: INDEX; Schema: public; Owner: codebras
--

CREATE UNIQUE INDEX "UserNameIndex" ON public."AspNetUsers" USING btree ("NormalizedUserName");


--
-- Name: AspNetRoleClaims FK_AspNetRoleClaims_AspNetRoles_RoleId; Type: FK CONSTRAINT; Schema: public; Owner: codebras
--

ALTER TABLE ONLY public."AspNetRoleClaims"
    ADD CONSTRAINT "FK_AspNetRoleClaims_AspNetRoles_RoleId" FOREIGN KEY ("RoleId") REFERENCES public."AspNetRoles"("Id") ON DELETE CASCADE;


--
-- Name: AspNetUserClaims FK_AspNetUserClaims_AspNetUsers_UserId; Type: FK CONSTRAINT; Schema: public; Owner: codebras
--

ALTER TABLE ONLY public."AspNetUserClaims"
    ADD CONSTRAINT "FK_AspNetUserClaims_AspNetUsers_UserId" FOREIGN KEY ("UserId") REFERENCES public."AspNetUsers"("Id") ON DELETE CASCADE;


--
-- Name: AspNetUserLogins FK_AspNetUserLogins_AspNetUsers_UserId; Type: FK CONSTRAINT; Schema: public; Owner: codebras
--

ALTER TABLE ONLY public."AspNetUserLogins"
    ADD CONSTRAINT "FK_AspNetUserLogins_AspNetUsers_UserId" FOREIGN KEY ("UserId") REFERENCES public."AspNetUsers"("Id") ON DELETE CASCADE;


--
-- Name: AspNetUserRoles FK_AspNetUserRoles_AspNetRoles_RoleId; Type: FK CONSTRAINT; Schema: public; Owner: codebras
--

ALTER TABLE ONLY public."AspNetUserRoles"
    ADD CONSTRAINT "FK_AspNetUserRoles_AspNetRoles_RoleId" FOREIGN KEY ("RoleId") REFERENCES public."AspNetRoles"("Id") ON DELETE CASCADE;


--
-- Name: AspNetUserRoles FK_AspNetUserRoles_AspNetUsers_UserId; Type: FK CONSTRAINT; Schema: public; Owner: codebras
--

ALTER TABLE ONLY public."AspNetUserRoles"
    ADD CONSTRAINT "FK_AspNetUserRoles_AspNetUsers_UserId" FOREIGN KEY ("UserId") REFERENCES public."AspNetUsers"("Id") ON DELETE CASCADE;


--
-- Name: AspNetUserTokens FK_AspNetUserTokens_AspNetUsers_UserId; Type: FK CONSTRAINT; Schema: public; Owner: codebras
--

ALTER TABLE ONLY public."AspNetUserTokens"
    ADD CONSTRAINT "FK_AspNetUserTokens_AspNetUsers_UserId" FOREIGN KEY ("UserId") REFERENCES public."AspNetUsers"("Id") ON DELETE CASCADE;


--
-- Name: cart_items cart_items_customer_id_fkey; Type: FK CONSTRAINT; Schema: public; Owner: codebras
--

ALTER TABLE ONLY public.cart_items
    ADD CONSTRAINT cart_items_customer_id_fkey FOREIGN KEY (customer_id) REFERENCES public.customer(id);


--
-- Name: cart_items cart_items_inventory_id_fkey; Type: FK CONSTRAINT; Schema: public; Owner: codebras
--

ALTER TABLE ONLY public.cart_items
    ADD CONSTRAINT cart_items_inventory_id_fkey FOREIGN KEY (inventory_id) REFERENCES public.inventory(id);


--
-- Name: employee employee_manager_id_fkey; Type: FK CONSTRAINT; Schema: public; Owner: codebras
--

ALTER TABLE ONLY public.employee
    ADD CONSTRAINT employee_manager_id_fkey FOREIGN KEY (manager_id) REFERENCES public.employee(id);


--
-- Name: item item_brand_id_fkey; Type: FK CONSTRAINT; Schema: public; Owner: codebras
--

ALTER TABLE ONLY public.item
    ADD CONSTRAINT item_brand_id_fkey FOREIGN KEY (brand_id) REFERENCES public.brand(id);


--
-- Name: item_category item_category_category_id_fkey; Type: FK CONSTRAINT; Schema: public; Owner: codebras
--

ALTER TABLE ONLY public.item_category
    ADD CONSTRAINT item_category_category_id_fkey FOREIGN KEY (category_id) REFERENCES public.category(id);


--
-- Name: item_category item_category_item_id_fkey; Type: FK CONSTRAINT; Schema: public; Owner: codebras
--

ALTER TABLE ONLY public.item_category
    ADD CONSTRAINT item_category_item_id_fkey FOREIGN KEY (item_id) REFERENCES public.item(id);


--
-- Name: item_image item_image_item_id_fkey; Type: FK CONSTRAINT; Schema: public; Owner: codebras
--

ALTER TABLE ONLY public.item_image
    ADD CONSTRAINT item_image_item_id_fkey FOREIGN KEY (item_id) REFERENCES public.item(id);


--
-- Name: item_rental item_rental_inventory_id_fkey; Type: FK CONSTRAINT; Schema: public; Owner: codebras
--

ALTER TABLE ONLY public.item_rental
    ADD CONSTRAINT item_rental_inventory_id_fkey FOREIGN KEY (inventory_id) REFERENCES public.inventory(id);


--
-- Name: item_rental item_rental_rental_id_fkey; Type: FK CONSTRAINT; Schema: public; Owner: codebras
--

ALTER TABLE ONLY public.item_rental
    ADD CONSTRAINT item_rental_rental_id_fkey FOREIGN KEY (rental_id) REFERENCES public.rental(id);


--
-- Name: inventory item_status_item_id_fkey; Type: FK CONSTRAINT; Schema: public; Owner: codebras
--

ALTER TABLE ONLY public.inventory
    ADD CONSTRAINT item_status_item_id_fkey FOREIGN KEY (item_id) REFERENCES public.item(id);


--
-- Name: inventory item_status_status_id_fkey; Type: FK CONSTRAINT; Schema: public; Owner: codebras
--

ALTER TABLE ONLY public.inventory
    ADD CONSTRAINT item_status_status_id_fkey FOREIGN KEY (status_id) REFERENCES public.status(id);


--
-- Name: purchase purchase_customer_id_fkey; Type: FK CONSTRAINT; Schema: public; Owner: codebras
--

ALTER TABLE ONLY public.purchase
    ADD CONSTRAINT purchase_customer_id_fkey FOREIGN KEY (customer_id) REFERENCES public.customer(id);


--
-- Name: purchase purchase_employee_id_fkey; Type: FK CONSTRAINT; Schema: public; Owner: codebras
--

ALTER TABLE ONLY public.purchase
    ADD CONSTRAINT purchase_employee_id_fkey FOREIGN KEY (employee_id) REFERENCES public.employee(id);


--
-- Name: purchase_item purchase_item_item_id_fkey; Type: FK CONSTRAINT; Schema: public; Owner: codebras
--

ALTER TABLE ONLY public.purchase_item
    ADD CONSTRAINT purchase_item_item_id_fkey FOREIGN KEY (inventory_id) REFERENCES public.inventory(id);


--
-- Name: purchase_item purchase_item_purchase_id_fkey; Type: FK CONSTRAINT; Schema: public; Owner: codebras
--

ALTER TABLE ONLY public.purchase_item
    ADD CONSTRAINT purchase_item_purchase_id_fkey FOREIGN KEY (purchase_id) REFERENCES public.purchase(id);


--
-- Name: rental rental_customer_id_fkey; Type: FK CONSTRAINT; Schema: public; Owner: codebras
--

ALTER TABLE ONLY public.rental
    ADD CONSTRAINT rental_customer_id_fkey FOREIGN KEY (customer_id) REFERENCES public.customer(id);


--
-- Name: rental rental_employee_id_fkey; Type: FK CONSTRAINT; Schema: public; Owner: codebras
--

ALTER TABLE ONLY public.rental
    ADD CONSTRAINT rental_employee_id_fkey FOREIGN KEY (employee_id) REFERENCES public.employee(id);


--
-- Name: review review_customer_id_fkey; Type: FK CONSTRAINT; Schema: public; Owner: codebras
--

ALTER TABLE ONLY public.review
    ADD CONSTRAINT review_customer_id_fkey FOREIGN KEY (customer_id) REFERENCES public.customer(id);


--
-- Name: review review_item_id_fkey; Type: FK CONSTRAINT; Schema: public; Owner: codebras
--

ALTER TABLE ONLY public.review
    ADD CONSTRAINT review_item_id_fkey FOREIGN KEY (item_id) REFERENCES public.item(id);


--
-- Name: room_rental room_rental_rental_id_fkey; Type: FK CONSTRAINT; Schema: public; Owner: codebras
--

ALTER TABLE ONLY public.room_rental
    ADD CONSTRAINT room_rental_rental_id_fkey FOREIGN KEY (rental_id) REFERENCES public.rental(id);


--
-- Name: room_rental room_rental_room_id_fkey; Type: FK CONSTRAINT; Schema: public; Owner: codebras
--

ALTER TABLE ONLY public.room_rental
    ADD CONSTRAINT room_rental_room_id_fkey FOREIGN KEY (room_id) REFERENCES public.room(id);


--
-- Name: room room_room_type_id_fkey; Type: FK CONSTRAINT; Schema: public; Owner: codebras
--

ALTER TABLE ONLY public.room
    ADD CONSTRAINT room_room_type_id_fkey FOREIGN KEY (room_type_id) REFERENCES public.room_type(id);


--
-- PostgreSQL database dump complete
--

